timestamp,used_memory,used_memory_rss,maxmemory,keyspace_hits,keyspace_misses,ops_per_sec,total_commands_delta,total_num_items_spilled_to_ext_storage,total_num_items_fetched_from_ext_storage,completion_read_ok,dram_value_hits,kbc_fetching_block,num_items_spilling_to_ext_storage,blocked_clients,cpu_user,cpu_sys,valkey_cpu_user,valkey_cpu_sys,valkey_cpu_total,asio_cpu_pct,disk_hit_pct,mem_hit_pct,mem_frag_ratio,disk_read_iops,disk_write_iops,disk_read_mb,disk_write_mb,disk_read_merges_ps,disk_write_merges_ps,disk_r_await_ms,disk_w_await_ms,disk_aqu_sz,disk_util_pct,disk_in_flight,disk_req_sz_kb,throttle_total_throttled,throttle_queued_clients,throttle_current_rate,throttle_allowed_tps,spill_submitted_count,spill_serialized_count,mean_spill_ram,inflight_spill_ram_bytes
1782882350,1799888,6868992,0,0,0,0,0,0,0,0,0,0,0,0,1.0,0.5,0.3,0.0,0.3,0,0.0,0.0,3.91,0,0,0,0,0,0,0,0,0,0,0,0,0,0,0.0000,200000.0,0,0,0,0
1782882351,536825456,634572800,536870912,0,0,769,1235,210,0,0,0,0,0,0,1.4,2.7,1.7,22.8,24.5,20.0,0.0,0.0,1.18,18,921,2.05,102.26,0.0,0.0,0.22,0.33,0.30,5.0,0,113.8,0,0,0.9861,4761.0,853,853,524304,0
1782882352,536825456,632193024,536870912,0,0,0,1,210,0,0,0,0,0,0,0.3,1.6,0.4,0.0,0.4,2.0,0.0,0.0,1.18,0,0,0.00,0.00,0.0,0.0,0.00,0.00,0.00,0.0,0,0.0,0,0,0.0000,200000.0,853,853,524304,0
1782882353,536880360,641835008,536870912,0,0,896,1443,975,556,556,1230,0,1,0,2.7,2.7,2.1,12.0,14.1,60.0,45.2,54.8,1.20,2297,3068,275.91,366.03,0.0,0.0,0.33,0.32,1.73,22.0,0,122.5,0,0,0.9817,5626.7,2284,2283,524304,0
1782882354,535307344,642097152,536870912,0,0,253,1,978,556,556,1230,0,0,0,0.2,1.0,0.1,0.4,0.5,2.0,45.2,54.8,1.20,59,0,7.16,0.00,0.0,0.0,1.25,0.00,0.07,0.0,0,124.3,0,0,0.0098,198052.5,2286,2286,524304,0
1782882355,535834136,642097152,536870912,0,0,317,542,1313,890,890,1768,0,0,1,1.8,1.7,3.3,0.8,4.1,28.0,50.3,49.7,1.20,1393,1370,167.35,163.44,0.0,1.0,0.27,0.31,0.81,15.0,0,122.6,0,0,0.0097,198080.4,2622,2622,524304,0
1782882356,643362624,544616448,536870912,0,0,912,1114,2078,1648,1648,2669,0,129,0,3.1,2.5,4.2,7.9,12.1,63.0,61.7,38.3,1.00,3198,3023,384.27,359.35,0.0,0.0,0.44,0.31,2.35,30.0,0,122.4,0,0,0.9966,2667.6,3943,3815,524304,524304
1782882358,536386784,636456960,536870912,0,0,390,1,2280,1648,1648,2669,0,0,0,0.9,0.8,0.7,0.0,0.7,4.0,61.7,38.3,1.19,379,828,46.81,98.91,0.0,0.0,5.32,0.31,2.27,5.0,0,123.6,0,0,0.9966,2667.6,4237,4237,524304,0
1782882359,536389296,604520448,536870912,0,0,131,260,2493,1859,1859,2925,0,0,1,0.9,1.6,0.4,2.0,2.4,21.0,63.6,36.4,1.13,522,489,62.81,54.20,0.0,0.0,0.47,0.32,0.40,6.5,10,118.4,0,0,0.0000,200000.0,4452,4452,524304,0
1782882360,536389296,572239872,536870912,0,0,721,908,3290,2656,2656,3832,0,0,1,2.7,2.9,1.7,5.9,7.6,58.0,69.3,30.7,1.07,3589,3271,432.68,379.52,0.0,2.0,0.81,0.31,3.92,35.0,0,121.2,0,0,0.0000,200000.0,5249,5249,524304,0
1782882361,536427976,632750080,536870912,0,0,688,702,3948,3103,3103,4320,0,0,0,2.5,1.6,1.5,7.0,8.5,48.0,71.8,28.2,1.18,2276,2602,274.72,308.69,0.0,0.0,2.00,0.31,5.36,26.0,0,122.5,0,0,0.9969,2610.2,6624,6624,524304,0
1782882362,536427976,621170688,536870912,0,0,147,1,3948,3103,3103,4320,0,0,0,0.3,0.9,0.0,0.5,0.5,2.0,71.8,28.2,1.16,86,0,10.62,0.00,0.0,0.0,1.76,0.00,0.15,0.0,0,126.5,0,0,0.9969,2610.2,6624,6624,524304,0
1782882363,535381928,603623424,536870912,0,0,350,568,4467,3618,3618,4884,0,0,1,1.7,1.9,0.1,4.4,4.5,41.0,74.1,25.9,1.13,2137,2105,256.69,250.88,0.0,0.0,0.28,0.31,1.26,25.0,0,122.5,0,0,0.0000,200000.0,7149,7149,524304,0
1782882364,538003984,582479872,536870912,0,0,768,872,5260,4414,4414,5755,0,3,1,2.8,2.6,2.3,4.6,6.9,58.0,76.7,23.3,1.09,3809,3232,459.39,381.33,0.0,0.0,1.73,0.31,7.61,44.0,0,122.3,0,0,0.0000,200000.0,7946,7943,524304,0
1782882366,536457128,631504896,536870912,0,0,662,642,5866,4809,4809,6184,0,0,0,2.0,2.2,0.3,6.8,7.1,22.0,77.8,22.2,1.18,2223,2386,269.62,282.90,0.0,1.0,2.23,0.31,5.69,20.0,0,122.8,0,0,0.9973,2538.2,9151,9151,524304,0
1782882367,536457128,617943040,536870912,0,0,141,1,5866,4809,4809,6184,0,0,0,0.2,0.9,0.1,0.4,0.5,5.0,77.8,22.2,1.15,253,0,31.27,0.00,0.0,0.0,7.37,0.00,1.87,0.5,0,126.3,0,0,0.9973,2538.2,9151,9151,524304,0
1782882368,536459376,605478912,536870912,0,0,344,573,6395,5337,5337,6753,0,1,0,1.4,2.1,1.9,2.7,4.6,43.0,79.0,21.0,1.13,2970,2160,360.01,258.05,0.0,0.0,2.39,0.31,7.77,28.0,3,123.4,0,0,0.0000,200000.0,9681,9680,524304,0
1782882369,535410640,575066112,536870912,0,0,732,840,7181,6121,6121,7592,0,0,0,2.7,3.1,1.5,5.2,6.7,60.0,80.6,19.4,1.07,4281,3150,518.57,376.55,0.0,0.0,1.98,0.31,9.45,47.0,0,123.3,0,0,0.0000,200000.0,10466,10466,524304,0
1782882370,536486976,636379136,536870912,0,0,794,880,8021,6753,6753,8260,0,0,0,3.0,2.6,3.4,6.4,9.8,60.0,81.8,18.2,1.09,3359,3327,406.69,394.24,0.0,1.0,2.09,0.31,8.06,30.0,0,122.7,0,0,0.9927,3450.5,11929,11929,524304,0
1782882371,536486976,636379136,536870912,0,0,242,1,8021,6753,6753,8260,0,0,0,0.5,0.6,0.5,0.0,0.5,4.0,81.8,18.2,1.19,458,0,56.98,0.00,0.0,0.0,7.00,0.00,3.21,2.0,0,127.4,0,0,0.9927,3450.5,11929,11929,524304,0
1782882372,536489224,609140736,536870912,0,0,197,356,8340,7071,7071,8612,0,1,0,1.5,1.8,2.1,1.0,3.1,27.0,82.1,17.9,1.14,1377,1328,165.45,158.65,0.0,0.0,0.32,0.31,0.86,12.0,4,122.7,0,0,0.0000,200000.0,12249,12248,524304,0
1782882373,535440928,609669120,536870912,0,0,699,835,9130,7858,7858,9446,0,0,1,2.5,2.6,0.1,6.6,6.7,60.0,83.2,16.8,1.13,3832,3143,462.68,375.59,0.0,0.0,2.01,0.31,8.69,44.0,2,123.1,0,0,0.0000,200000.0,13038,13038,524304,0
1782882375,536489488,581419008,536870912,0,0,726,811,9902,8632,8632,10256,0,0,1,2.5,2.9,1.5,5.4,6.9,29.0,84.2,15.8,1.09,2434,1523,296.15,182.06,0.0,0.0,2.54,0.31,6.66,27.0,127,123.7,0,0,0.0000,200000.0,13820,13820,524304,0
1782882376,536516904,640393216,536870912,0,0,557,505,10391,8910,8910,10547,0,0,0,1.8,2.0,0.5,5.9,6.4,39.0,84.5,15.5,1.19,2402,1969,293.46,234.16,0.0,1.0,3.12,0.31,8.11,23.0,0,123.6,0,0,0.0000,200000.0,14914,14914,524304,0
1782882377,536516904,619790336,536870912,0,0,0,1,10391,8910,8910,10547,0,0,0,0.3,1.0,0.5,0.0,0.5,3.0,84.5,15.5,1.16,76,0,9.00,0.00,0.0,0.0,2.12,0.00,0.16,0.0,0,121.3,0,0,0.0000,200000.0,14914,14914,524304,0
1782882378,536519152,597975040,536870912,0,0,419,682,11041,9559,9559,11225,0,1,0,2.2,2.0,2.6,2.9,5.5,52.0,85.2,14.8,1.11,3208,2647,387.59,316.34,0.0,0.0,1.72,0.31,6.34,28.0,4,123.1,0,0,0.0000,200000.0,15570,15569,524304,0
1782882379,537567728,580444160,536870912,0,0,712,820,11818,10336,10336,12044,0,1,0,3.0,2.2,1.6,4.9,6.5,59.0,85.8,14.2,1.08,4302,3138,521.74,370.34,0.0,0.0,2.25,0.31,10.65,44.0,0,122.8,0,0,0.0000,200000.0,16348,16347,524304,0
1782882380,535470992,562913280,536870912,0,0,714,806,12594,11107,11107,12848,0,0,1,2.3,3.0,1.5,5.2,6.7,57.0,86.4,13.6,1.05,4314,3095,522.72,369.40,0.0,1.0,1.91,0.31,9.21,42.0,1,123.3,0,0,0.0000,200000.0,17123,17123,524304,0
1782882381,536547232,636575744,536870912,0,0,476,411,12998,11303,11303,13046,0,0,0,1.9,1.8,1.0,5.0,6.0,35.0,86.6,13.4,1.19,1878,1583,230.24,189.23,0.0,0.0,4.20,0.31,8.39,17.0,0,124.1,0,0,0.9835,5273.9,18350,18350,524304,0
1782882383,536547232,623591424,536870912,0,0,0,1,12998,11303,11303,13046,0,0,0,0.2,0.9,0.5,0.0,0.5,2.5,86.6,13.4,1.16,182,0,22.69,0.00,0.0,0.0,7.93,0.00,1.45,0.5,0,127.3,0,0,0.0000,200000.0,18350,18350,524304,0
1782882384,536025464,609071104,536870912,0,0,466,776,13740,12042,12042,13818,0,0,1,2.1,2.4,0.9,5.4,6.3,60.0,87.1,12.9,1.14,4408,2972,535.54,355.04,0.0,0.0,2.75,0.31,13.06,41.0,0,123.6,0,0,0.0000,200000.0,19092,19092,524304,0
1782882385,535501184,592785408,536870912,0,0,689,787,14490,12791,12791,14604,0,0,1,2.6,2.5,1.6,5.1,6.7,59.0,87.6,12.4,1.11,4377,3025,531.22,361.27,0.0,1.0,3.07,0.31,14.39,48.0,0,123.5,0,0,0.0000,200000.0,19846,19846,524304,0
1782882386,536549480,573521920,536870912,0,0,675,774,15233,13537,13537,15377,0,1,0,2.4,2.3,1.5,4.8,6.3,63.0,88.0,12.0,1.07,4365,2984,530.02,356.48,0.0,0.0,2.19,0.39,10.70,38.0,1,123.5,0,0,0.0000,200000.0,20590,20589,524304,0
1782882387,536577648,597741568,536870912,0,0,580,592,15807,13902,13902,15758,0,0,0,1.8,2.7,1.3,5.9,7.2,48.0,88.2,11.8,1.11,2871,2304,351.07,268.07,0.0,0.0,3.28,0.32,10.16,25.0,0,122.5,0,0,0.9935,3283.0,21896,21896,524304,0
1782882388,536577648,584241152,536870912,0,0,0,1,15807,13902,13902,15758,0,0,0,0.3,1.3,0.1,0.4,0.5,3.0,88.2,11.8,1.09,138,0,16.58,0.00,0.0,0.0,2.81,0.00,0.39,0.0,0,123.0,0,0,0.9935,3283.0,21896,21896,524304,0
1782882389,536055880,570552320,536870912,0,0,334,563,16350,14442,14442,16317,0,0,1,2.0,1.8,1.1,3.5,4.6,49.0,88.5,11.5,1.06,2342,2223,281.87,265.69,0.0,0.0,0.56,0.31,2.02,30.0,4,122.8,0,0,0.0000,200000.0,22441,22441,524304,0
1782882391,536055440,563015680,536870912,0,0,660,745,17062,15155,15155,17061,0,0,0,2.1,2.9,1.5,4.7,6.2,31.5,88.8,11.2,1.05,2141,1419,259.91,169.41,0.0,0.5,2.35,0.31,5.46,24.5,0,123.5,0,0,0.0069,198638.3,23153,23153,524304,0
1782882392,537628472,555966464,536870912,0,0,652,722,17759,15853,15853,17782,0,1,0,2.4,2.4,0.4,5.9,6.3,62.0,89.2,10.8,1.03,4183,2796,508.81,334.03,0.0,0.0,2.03,0.31,9.35,43.0,0,123.7,0,0,0.0000,200000.0,23851,23850,524304,0
1782882393,536580160,733884416,536870912,0,0,628,679,18415,16508,16508,18460,0,0,1,2.0,3.1,1.5,4.6,6.1,66.0,89.4,10.6,1.37,5484,2626,670.74,313.95,0.0,0.0,4.05,0.36,23.15,51.0,4,124.3,0,0,0.0000,200000.0,24535,24535,524304,0
1782882394,536608472,632426496,536870912,0,0,467,434,18842,16724,16724,18680,0,0,0,1.7,2.6,0.0,6.4,6.4,37.0,89.5,10.5,1.18,1945,1719,238.44,197.82,0.0,0.0,3.66,0.34,7.70,20.0,0,121.9,0,0,0.9889,4193.5,25607,25607,524304,0
1782882395,536608472,623927296,536870912,0,0,0,1,18842,16724,16724,18680,0,0,0,0.3,1.4,0.1,0.4,0.5,3.0,89.5,10.5,1.16,112,0,13.66,0.00,0.0,0.0,3.09,0.00,0.35,1.0,0,124.9,0,0,0.9889,4193.5,25607,25607,524304,0
1782882396,535562424,613457920,536870912,0,0,381,647,19469,17347,17347,19323,0,0,1,2.5,2.5,1.8,3.6,5.4,61.0,89.8,10.2,1.14,3765,2534,457.57,302.50,0.0,1.0,2.07,0.31,8.58,38.0,4,123.6,0,0,0.0000,200000.0,26237,26237,524304,0
1782882397,536086264,598364160,536870912,0,0,611,693,20140,18020,18020,20015,0,0,0,2.4,2.9,2.6,3.4,6.0,65.0,90.0,10.0,1.12,4917,2698,600.22,322.55,0.0,0.0,3.05,0.32,15.85,45.0,0,124.1,0,0,0.0072,198581.4,26916,26916,524304,0
1782882399,536086264,579248128,536870912,0,0,639,717,20840,18720,18720,20731,0,0,0,2.0,3.5,0.7,5.3,6.0,31.0,90.3,9.7,1.08,4227,2808,513.88,335.46,0.0,0.0,2.31,0.31,10.66,42.0,0,123.6,0,0,0.0000,200000.0,27618,27618,524304,0
1782882400,535561984,554233856,536870912,0,0,638,715,21539,19418,19418,21445,0,0,0,2.7,2.1,3.2,2.9,6.1,62.0,90.5,9.5,1.03,2194,1399,267.05,167.02,0.0,0.0,2.22,0.31,5.31,20.5,0,123.7,0,0,0.0000,200000.0,28317,28317,524304,0
1782882401,536639416,634810368,536870912,0,0,593,583,22106,19776,19776,21815,0,0,0,2.0,3.3,0.0,7.4,7.4,55.0,90.7,9.3,1.18,4328,2287,532.96,265.22,0.0,1.0,4.88,0.32,21.83,39.0,0,123.6,0,0,0.9990,2202.0,29518,29518,524304,0
1782882402,536639416,624852992,536870912,0,0,37,1,22106,19776,19776,21815,0,0,0,0.2,1.2,0.0,0.5,0.5,3.0,90.7,9.3,1.16,118,0,14.47,0.00,1.0,0.0,2.70,0.00,0.32,1.0,0,125.6,0,0,0.9990,2202.0,29518,29518,524304,0
1782882403,537690240,617295872,536870912,0,0,273,480,22568,20237,20237,22291,0,1,0,1.8,2.0,0.2,4.0,4.2,48.0,90.8,9.2,1.15,2857,1908,347.40,227.93,0.0,0.0,2.56,0.32,7.92,26.0,0,123.6,0,0,0.0000,200000.0,30012,30011,524304,0
1782882404,536117648,606621696,536870912,0,0,605,682,23239,20906,20906,22972,0,0,1,2.4,2.8,1.8,4.1,5.9,64.0,91.0,9.0,1.13,5286,2664,646.00,318.26,0.0,0.0,2.91,0.31,16.23,46.0,4,124.2,0,0,0.0000,200000.0,30692,30692,524304,0
1782882405,535593368,586977280,536870912,0,0,622,730,23950,21616,21616,23701,0,0,1,2.3,3.2,0.6,5.6,6.2,63.0,91.2,8.8,1.09,4345,2846,528.56,339.77,0.0,1.0,2.31,0.31,10.90,40.0,0,123.7,0,0,0.0000,200000.0,31403,31403,524304,0
1782882407,538215424,572313600,536870912,0,0,639,723,24652,22321,22321,24423,0,3,1,2.1,2.8,1.8,4.1,5.9,31.5,91.4,8.6,1.07,4473,2820,543.96,336.89,0.0,0.0,2.35,0.31,11.38,46.0,0,123.7,0,0,0.0000,200000.0,32108,32105,524304,0
1782882408,535592928,555753472,536870912,0,0,638,708,25341,23008,23008,25130,0,0,0,2.7,2.8,1.5,4.3,5.8,62.0,91.6,8.4,1.04,2179,1367,265.00,163.43,0.0,0.0,2.43,0.31,5.72,24.0,0,123.7,0,0,0.0000,200000.0,32794,32794,524304,0
1782882409,536670280,640425984,536870912,0,0,350,243,25580,23040,23040,25162,0,0,0,1.4,1.9,0.6,4.3,4.9,30.0,91.6,8.4,1.19,1873,922,233.35,110.38,0.0,0.0,5.61,0.32,10.80,16.0,105,125.9,0,0,0.9993,2144.8,34003,34003,524304,0
1782882410,536148624,637898752,536870912,0,0,42,115,25691,23148,23148,25273,0,0,1,0.7,1.7,0.1,1.3,1.4,16.0,91.6,8.4,1.19,995,480,121.42,57.34,0.0,0.0,4.28,0.33,4.41,10.0,0,124.1,0,0,0.0077,198467.5,34115,34115,524304,0
1782882411,536148512,623026176,536870912,0,0,467,644,26320,23777,23777,25916,0,0,1,2.0,3.4,0.9,4.6,5.5,66.0,91.7,8.3,1.16,5319,2534,651.21,302.50,0.0,1.0,4.27,0.31,23.51,55.0,0,124.4,0,0,0.0000,200000.0,34744,34744,524304,0
1782882412,537197376,616361984,536870912,0,0,593,724,27022,24479,24479,26639,0,1,1,2.6,2.8,2.4,3.9,6.3,62.0,91.9,8.1,1.15,4383,2802,533.21,334.50,0.0,0.0,2.38,0.31,11.30,53.0,0,123.7,0,0,0.0077,198467.5,35447,35446,524304,0
1782882413,535623792,585125888,536870912,0,0,614,711,27714,25171,25171,27349,0,0,0,2.6,2.6,1.3,5.0,6.3,64.0,92.0,8.0,1.09,4534,2748,552.49,328.29,0.0,0.0,2.28,0.31,11.18,49.0,0,123.9,0,0,0.0000,200000.0,36138,36138,524304,0
1782882415,536672528,574545920,536870912,0,0,639,714,28412,25871,25871,28062,0,1,0,2.5,2.9,0.0,6.0,6.0,31.0,92.2,7.8,1.07,4448,2814,541.12,335.94,0.0,0.0,2.57,0.31,12.29,43.0,0,123.7,0,0,0.0000,200000.0,36837,36836,524304,0
1782882416,643657304,640806912,536870912,0,0,755,870,29062,26512,26512,28719,0,16,0,3.1,3.2,1.8,7.5,9.3,71.0,92.3,7.7,1.00,2131,1345,259.84,160.09,0.0,0.5,2.61,0.31,5.98,21.0,0,123.7,0,0,0.9898,4022.2,38093,38077,524304,0
1782882417,536720296,640806912,536870912,0,0,321,1,29264,26512,26512,28719,0,0,0,0.5,1.6,0.6,0.0,0.6,10.0,92.3,7.7,1.19,1607,741,199.83,81.71,0.0,0.0,6.05,0.33,9.97,11.0,0,122.8,0,0,0.9898,4022.2,38308,38308,524304,0
1782882418,537771296,640884736,536870912,0,0,136,234,29490,26737,26737,28949,0,2,0,0.8,1.8,0.4,1.9,2.3,22.0,92.4,7.6,1.19,1535,959,187.13,114.68,0.0,0.0,2.37,0.31,3.93,13.0,0,123.9,0,0,0.0000,200000.0,38538,38536,524304,0
1782882419,536198528,602972160,536870912,0,0,556,720,30196,27441,27441,29668,0,0,1,1.9,3.3,4.4,1.8,6.2,64.0,92.5,7.5,1.12,6518,2788,798.75,333.07,0.0,0.0,3.19,0.31,21.68,49.0,0,124.5,0,0,0.0000,200000.0,39242,39242,524304,0
1782882420,536722544,588730368,536870912,0,0,565,697,30874,28121,28121,30364,0,1,0,2.9,2.7,2.3,3.6,5.9,63.0,92.6,7.4,1.10,4261,2731,518.35,325.91,0.0,1.0,2.74,0.31,12.52,51.0,4,123.6,0,0,0.0000,200000.0,39921,39920,524304,0
1782882421,535674248,577142784,536870912,0,0,593,704,31558,28802,28802,31067,0,0,1,2.4,2.9,0.7,5.1,5.8,63.0,92.7,7.3,1.07,4538,2737,552.83,326.86,0.0,0.0,2.44,0.31,11.92,46.0,0,123.8,0,0,0.0082,198375.8,40604,40604,524304,0
1782882423,536722744,581398528,536870912,0,0,609,711,32248,29494,29494,31777,0,1,0,2.6,3.2,1.0,4.9,5.9,32.0,92.8,7.2,1.09,4460,2764,542.57,329.73,0.0,0.0,2.93,0.31,13.92,51.0,4,123.6,0,0,0.0000,200000.0,41295,41294,524304,0
1782882424,614888384,574439424,536870912,0,0,698,869,32941,30178,30178,32488,0,149,0,2.4,3.0,3.6,4.6,8.2,68.0,92.9,7.1,0.99,2222,1355,270.54,161.99,0.0,0.0,2.31,0.31,5.55,23.5,0,123.8,0,0,0.7118,59072.0,42314,42166,524304,524304
1782882425,536749960,565788672,536870912,0,0,341,56,33142,30178,30178,32488,0,0,0,1.1,1.5,1.6,0.3,1.9,16.0,92.9,7.1,1.05,1951,893,242.75,98.91,0.0,0.0,5.83,0.33,11.66,11.0,122,123.0,0,0,0.9951,2965.3,42796,42796,524304,0
1782882426,536228192,556859392,536870912,0,0,68,173,33311,30344,30344,32657,0,0,1,0.9,1.3,1.8,0.0,1.8,21.0,92.9,7.1,1.04,1062,709,129.09,84.59,0.0,1.0,1.76,0.32,2.10,8.0,0,123.5,0,0,0.0000,200000.0,42975,42975,524304,0
1782882427,536228192,551206912,536870912,0,0,502,655,33954,30987,30987,33311,0,0,1,2.1,3.3,0.5,4.9,5.4,66.0,93.0,7.0,1.03,6020,2584,738.21,308.70,0.0,0.0,3.69,0.31,23.04,60.0,0,124.6,0,0,0.0000,200000.0,43619,43619,524304,0
1782882428,535703912,543145984,536870912,0,0,569,715,34655,31687,31687,34025,0,0,1,2.2,3.6,2.5,3.4,5.9,63.0,93.1,6.9,1.01,4413,2789,536.55,333.34,0.0,0.0,2.28,0.31,10.92,61.0,10,123.7,0,0,0.0085,198320.5,44321,44321,524304,0
1782882429,536752672,540626944,536870912,0,0,605,717,35348,32381,32381,34741,0,1,1,2.5,3.1,1.5,4.5,6.0,66.0,93.2,6.8,1.01,4708,2789,573.21,333.27,0.0,0.0,2.41,0.31,12.21,45.0,0,123.8,0,0,0.0000,200000.0,45025,45024,524304,0
1782882431,537277056,540626944,536870912,0,0,625,700,36035,33068,33068,35440,0,1,1,2.8,2.3,1.4,4.4,5.8,31.5,93.3,6.7,1.01,4474,2732,544.52,326.30,0.0,0.0,2.24,0.31,10.88,43.0,9,123.7,0,0,0.0000,200000.0,45713,45712,524304,0
1782882432,536752232,536760320,536870912,0,0,646,722,36723,33756,33756,36160,0,1,0,2.7,2.6,0.0,6.0,6.0,65.0,93.4,6.6,1.00,2291,1386,278.45,165.39,0.5,0.5,2.54,0.31,6.25,20.0,0,123.6,0,0,0.0000,200000.0,46401,46400,524304,0
1782882433,536779896,634920960,536870912,0,0,565,520,37230,34053,34053,36468,0,0,0,2.4,2.5,0.6,6.5,7.1,48.0,93.4,6.6,1.18,2935,1979,359.54,236.54,0.0,0.0,3.56,0.31,11.07,28.0,0,124.2,0,0,0.9856,4844.5,47543,47543,524304,0
1782882434,536779896,635039744,536870912,0,0,0,1,37230,34053,34053,36468,0,0,0,0.4,1.4,0.5,0.0,0.5,5.0,93.4,6.6,1.18,1495,0,186.22,0.00,0.0,0.0,6.11,0.00,9.13,7.0,0,127.6,0,0,0.0000,200000.0,47543,47543,524304,0
1782882435,537830896,634142720,536870912,0,0,286,509,37724,34546,34546,36973,0,2,0,2.3,1.6,1.5,2.8,4.3,51.0,93.4,6.6,1.18,3743,2015,457.44,240.84,0.0,0.0,3.49,0.31,13.68,33.0,12,124.2,0,0,0.0000,200000.0,48039,48037,524304,0
1782882436,536782144,622469120,536870912,0,0,601,697,38403,35225,35225,37669,0,1,0,2.5,2.8,1.2,4.9,6.1,65.0,93.5,6.5,1.16,5433,2726,664.68,325.44,0.0,1.0,3.35,0.31,19.02,52.0,3,124.3,0,0,0.0000,200000.0,48717,48716,524304,0
1782882437,538355904,624082944,536870912,0,0,590,712,39097,35919,35919,38380,0,3,1,2.0,2.7,0.4,5.5,5.9,63.0,93.6,6.4,1.16,4496,2760,546.69,329.73,0.0,0.0,2.33,0.31,11.33,44.0,12,123.7,0,0,0.0000,200000.0,49413,49410,524304,0
1782882439,537831448,572801024,536870912,0,0,602,711,39796,36617,36617,39090,0,2,1,2.7,2.7,2.7,3.8,6.5,32.0,93.7,6.3,1.07,4719,2796,574.32,334.03,0.0,0.0,2.49,0.31,12.64,54.0,12,123.8,0,0,0.0000,200000.0,50111,50110,524304,524304
1782882440,535733848,562724864,536870912,0,0,636,703,40483,37302,37302,39792,0,0,1,2.3,3.0,0.9,4.8,5.7,63.0,93.7,6.3,1.05,2286,1374,278.29,164.15,0.0,0.0,2.70,0.31,6.60,20.5,0,123.8,0,0,0.0000,200000.0,50796,50796,524304,0
1782882441,536257688,565174272,536870912,0,0,628,697,41162,37983,37983,40488,0,0,0,1.9,3.1,0.9,4.9,5.8,65.0,93.8,6.2,1.05,4525,2713,551.34,324.00,0.0,1.0,2.43,0.31,11.84,45.0,0,123.8,0,0,0.0000,200000.0,51475,51475,524304,0
1782882442,536809560,714461184,536870912,0,0,469,385,41539,38150,38150,40660,0,0,0,1.7,2.1,2.0,3.7,5.7,39.0,93.8,6.2,1.33,3690,1474,456.37,176.32,0.0,0.0,5.22,0.32,19.73,29.0,0,125.5,0,0,0.9957,2855.4,52464,52464,524304,0
1782882443,536809560,611328000,536870912,0,0,0,1,41539,38150,38150,40660,0,0,0,0.3,0.9,0.1,0.4,0.5,3.0,93.8,6.2,1.14,138,0,16.96,0.00,0.0,0.0,3.13,0.00,0.43,1.0,0,125.9,0,0,0.9957,2855.4,52464,52464,524304,0
1782882444,538385568,600870912,536870912,0,0,365,629,42156,38766,38766,41285,0,3,1,2.0,2.6,1.8,3.4,5.2,62.0,93.9,6.1,1.12,4569,2499,558.24,298.66,0.0,0.0,3.21,0.31,15.47,44.0,0,124.1,0,0,0.0000,200000.0,53084,53081,524304,0
1782882445,535763072,593874944,536870912,0,0,575,677,42813,39421,39421,41961,0,0,0,2.7,2.7,2.5,3.2,5.7,65.0,93.9,6.1,1.11,5097,2616,622.43,312.52,0.0,0.0,3.35,0.31,17.89,48.0,2,124.1,0,0,0.0090,198210.6,53738,53738,524304,0
1782882447,537860560,573874176,536870912,0,0,615,713,43505,40115,40115,42673,0,2,0,2.8,3.2,1.8,4.1,5.9,31.5,94.0,6.0,1.07,4558,2791,554.47,333.09,0.0,1.0,2.49,0.31,12.22,48.0,0,123.7,0,0,0.0000,200000.0,54432,54430,524304,0
1782882448,536287352,564502528,536870912,0,0,623,696,44187,40796,40796,43368,0,0,0,2.1,3.3,0.8,5.4,6.2,63.0,94.1,5.9,1.05,2293,1360,279.14,162.47,0.0,0.0,2.69,0.31,6.59,22.0,0,123.8,0,0,0.0090,198210.6,55112,55112,524304,0
1782882449,536811808,552296448,536870912,0,0,632,714,44883,41493,41493,44081,0,1,0,2.4,2.3,1.7,4.2,5.9,65.0,94.1,5.9,1.03,4676,2782,568.98,332.11,0.0,0.0,2.71,0.31,13.52,38.0,4,123.7,0,0,0.0090,198210.6,55809,55808,524304,0
1782882450,536287792,637431808,536870912,0,0,601,644,45510,42118,42118,44724,0,0,1,2.4,3.1,4.1,1.5,5.6,66.0,94.2,5.8,1.19,6256,2513,767.24,300.22,0.0,0.0,4.18,0.31,26.92,49.0,11,124.7,0,0,0.0090,198210.6,56435,56435,524304,0
1782882451,536839280,640458752,536870912,0,0,529,552,46054,42454,42454,45064,0,0,0,2.4,2.5,1.6,5.7,7.3,50.0,94.2,5.8,1.19,3233,2134,396.71,255.05,1.0,1.0,4.30,0.32,14.58,23.0,0,124.4,0,0,0.9960,2800.6,57610,57610,524304,0
1782882452,536839280,636252160,536870912,0,0,0,1,46054,42454,42454,45064,0,0,0,0.5,0.8,0.5,0.0,0.5,3.0,94.2,5.8,1.19,134,0,16.73,0.00,0.0,0.0,3.71,0.00,0.50,1.0,0,127.9,0,0,0.9960,2800.6,57610,57610,524304,0
1782882453,536317512,623808512,536870912,0,0,323,559,46603,43000,43000,45619,0,0,1,2.0,2.7,1.7,3.2,4.9,53.0,94.3,5.7,1.16,3085,2208,374.31,263.78,0.0,0.0,1.96,0.32,6.78,41.0,4,123.4,0,0,0.0093,198155.8,58159,58159,524304,0
1782882455,536841792,617230336,536870912,0,0,590,647,47237,43635,43635,46265,0,0,1,2.0,3.5,2.0,3.7,5.7,34.0,94.3,5.7,1.15,5950,2568,728.97,306.79,0.0,0.0,3.87,0.33,23.89,50.0,0,124.5,0,0,0.0000,200000.0,58793,58793,524304,0
1782882456,535793232,583524352,536870912,0,0,626,710,47934,44330,44330,46974,0,0,1,2.5,3.0,1.1,5.3,6.4,62.0,94.4,5.6,1.09,2241,1386,272.53,165.58,0.0,0.0,2.31,0.33,5.64,29.0,0,123.7,0,0,0.0000,200000.0,59490,59490,524304,0
1782882457,537890560,586539008,536870912,0,0,617,687,48609,45007,45007,47660,0,1,1,2.1,3.0,0.4,5.4,5.8,65.0,94.4,5.6,1.09,4767,2699,581.28,322.55,0.0,0.0,2.56,0.32,13.06,46.0,0,124.0,0,0,0.0000,200000.0,60166,60165,524304,0
1782882458,536841792,564989952,536870912,0,0,588,643,49241,45639,45639,48302,0,0,1,2.5,3.2,1.9,3.5,5.4,67.0,94.5,5.5,1.05,6308,2545,772.86,303.93,0.0,1.0,3.84,0.32,25.01,51.0,2,124.5,0,0,0.0000,200000.0,60797,60797,524304,0
1782882459,536841528,552484864,536870912,0,0,586,703,49928,46327,46327,49004,0,1,0,2.2,2.2,2.0,4.0,6.0,64.0,94.5,5.5,1.03,4654,2745,567.34,327.81,1.0,0.0,2.62,0.31,13.07,41.0,0,123.9,0,0,0.0000,200000.0,61485,61484,524304,0
1782882460,625500040,540393472,536870912,0,0,589,854,50602,46992,46992,49679,0,171,0,2.7,3.2,1.2,7.8,9.0,68.0,94.6,5.4,1.01,4530,2628,551.49,313.96,0.0,0.0,2.95,0.31,14.17,44.0,0,123.8,0,0,0.8252,36602.9,62571,62401,524304,524304
1782882461,536869064,632528896,536870912,0,0,278,34,50803,46992,46992,49679,0,0,0,1.1,1.4,0.1,1.5,1.6,14.0,94.6,5.4,1.18,1440,827,179.36,98.91,0.0,0.0,5.38,0.32,8.01,8.0,0,125.7,0,0,0.0000,200000.0,63006,63006,524304,0
1782882463,536871688,635019264,536870912,0,0,90,201,50996,47183,47183,49876,0,0,1,0.4,1.6,0.3,1.9,2.2,10.5,94.6,5.4,1.19,944,821,113.79,97.91,0.0,1.0,0.78,0.31,0.99,10.0,2,122.8,0,0,0.0000,200000.0,63199,63199,524304,0
1782882464,537395888,631427072,536870912,0,0,553,704,51691,47877,47877,50579,0,0,1,2.0,3.4,2.9,3.4,6.3,66.0,94.7,5.3,1.18,2360,1386,287.66,165.61,0.0,0.0,5.60,0.31,13.66,20.5,4,123.9,0,0,0.0000,200000.0,63904,63904,524304,0
1782882465,536871688,621350912,536870912,0,0,622,685,52361,48548,48548,51263,0,0,1,2.1,3.3,0.7,5.3,6.0,68.0,94.7,5.3,1.16,6084,2641,745.30,315.39,0.0,0.0,4.60,0.31,28.81,51.0,126,124.5,0,0,0.0000,200000.0,64574,64574,524304,0
1782882466,536871576,611278848,536870912,0,0,598,660,53012,49199,49199,51922,0,0,1,2.1,3.3,2.0,3.9,5.9,66.0,94.8,5.2,1.14,5829,2652,712.97,316.82,0.0,0.0,3.72,0.31,22.52,46.0,0,124.3,0,0,0.0000,200000.0,65225,65225,524304,0
1782882467,536871576,605315072,536870912,0,0,588,706,53704,49891,49891,52627,0,0,1,3.0,2.6,5.0,1.1,6.1,62.0,94.8,5.2,1.13,4687,2772,571.18,331.16,0.0,0.0,2.57,0.31,12.91,39.0,0,123.9,0,0,0.0000,200000.0,65917,65917,524304,0
1782882468,536347296,585269248,536870912,0,0,593,711,54401,50587,50587,53337,0,0,1,2.0,3.2,1.0,5.2,6.2,64.0,94.8,5.2,1.09,4691,2782,571.23,332.12,0.0,1.0,2.84,0.31,14.19,52.0,0,123.8,0,0,0.0000,200000.0,66614,66614,524304,0
1782882469,535823016,564178944,536870912,0,0,603,712,55104,51289,51289,54048,0,0,1,2.4,2.8,3.7,2.6,6.3,63.0,94.9,5.1,1.05,4896,2802,597.11,334.88,0.0,0.0,2.56,0.31,13.41,48.0,13,124.0,0,0,0.0000,200000.0,67321,67321,524304,0
1782882471,536375216,638529536,536870912,0,0,630,670,55756,51732,51732,54505,0,0,0,2.4,2.5,0.8,7.6,8.4,28.5,94.9,5.1,1.19,1842,1282,225.25,153.21,0.0,0.0,3.57,0.31,6.98,16.5,0,124.1,0,0,0.9867,4623.9,68591,68591,524304,0
1782882472,536375216,638558208,536870912,0,0,177,1,55756,51732,51732,54505,0,0,0,0.3,1.5,0.1,0.4,0.5,8.0,94.9,5.1,1.19,1478,0,183.34,0.00,0.0,0.0,7.52,0.00,11.12,6.0,0,127.0,0,0,0.0000,200000.0,68591,68591,524304,0
1782882473,536377464,618029056,536870912,0,0,215,364,56109,52084,52084,54865,0,1,0,1.5,2.6,0.6,2.9,3.5,40.0,94.9,5.1,1.15,3556,1462,436.41,174.43,0.0,1.0,4.13,0.31,15.16,26.0,0,124.7,0,0,0.0000,200000.0,68945,68944,524304,0
1782882474,536902312,618029056,536870912,0,0,587,701,56797,52770,52770,55565,0,1,1,2.9,3.2,0.0,6.2,6.2,65.0,95.0,5.0,1.15,5582,2749,682.73,328.29,0.0,0.0,3.39,0.31,19.79,49.0,0,124.3,0,0,0.0003,199946.2,69633,69632,524304,0
1782882475,535329168,611405824,536870912,0,0,589,725,57510,53482,53482,56289,0,0,1,2.5,2.7,3.2,3.3,6.5,65.0,95.0,5.0,1.14,4761,2842,579.28,339.75,0.0,0.0,2.26,0.31,11.67,45.0,0,123.8,0,0,0.0000,200000.0,70346,70346,524304,0
1782882476,536377464,597929984,536870912,0,0,607,720,58214,54189,54189,57008,0,1,0,3.0,3.0,5.6,0.9,6.5,64.0,95.1,4.9,1.12,4818,2832,586.60,338.33,0.0,0.0,2.33,0.31,12.12,46.0,0,123.8,0,0,0.0000,200000.0,71051,71050,524304,0
1782882478,536377464,561635328,536870912,0,0,603,716,58920,54895,54895,57723,0,1,0,2.7,3.0,2.1,4.3,6.4,64.0,95.1,4.9,1.05,4925,2833,600.03,338.34,0.0,1.0,2.59,0.31,13.65,54.0,0,123.9,0,0,0.0000,200000.0,71758,71757,524304,0
1782882479,535853448,553574400,536870912,0,0,672,781,59692,55665,55665,58503,0,0,1,2.5,2.9,5.1,1.6,6.7,30.0,95.1,4.9,1.03,2551,1537,310.39,183.69,0.0,0.0,2.39,0.31,6.58,23.0,9,123.7,0,0,0.0000,200000.0,72529,72529,524304,0
1782882480,535853008,545132544,536870912,0,0,646,722,60401,56375,56375,59224,0,0,0,2.8,2.4,4.5,1.9,6.4,64.0,95.2,4.8,1.02,5127,2829,625.14,337.95,0.0,0.0,2.78,0.31,15.10,42.0,0,124.0,0,0,0.0000,200000.0,73238,73238,524304,0
1782882481,536405904,752652288,536870912,0,0,562,532,60922,56686,56686,59543,0,0,0,1.9,2.7,2.9,4.4,7.3,53.0,95.2,4.8,1.40,5010,2039,617.32,243.71,0.0,0.0,4.92,0.31,25.27,33.0,0,125.1,0,0,0.9870,4567.0,74384,74384,524304,0
1782882482,536405904,631189504,536870912,0,0,0,1,60922,56686,56686,59543,0,0,0,0.2,0.9,0.1,0.4,0.5,3.0,95.2,4.8,1.18,140,0,17.41,0.00,0.0,0.0,3.26,0.00,0.46,0.0,0,127.3,0,0,0.9870,4567.0,74384,74384,524304,0
1782882483,535359416,630161408,536870912,0,0,281,509,61424,57185,57185,60048,0,0,0,2.1,2.6,2.2,2.4,4.6,51.0,95.2,4.8,1.17,3281,2054,399.19,245.15,0.0,1.0,3.19,0.31,11.12,32.0,0,123.7,0,0,0.0000,200000.0,74899,74899,524304,0
1782882484,537456728,618582016,536870912,0,0,590,681,62089,57852,57852,60728,0,1,0,2.7,3.1,2.4,3.9,6.3,65.0,95.3,4.7,1.15,5965,2668,730.28,318.73,0.0,0.0,3.45,0.31,21.43,49.0,0,124.4,0,0,0.0000,200000.0,75565,75564,524304,0
1782882486,535883696,594903040,536870912,0,0,617,701,62784,58546,58546,61428,0,0,0,2.6,2.4,3.4,2.7,6.1,31.5,95.3,4.7,1.11,2304,1380,280.52,164.86,0.0,0.0,2.34,0.31,5.81,23.0,0,123.8,0,0,0.0053,198955.3,76259,76259,524304,0
1782882487,535884136,576765952,536870912,0,0,631,713,63482,59243,59243,62140,0,0,1,2.6,2.7,1.0,5.2,6.2,65.0,95.3,4.7,1.08,4849,2800,590.99,334.50,0.0,0.0,2.55,0.31,13.25,46.0,1,123.9,0,0,0.0000,200000.0,76964,76964,524304,0
1782882488,535884248,560644096,536870912,0,0,630,678,64154,59915,59915,62817,0,0,1,2.2,2.9,0.9,4.9,5.8,65.0,95.4,4.6,1.05,5866,2642,718.24,315.40,0.0,1.0,4.68,0.31,28.26,48.0,120,124.4,0,0,0.0053,198955.0,77636,77636,524304,0
1782882489,537456904,547516416,536870912,0,0,591,679,64819,60582,60582,63495,0,2,0,2.4,3.3,0.5,5.5,6.0,65.0,95.4,4.6,1.02,5515,2713,673.33,323.99,0.0,0.0,3.61,0.31,20.78,54.0,1,124.1,0,0,0.0000,200000.0,78305,78303,524304,0
1782882490,535884136,540991488,536870912,0,0,599,717,65532,61293,61293,64211,0,0,1,2.8,2.8,0.7,5.5,6.2,66.0,95.5,4.5,1.01,4895,2844,596.07,339.76,0.0,0.0,3.16,0.31,16.36,47.0,4,123.8,0,0,0.0000,200000.0,79017,79017,524304,0
1782882491,536436664,638693376,536870912,0,0,689,796,66320,61871,61871,64793,0,0,0,3.0,2.6,5.3,4.3,9.6,68.0,95.5,4.5,1.01,4303,3106,525.34,370.79,0.0,0.0,3.14,0.45,14.90,42.0,0,123.9,0,0,0.9971,2575.9,80418,80418,524304,0
1782882492,536436664,635158528,536870912,0,0,219,1,66320,61871,61871,64793,0,0,0,0.3,1.5,0.1,0.4,0.5,7.0,95.5,4.5,1.18,1346,0,167.16,0.00,0.0,0.0,7.62,0.00,10.26,5.0,0,127.2,0,0,0.9971,2575.9,80418,80418,524304,0
1782882494,535914896,626491392,536870912,0,0,143,298,66611,62159,62159,65087,0,0,1,1.0,2.3,1.0,2.0,3.0,16.0,95.5,4.5,1.17,671,605,80.76,72.16,0.0,0.5,0.74,0.32,0.69,8.0,0,122.7,0,0,0.0056,198898.3,80709,80709,524304,0
1782882495,535914896,616140800,536870912,0,0,605,687,67287,62835,62835,65773,0,0,1,2.2,3.4,0.5,6.0,6.5,63.0,95.5,4.5,1.15,5773,2697,707.11,322.08,0.0,0.0,3.46,0.31,20.79,46.0,0,124.4,0,0,0.0056,198898.3,81385,81385,524304,0
1782882496,535914896,636481536,536870912,0,0,624,658,67934,63482,63482,66430,0,0,1,1.9,3.3,0.4,5.4,5.8,67.0,95.6,4.4,1.19,6435,2600,789.56,310.61,0.0,0.0,4.09,0.31,27.16,55.0,1,124.7,0,0,0.0000,200000.0,82032,82032,524304,0
1782882497,535390616,575311872,536870912,0,0,588,700,68627,64174,64174,67129,0,0,1,2.8,2.8,4.0,2.6,6.6,65.0,95.6,4.4,1.07,4836,2751,589.66,328.77,0.0,0.0,5.72,0.31,28.52,48.0,12,124.0,0,0,0.0000,200000.0,82731,82731,524304,0
1782882498,535914896,566747136,536870912,0,0,586,706,69324,64872,64872,67834,0,0,1,2.4,3.0,3.6,2.6,6.2,63.0,95.6,4.4,1.06,4782,2810,582.75,335.47,0.0,1.0,2.67,0.31,13.66,38.0,0,123.8,0,0,0.0056,198897.9,83428,83428,524304,0
1782882499,537487488,555159552,536870912,0,0,599,721,70032,65582,65582,68554,0,1,0,2.9,2.7,2.9,3.6,6.5,65.0,95.7,4.3,1.04,4864,2832,592.52,338.33,0.0,0.0,2.63,0.31,13.66,47.0,4,123.9,0,0,0.0000,200000.0,84137,84136,524304,0
1782882501,535390176,542060544,536870912,0,0,610,718,70741,66289,66289,69271,0,0,0,2.1,3.6,0.5,5.9,6.4,32.5,95.7,4.3,1.01,2485,1416,303.00,169.16,0.0,0.0,2.52,0.31,6.71,26.5,0,123.9,0,0,0.0056,198898.3,84845,84845,524304,0
1782882502,535914456,542892032,536870912,0,0,626,695,71425,66974,66974,69965,0,0,0,3.0,2.8,1.6,4.7,6.3,66.0,95.7,4.3,1.01,4773,2735,581.55,326.86,0.0,0.0,3.17,0.38,16.16,55.0,0,123.9,0,0,0.0000,200000.0,85533,85533,524304,0
1782882503,536467240,638468096,536870912,0,0,526,506,71924,67261,67261,70256,0,0,0,2.1,2.4,0.9,6.5,7.4,50.0,95.7,4.3,1.19,3889,1951,478.89,233.19,0.0,0.0,5.59,0.31,22.36,33.0,116,124.9,0,0,0.9925,3486.7,86625,86625,524304,0
1782882504,536467240,635592704,536870912,0,0,0,1,71924,67261,67261,70256,0,0,0,0.3,1.5,0.2,0.4,0.6,4.0,95.7,4.3,1.18,909,0,113.22,0.00,0.0,0.0,5.62,0.00,5.11,4.0,0,127.5,0,0,0.9925,3486.7,86625,86625,524304,0
1782882505,535945032,633556992,536870912,0,0,311,544,72462,67797,67797,70796,0,0,0,1.7,2.8,0.6,4.1,4.7,53.0,95.8,4.2,1.18,4159,2190,507.54,261.40,0.0,1.0,3.01,0.36,13.30,38.0,0,124.0,0,0,0.0058,198841.9,87163,87163,524304,0
1782882506,535420752,627494912,536870912,0,0,583,679,73135,68469,68469,71474,0,0,0,2.5,3.0,1.6,4.5,6.1,67.0,95.8,4.2,1.17,5768,2679,706.31,320.16,0.0,0.0,4.00,0.34,23.98,50.0,0,124.4,0,0,0.0058,198841.9,87837,87837,524304,0
1782882507,535945472,609484800,536870912,0,0,597,716,73843,69177,69177,72189,0,0,1,2.7,3.4,4.0,2.4,6.4,63.0,95.8,4.2,1.14,4754,2843,578.98,339.76,0.0,0.0,2.91,0.31,14.74,47.0,4,123.8,0,0,0.0000,200000.0,88545,88545,524304,0
1782882509,535420752,580263936,536870912,0,0,621,709,74547,69881,69881,72897,0,0,0,2.6,2.6,1.2,5.2,6.4,32.5,95.9,4.1,1.08,2476,1402,301.96,167.49,0.0,0.0,3.08,0.35,8.11,23.0,1,123.9,0,0,0.0000,200000.0,89249,89249,524304,0
1782882510,535945032,577257472,536870912,0,0,632,713,75254,70589,70589,73609,0,0,0,2.4,3.2,3.3,3.0,6.3,64.0,95.9,4.1,1.08,4902,2849,597.11,340.24,0.0,1.0,2.81,0.32,14.70,35.0,0,123.8,0,0,0.0058,198841.9,89956,89956,524304,0
1782882511,536469864,566517760,536870912,0,0,638,669,75916,71251,71251,74277,0,0,1,2.0,3.2,2.1,3.7,5.8,65.0,95.9,4.1,1.05,6692,2592,821.65,309.66,0.0,0.0,3.92,0.31,27.02,52.0,6,124.8,0,0,0.0000,200000.0,90618,90618,524304,0
1782882512,535421192,547995648,536870912,0,0,623,734,76641,71974,71974,75010,0,0,1,2.4,2.8,2.6,3.9,6.5,63.0,96.0,4.0,1.02,5134,2938,625.89,351.22,0.0,0.0,3.09,0.31,16.76,49.0,0,124.0,0,0,0.0000,200000.0,91344,91344,524304,0
1782882513,536994224,540946432,536870912,0,0,634,763,77396,72730,72730,75772,0,1,1,2.4,2.6,3.1,3.5,6.6,59.0,96.0,4.0,1.01,5346,3036,651.45,362.70,0.0,0.0,2.60,0.31,14.84,43.0,0,123.9,0,0,0.0058,198841.9,92100,92099,524304,0
1782882514,536497936,634609664,536870912,0,0,400,375,77767,72891,72891,75933,0,0,0,1.7,2.1,1.0,5.3,6.3,35.0,96.0,4.0,1.18,2753,1435,339.94,171.54,0.0,0.0,4.60,0.32,13.12,17.0,0,125.1,0,0,0.0000,200000.0,93115,93115,524304,0
1782882516,537564296,627052544,536870912,0,0,0,12,77776,72899,72899,75941,0,2,0,0.3,1.5,0.0,0.6,0.6,4.5,96.0,4.0,1.17,216,73,26.22,8.61,0.0,1.0,2.19,0.37,0.50,3.0,1,123.4,0,0,0.0000,200000.0,93126,93124,524304,0
1782882517,535452000,620916736,536870912,0,0,481,767,78542,73662,73662,76707,0,0,1,2.7,2.6,3.5,3.5,7.0,59.0,96.0,4.0,1.15,2036,1529,246.74,182.78,0.0,0.0,2.41,0.35,5.46,22.5,0,123.4,0,0,0.0013,199752.1,93897,93897,524304,0
1782882518,535975728,607916032,536870912,0,0,641,718,79247,74369,74369,77424,0,0,0,2.2,3.4,1.6,4.6,6.2,67.0,96.1,3.9,1.13,6675,2831,818.59,338.32,0.0,0.0,3.96,0.39,27.51,47.0,1,124.6,0,0,0.0000,200000.0,94604,94604,524304,0
1782882519,535451448,736899072,536870912,0,0,657,690,79934,75055,75055,78113,0,0,0,2.1,3.4,3.0,2.8,5.8,64.0,96.1,3.9,1.37,7097,2736,870.99,326.86,0.0,0.0,4.23,0.35,30.98,52.0,0,124.7,0,0,0.0000,200000.0,95291,95291,524304,0
1782882520,535975728,567640064,536870912,0,0,605,726,80656,75778,75778,78838,0,0,0,3.1,3.0,4.6,1.9,6.5,65.0,96.1,3.9,1.06,4960,2894,604.71,345.96,0.0,0.0,2.65,0.36,14.16,46.0,0,123.9,0,0,0.0000,200000.0,96013,96013,524304,0
1782882521,535976168,551014400,536870912,0,0,598,730,81380,76501,76501,79567,0,0,1,2.4,2.7,2.2,4.5,6.7,65.0,96.1,3.9,1.03,4997,2898,608.86,345.98,0.0,1.0,3.75,0.31,19.66,45.0,4,123.8,0,0,0.0061,198785.9,96737,96737,524304,0
1782882522,535975728,541900800,536870912,0,0,634,767,82138,77260,77260,80333,0,0,0,2.6,2.6,0.2,6.4,6.6,60.0,96.2,3.8,1.01,5276,3035,642.88,362.70,0.0,0.0,2.77,0.31,15.56,41.0,0,123.9,0,0,0.0000,200000.0,97501,97501,524304,0
1782882524,536500912,545935360,536870912,0,0,672,773,82900,78022,78022,81105,0,2,1,2.3,2.9,0.8,5.7,6.5,31.5,96.2,3.8,1.02,2667,1519,325.09,181.60,0.0,0.0,2.91,0.31,8.24,23.0,8,123.9,0,0,0.0000,200000.0,98273,98272,524304,524304
1782882525,643504936,639062016,536870912,0,0,794,930,83618,78733,78733,81823,0,135,0,2.3,3.6,1.3,8.6,9.9,66.0,96.2,3.8,0.99,5071,2802,619.07,334.95,0.0,0.0,2.54,0.32,13.78,38.0,0,124.1,0,0,0.9979,2407.4,99509,99375,524304,524304
1782882526,536528040,632659968,536870912,0,0,334,1,83820,78733,78733,81823,0,0,0,0.9,1.6,0.2,0.6,0.8,18.0,96.2,3.8,1.18,2694,828,335.72,98.92,0.0,1.0,7.53,0.39,20.62,13.0,0,126.4,0,0,0.9979,2407.4,99821,99821,524304,0
1782882527,536530552,633167872,536870912,0,0,138,226,84044,78955,78955,82045,0,0,1,1.0,1.5,0.0,2.2,2.2,21.0,96.2,3.8,1.18,1075,948,129.56,113.25,0.0,0.0,0.61,0.31,0.94,9.0,0,122.9,0,0,0.0000,200000.0,100045,100045,524304,0
1782882528,536005832,638308352,536870912,0,0,558,709,84744,79655,79655,82753,0,0,0,1.7,3.7,1.3,4.8,6.1,63.0,96.3,3.7,1.19,6779,2800,831.65,334.65,0.0,0.0,3.64,0.31,25.57,51.0,11,124.7,0,0,0.0000,200000.0,100745,100745,524304,0
1782882529,536005832,630247424,536870912,0,0,616,784,85521,80432,80432,83536,0,0,0,2.4,2.8,1.4,5.2,6.6,60.0,96.3,3.7,1.18,5175,3102,630.31,370.67,0.0,0.0,2.51,0.31,13.94,38.0,4,123.8,0,0,0.0000,200000.0,101524,101524,524304,0
1782882530,537579592,581128192,536870912,0,0,639,760,86279,81190,81190,84295,0,2,1,2.5,2.5,5.4,1.9,7.3,62.0,96.3,3.7,1.08,5452,3024,665.00,361.27,0.0,0.0,2.63,0.31,15.29,39.0,0,124.0,0,0,0.0064,198730.4,102285,102283,524304,0
1782882532,535481992,563589120,536870912,0,0,677,759,87039,81948,81948,85053,0,0,1,2.4,2.4,2.5,4.2,6.7,30.5,96.3,3.7,1.05,2625,1517,319.70,181.35,0.0,0.0,2.49,0.31,7.00,24.5,0,123.9,0,0,0.0000,200000.0,103043,103043,524304,0
1782882533,535481552,558706688,536870912,0,0,684,765,87795,82705,82705,85817,0,0,0,2.9,2.5,0.3,6.4,6.7,60.0,96.4,3.6,1.04,5351,3038,651.68,362.71,0.0,1.0,2.33,0.31,13.42,42.0,0,123.8,0,0,0.0064,198729.8,103799,103799,524304,0
1782882534,537055120,636522496,536870912,0,0,679,720,88509,83421,83421,86536,0,1,1,2.2,3.0,0.2,5.8,6.0,64.0,96.4,3.6,1.19,6845,2808,839.45,335.46,0.0,0.0,3.75,0.31,26.50,48.0,65,124.6,0,0,0.0000,200000.0,104514,104513,524304,0
1782882535,536006384,542982144,536870912,0,0,637,739,89244,84154,84154,87274,0,0,1,2.5,2.7,3.4,2.7,6.1,61.0,96.4,3.6,1.01,5666,2976,692.11,355.53,0.0,0.0,3.46,0.31,20.50,44.0,0,124.1,0,0,0.0064,198729.8,105248,105248,524304,0
1782882536,559627848,639569920,536870912,0,0,717,865,90057,84800,84800,87924,0,3,0,2.9,2.7,3.2,6.9,10.1,66.0,96.4,3.6,1.07,4920,3343,601.16,399.48,0.0,0.0,3.19,0.31,16.73,42.0,0,124.0,0,0,0.9982,2350.3,106658,106655,524304,0
1782882537,536559000,639664128,536870912,0,0,258,1,90101,84800,84800,87924,0,0,0,0.5,1.2,0.2,0.4,0.6,7.0,96.4,3.6,1.19,1218,42,151.31,4.79,0.0,1.0,5.70,0.33,6.96,5.0,0,126.9,0,0,0.9982,2350.3,106705,106705,524304,0
1782882539,537610552,635170816,536870912,0,0,176,305,90401,85098,85098,88225,0,2,1,1.0,1.9,1.2,1.5,2.7,13.5,96.5,3.5,1.18,1385,1259,166.88,150.52,0.0,0.0,0.57,0.31,1.19,18.0,0,122.9,0,0,0.0000,200000.0,107012,107010,524304,0
1782882540,537086168,635170816,536870912,0,0,612,742,91138,85835,85835,88966,0,2,1,2.5,2.7,2.7,3.6,6.3,62.0,96.5,3.5,1.19,3030,1476,370.86,176.46,0.0,0.0,3.41,0.31,10.78,24.0,9,124.4,0,0,0.0000,200000.0,107749,107747,524304,0
1782882541,537085824,616665088,536870912,0,0,667,747,91881,86577,86577,89712,0,0,1,2.3,3.1,0.5,6.1,6.6,65.0,96.5,3.5,1.15,5654,2944,690.37,351.91,0.0,0.0,3.50,0.31,20.68,41.0,0,124.1,0,0,0.0000,200000.0,108494,108494,524304,0
1782882542,535512952,717365248,536870912,0,0,656,700,92576,87271,87271,90411,0,0,1,2.6,2.9,1.4,5.1,6.5,64.0,96.5,3.5,1.34,7193,2795,883.07,334.02,1.0,0.0,4.00,0.31,29.64,47.0,0,124.8,0,0,0.0067,198672.7,109189,109189,524304,0
1782882543,537610552,578961408,536870912,0,0,639,767,93337,88034,88034,91177,0,2,1,2.4,2.9,3.1,3.6,6.7,62.0,96.6,3.4,1.08,5323,3037,648.95,362.71,0.0,1.0,2.94,0.37,16.76,41.0,0,123.9,0,0,0.0067,198672.7,109960,109958,524304,0
1782882544,536561512,566366208,536870912,0,0,633,756,94087,88784,88784,91932,0,0,1,2.4,2.9,2.9,3.6,6.5,61.0,96.6,3.4,1.05,5240,2999,638.94,358.39,0.0,0.0,3.28,0.31,18.13,44.0,0,124.0,0,0,0.0000,200000.0,110709,110709,524304,0
1782882545,536561264,551251968,536870912,0,0,633,764,94842,89540,89540,92695,0,1,0,2.9,2.5,3.7,3.0,6.7,60.0,96.6,3.4,1.02,5255,3024,640.68,361.27,1.0,0.0,2.74,0.31,15.35,50.0,0,123.9,0,0,0.0000,200000.0,111465,111464,524304,0
1782882547,537610584,540151808,536870912,0,0,672,759,95598,90295,90295,93453,0,2,1,2.2,3.3,1.3,5.3,6.6,30.5,96.6,3.4,1.01,2642,1512,322.16,180.71,0.0,0.0,2.95,0.31,8.26,22.5,3,123.9,0,0,0.0067,198673.0,112222,112220,524304,0
1782882548,536037264,540938240,536870912,0,0,681,760,96354,91050,91050,94212,0,0,1,2.7,2.2,2.8,3.8,6.6,63.0,96.6,3.4,1.01,5347,3010,651.94,359.66,0.0,0.0,2.81,0.31,15.99,36.0,0,124.0,0,0,0.0000,200000.0,112976,112976,524304,0
1782882549,536590016,662855680,536870912,0,0,357,241,96591,91077,91077,94239,0,0,0,1.3,2.0,0.8,4.6,5.4,30.0,96.6,3.4,1.24,3039,916,378.25,109.43,0.0,1.0,6.71,0.32,20.67,13.0,0,126.3,0,0,0.0000,200000.0,114131,114131,524304,0
1782882550,535543528,631906304,536870912,0,0,66,151,96741,91224,91224,94386,0,0,0,0.9,1.5,0.5,1.2,1.7,15.0,96.6,3.4,1.18,769,636,92.75,75.98,0.0,0.0,0.75,0.31,0.77,11.0,0,123.0,0,0,0.0000,200000.0,114281,114281,524304,0
1782882551,537641168,628965376,536870912,0,0,477,689,97422,91907,91907,95074,0,2,0,2.3,3.1,1.3,4.7,6.0,65.0,96.7,3.3,1.17,7165,2735,879.77,326.86,0.0,0.0,4.00,0.31,29.54,58.0,0,124.8,0,0,0.0072,198584.0,114965,114963,524304,0
1782882552,536592528,608415744,536870912,0,0,602,774,98191,92675,92675,95847,0,0,1,2.6,3.1,2.1,5.1,7.2,61.0,96.7,3.3,1.13,5078,3071,618.14,367.00,0.0,0.0,2.48,0.31,13.56,43.0,0,123.8,0,0,0.0000,200000.0,115754,115754,524304,0
1782882553,537117000,590700544,536870912,0,0,635,753,98940,93423,93423,96599,0,1,1,2.3,3.0,3.8,2.6,6.4,62.0,96.7,3.3,1.10,5457,2991,664.73,357.34,0.0,0.0,2.92,0.31,16.84,44.0,9,123.9,0,0,0.0000,200000.0,116504,116504,524304,524304
1782882555,536592640,577159168,536870912,0,0,678,753,99689,94173,94173,97351,0,0,1,1.9,2.9,1.6,5.0,6.6,30.5,96.7,3.3,1.08,2604,1498,317.31,179.01,0.0,0.0,2.70,0.31,7.50,19.5,0,123.9,0,0,0.0070,198615.5,117252,117252,524304,0
1782882556,538166024,552591360,536870912,0,0,683,769,100449,94934,94934,98119,0,3,1,3.0,2.8,2.0,4.5,6.5,62.0,96.8,3.2,1.03,5342,3049,649.78,364.14,0.0,1.0,2.67,0.31,15.19,47.0,0,123.7,0,0,0.0000,200000.0,118015,118013,524304,524304
1782882557,535543968,735862784,536870912,0,0,664,727,101176,95658,95658,98845,0,0,1,2.4,3.1,1.0,5.1,6.1,64.0,96.8,3.2,1.37,6810,2856,835.25,341.20,0.0,0.0,3.83,0.31,26.93,55.0,38,124.6,0,0,0.0070,198615.5,118739,118739,524304,0
1782882558,538166024,538337280,536870912,0,0,638,729,101899,96384,96384,99573,0,3,1,2.2,2.5,2.0,4.1,6.1,60.0,96.8,3.2,1.00,5756,2928,703.27,349.80,0.0,0.0,3.33,0.31,20.09,40.0,0,124.2,0,0,0.0000,200000.0,119465,119463,524304,524304
1782882559,535543968,535191552,536870912,0,0,642,776,102672,97154,97154,100348,0,0,1,2.7,2.9,2.8,4.0,6.8,61.0,96.8,3.2,0.99,5410,3084,660.09,368.43,0.0,0.0,2.67,0.31,15.38,41.0,0,124.0,0,0,0.0000,200000.0,120235,120235,524304,0
1782882560,536620896,637874176,536870912,0,0,574,632,103296,97570,97570,100767,0,0,0,2.5,2.7,2.5,5.9,8.4,56.0,96.8,3.2,1.19,3907,2457,479.01,293.40,1.0,1.0,3.71,0.32,15.28,30.0,0,124.3,0,0,0.9939,3203.5,121725,121725,524304,0
1782882562,536620896,634875904,536870912,0,0,27,1,103296,97570,97570,100767,0,0,0,0.5,1.2,0.5,0.0,0.5,2.5,96.8,3.2,1.18,805,0,99.88,0.00,0.0,0.0,6.10,0.00,4.91,4.0,0,127.1,0,0,0.9939,3203.5,121725,121725,524304,0
1782882563,536623144,632942592,536870912,0,0,357,589,103881,98154,98154,101352,0,1,0,2.5,1.7,2.3,2.8,5.1,44.0,96.8,3.2,1.18,1260,1193,151.70,142.64,0.0,0.0,0.40,0.31,0.88,14.5,0,122.8,0,0,0.0000,200000.0,122313,122312,524304,0
1782882564,537672448,633790464,536870912,0,0,635,693,104572,98844,98844,102044,0,2,1,2.4,3.4,0.3,5.6,5.9,65.0,96.9,3.1,1.18,7141,2771,876.09,331.16,0.0,0.0,4.33,0.31,31.78,45.0,0,124.7,0,0,0.0000,200000.0,123015,123013,524304,0
1782882565,537147976,609177600,536870912,0,0,693,727,105295,99568,99568,102770,0,1,1,2.5,2.8,2.3,3.8,6.1,65.0,96.9,3.1,1.13,7273,2846,892.65,339.77,0.0,1.0,4.18,0.31,31.29,43.0,90,124.7,0,0,0.0000,200000.0,123737,123736,524304,0
1782882566,535574848,594083840,536870912,0,0,643,757,106050,100320,100320,103526,0,0,1,2.5,2.3,3.1,3.6,6.7,61.0,96.9,3.1,1.10,5502,3059,671.48,365.56,0.0,0.0,3.93,0.31,22.56,39.0,2,124.0,0,0,0.0000,200000.0,124491,124491,524304,0
1782882567,536623144,572420096,536870912,0,0,645,778,106823,101096,101096,104303,0,1,0,2.4,3.2,0.1,7.0,7.1,62.0,96.9,3.1,1.07,5401,3102,658.50,370.76,0.0,0.0,2.55,0.31,14.73,51.0,5,124.0,0,0,0.0000,200000.0,125266,125265,524304,0
1782882568,536623408,563351552,536870912,0,0,644,770,107588,101860,101860,105072,0,0,1,2.3,3.4,0.0,6.5,6.5,63.0,96.9,3.1,1.05,5380,3055,656.08,364.91,0.0,0.0,2.82,0.31,16.11,48.0,14,123.9,0,0,0.0000,200000.0,126040,126040,524304,0
1782882570,537672448,548741120,536870912,0,0,644,781,108362,102634,102634,105852,0,2,1,2.3,3.1,3.3,3.3,6.6,30.0,97.0,3.0,1.02,2692,1541,328.14,184.09,0.5,0.0,2.74,0.31,7.86,20.0,0,123.9,0,0,0.0000,200000.0,126816,126814,524304,0
1782882571,537671896,541184000,536870912,0,0,691,776,109136,103409,103409,106627,0,2,0,2.8,2.9,2.2,4.4,6.6,62.0,97.0,3.0,1.01,5417,3109,659.60,371.31,0.0,1.0,2.73,0.31,15.73,46.0,4,123.8,0,0,0.0000,200000.0,127590,127588,524304,0
1782882572,537671896,535945216,536870912,0,0,684,769,109903,104176,104176,107395,0,2,0,2.6,2.6,4.7,2.0,6.7,62.0,97.0,3.0,1.00,5456,3061,664.12,365.69,0.0,0.0,2.74,0.31,15.87,39.0,15,123.8,0,0,0.0000,200000.0,128357,128355,524304,0
1782882573,536651512,724770816,536870912,0,0,456,324,110225,104288,104288,107507,0,0,0,1.5,2.2,1.6,4.0,5.6,36.0,97.0,3.0,1.35,4038,1233,499.96,147.52,0.0,0.0,5.81,0.32,23.83,19.0,0,125.8,0,0,0.9991,2179.7,129261,129261,524304,0
1782882574,536651512,632238080,536870912,0,0,0,1,110225,104288,104288,107507,0,0,0,0.4,1.1,0.0,0.5,0.5,6.0,97.0,3.0,1.18,127,0,15.78,0.00,0.0,0.0,2.80,0.00,0.36,0.0,0,127.2,0,0,0.9991,2179.7,129261,129261,524304,0
1782882575,536654024,634150912,536870912,0,0,419,732,110950,105011,105011,108235,0,0,1,1.9,3.3,1.6,5.1,6.7,62.0,97.0,3.0,1.18,5759,2965,704.18,352.66,0.0,1.0,3.13,0.31,18.93,52.0,0,124.0,0,0,0.0076,198502.1,130003,130003,524304,0
1782882576,535605024,629694464,536870912,0,0,639,742,111690,105750,105750,108976,0,0,0,2.1,2.5,1.5,4.7,6.2,62.0,97.0,3.0,1.17,5884,2968,718.93,353.04,0.0,0.0,3.28,0.31,20.22,38.0,13,124.0,0,0,0.0000,200000.0,130743,130743,524304,0
1782882578,536129856,589918208,536870912,0,0,660,776,112462,106522,106522,109751,0,0,1,2.5,2.6,1.7,5.3,7.0,30.0,97.1,2.9,1.10,2627,1545,320.21,184.27,0.0,0.0,2.70,0.31,7.57,20.0,4,123.8,0,0,0.0000,200000.0,131515,131515,524304,0
1782882579,536654024,574283776,536870912,0,0,692,767,113226,107287,107287,110517,0,0,1,1.8,3.1,0.0,7.1,7.1,63.0,97.1,2.9,1.07,5475,3064,667.73,366.04,0.0,0.0,2.91,0.31,16.86,32.0,4,124.0,0,0,0.0000,200000.0,132279,132279,524304,0
1782882580,537178488,562802688,536870912,0,0,680,757,113980,108042,108042,111273,0,1,1,2.5,2.9,0.5,6.0,6.5,62.0,97.1,2.9,1.05,5523,2996,673.61,357.92,0.0,0.0,3.18,0.31,18.49,43.0,122,124.0,0,0,0.0000,200000.0,133034,133033,524304,0
1782882581,536129304,609054720,536870912,0,0,660,703,114679,108740,108740,111975,0,0,0,2.5,3.2,2.8,3.4,6.2,63.0,97.1,2.9,1.14,7178,2810,879.46,335.47,0.0,1.0,4.03,0.31,29.80,48.0,4,124.6,0,0,0.0076,198502.1,133732,133732,524304,0
1782882582,536653760,542724096,536870912,0,0,646,774,115446,109508,109508,112748,0,1,0,1.8,4.0,1.4,5.1,6.5,62.0,97.1,2.9,1.01,5449,3084,663.48,368.43,0.0,0.0,2.79,0.31,16.14,52.0,0,123.8,0,0,0.0000,200000.0,134500,134499,524304,0
1782882583,536653584,535560192,536870912,0,0,637,763,116205,110267,110267,113510,0,0,0,2.6,2.8,2.5,4.0,6.5,60.0,97.1,2.9,1.00,5337,3025,650.19,361.63,0.0,0.0,2.97,0.31,16.78,44.0,13,123.9,0,0,0.0000,200000.0,135259,135259,524304,0
1782882584,537703064,535560192,536870912,0,0,630,759,116963,111024,111024,114268,0,2,1,2.3,3.1,0.8,5.7,6.5,61.0,97.2,2.8,1.00,5297,3022,644.85,360.89,0.0,0.0,2.98,0.31,16.73,41.0,0,123.8,0,0,0.0000,200000.0,136019,136017,524304,0
1782882586,536683040,637796352,536870912,0,0,471,404,117364,111214,111214,114458,0,0,0,1.9,2.0,4.0,2.8,6.8,20.0,97.2,2.8,1.19,1402,781,172.67,93.42,0.0,0.5,4.74,0.32,6.89,11.5,0,124.8,0,0,0.9945,3088.6,137241,137241,524304,0
1782882587,536683040,637796352,536870912,0,0,0,1,117364,111214,111214,114458,0,0,0,0.3,1.3,0.1,0.4,0.5,8.0,97.2,2.8,1.19,707,0,87.37,0.00,0.0,0.0,13.92,0.00,9.84,2.0,0,126.5,0,0,0.9945,3088.6,137241,137241,524304,0
1782882588,537210120,837111808,536870912,0,0,475,767,118122,111971,111971,115221,0,1,1,2.3,3.2,0.0,6.8,6.8,62.0,97.2,2.8,1.56,5133,3039,625.86,361.27,0.0,0.0,2.53,0.31,13.90,38.0,123,123.7,0,0,0.0000,200000.0,138000,137999,524304,0
1782882589,537734216,629039104,536870912,0,0,640,736,118853,112702,112702,115956,0,3,0,2.6,3.1,0.0,6.5,6.5,62.0,97.2,2.8,1.17,5839,2984,713.69,355.53,0.0,0.0,3.22,0.31,19.70,41.0,0,124.1,0,0,0.0000,200000.0,138733,138731,524304,524304
1782882590,536685112,582266880,536870912,0,0,620,744,119595,113444,113444,116699,0,0,0,2.0,2.6,1.9,5.3,7.2,62.0,97.2,2.8,1.08,5209,2988,635.21,355.54,0.0,1.0,4.57,0.31,24.75,35.0,0,123.8,0,0,0.0000,200000.0,139480,139480,524304,0
1782882591,536685288,542617600,536870912,0,0,633,765,120357,114206,114206,117463,0,1,0,2.2,2.7,1.8,5.5,7.3,61.0,97.2,2.8,1.01,5476,3065,668.25,363.07,0.0,0.0,3.17,0.31,18.30,53.0,9,123.6,0,0,0.0000,200000.0,140245,140244,524304,0
1782882593,536160832,542617600,536870912,0,0,637,770,121126,114974,114974,118232,0,0,0,2.3,2.9,3.5,3.1,6.6,31.5,97.2,2.8,1.01,5415,3092,660.24,367.85,0.0,0.0,3.24,0.31,18.48,50.0,9,123.8,0,0,0.0000,200000.0,141013,141013,524304,0
1782882594,537733864,542617600,536870912,0,0,678,754,121876,115725,115725,118985,0,1,0,2.2,2.9,2.5,4.2,6.7,62.0,97.3,2.7,1.01,2666,1503,325.37,179.06,0.0,0.0,3.14,0.31,8.84,21.0,0,123.9,0,0,0.0079,198443.9,141764,141763,524304,0
1782882595,535636552,542617600,536870912,0,0,679,763,122639,116486,116486,119747,0,0,0,2.3,3.2,0.8,6.0,6.8,61.0,97.3,2.7,1.01,5373,3049,655.48,363.65,0.0,0.0,2.73,0.31,15.63,43.0,25,123.9,0,0,0.0000,200000.0,142526,142526,524304,0
1782882596,536161384,691945472,536870912,0,0,671,717,123351,117198,117198,120463,0,0,1,2.1,3.5,2.4,3.5,5.9,66.0,97.3,2.7,1.29,7261,2810,891.46,335.47,0.0,1.0,4.13,0.31,30.87,46.0,112,124.8,0,0,0.0000,200000.0,143238,143238,524304,0
1782882597,536161272,534630400,536870912,0,0,638,736,124083,117930,117930,121198,0,0,1,1.9,3.1,1.4,5.1,6.5,64.0,97.3,2.7,1.00,5627,2974,687.16,355.52,0.0,0.0,3.48,0.31,20.51,38.0,0,124.1,0,0,0.0000,200000.0,143988,143988,524304,0
1782882598,536230272,637452288,536870912,0,0,564,636,124712,118350,118350,121622,0,0,0,2.6,2.5,2.9,5.7,8.6,51.0,97.3,2.7,1.19,3974,2469,487.25,294.83,0.0,0.0,4.00,0.32,16.66,28.0,0,124.3,0,0,0.0000,200000.0,145219,145219,524304,0
1782882599,536230272,636362752,536870912,0,0,0,1,124712,118350,118350,121622,0,0,0,0.4,1.3,0.1,0.4,0.5,5.0,97.3,2.7,1.19,401,0,49.55,0.00,0.0,0.0,7.60,0.00,3.05,2.0,0,126.5,0,0,0.0000,200000.0,145219,145219,524304,0
1782882601,536232344,629739520,536870912,0,0,369,613,125320,118957,118957,122231,0,0,0,2.1,2.5,2.2,3.0,5.2,23.0,97.3,2.7,1.17,1356,1272,163.32,147.66,0.0,0.5,0.71,0.31,1.37,14.5,0,121.1,0,0,0.0085,198312.1,145832,145832,524304,0
1782882602,536232344,615809024,536870912,0,0,672,740,126059,119696,119696,122970,0,0,0,2.4,3.1,1.2,5.6,6.8,63.0,97.3,2.7,1.15,6223,3044,761.24,354.10,0.0,0.0,3.65,0.31,23.64,53.0,0,123.2,0,0,0.0000,200000.0,146571,146571,524304,0
1782882603,535708064,590114816,536870912,0,0,678,763,126820,120456,120456,123732,0,0,0,2.8,2.6,4.3,2.3,6.6,64.0,97.4,2.6,1.10,5412,3119,659.95,363.18,0.0,0.0,3.84,0.31,21.76,34.0,0,122.8,0,0,0.0000,200000.0,147332,147332,524304,0
1782882604,536757064,776654848,536870912,0,0,655,696,127513,121150,121150,124427,0,0,1,2.2,3.2,2.9,3.0,5.9,64.0,97.4,2.6,1.45,7517,2840,923.61,331.16,0.0,0.0,4.33,0.31,33.41,51.0,0,124.1,0,0,0.0000,200000.0,148025,148025,524304,0
1782882605,536232496,547794944,536870912,0,0,644,772,128279,121916,121916,125198,0,0,0,2.0,3.1,2.3,4.3,6.6,64.0,97.4,2.6,1.02,5440,3091,663.25,366.53,0.0,1.0,2.87,0.33,16.65,44.0,0,123.6,0,0,0.0085,198312.1,148791,148791,524304,0
1782882606,536232344,536121344,536870912,0,0,643,776,129053,122690,122690,125973,0,0,0,2.2,3.1,4.1,2.5,6.6,61.0,97.4,2.6,1.00,5526,3096,673.85,368.44,0.0,0.0,2.41,0.31,14.30,45.0,0,123.8,0,0,0.0000,200000.0,149565,149565,524304,0
1782882607,536232896,536121344,536870912,0,0,643,768,129820,123456,123456,126740,0,0,1,2.1,3.4,3.1,3.6,6.7,61.0,97.4,2.6,1.00,5487,3084,669.00,366.82,0.0,0.0,3.07,0.31,17.81,38.0,6,123.8,0,0,0.0000,200000.0,150332,150332,524304,0
1782882609,536757064,536080384,536870912,0,0,663,746,130563,124200,124200,127485,0,0,1,2.3,2.5,4.2,2.1,6.3,32.0,97.4,2.6,1.00,2702,1495,329.82,178.09,0.0,0.0,2.70,0.32,7.76,19.0,0,123.9,0,0,0.0000,200000.0,151086,151086,524304,0
1782882610,537805552,536125440,536870912,0,0,683,772,131330,124968,124968,128256,0,2,0,2.3,3.1,1.5,5.2,6.7,61.0,97.4,2.6,1.00,5418,3085,660.80,367.00,0.0,0.0,4.65,0.31,26.15,42.0,0,123.8,0,0,0.0000,200000.0,151855,151853,524304,0
1782882611,572429864,536121344,536870912,0,0,674,817,132078,125707,125707,128997,0,67,0,2.5,3.1,1.2,6.5,7.7,67.0,97.4,2.6,1.00,5371,2930,655.56,348.37,0.0,1.0,3.10,0.31,17.57,40.0,0,123.8,0,0,0.3163,137366.2,152762,152696,524304,524304
1782882612,536783696,759234560,536870912,0,0,352,137,132279,125707,125707,128997,0,0,0,1.0,2.4,0.6,3.1,3.7,26.0,97.4,2.6,1.41,3266,818,406.82,97.95,0.0,0.0,7.39,0.32,24.41,17.0,0,126.6,0,0,0.9954,2902.8,153601,153601,524304,0
1782882613,535737208,636461056,536870912,0,0,79,195,132473,125898,125898,129188,0,0,0,0.9,1.2,1.3,0.7,2.0,18.0,97.5,2.5,1.19,943,823,113.55,97.48,0.0,0.0,0.69,0.31,0.91,10.0,0,122.4,0,0,0.0000,200000.0,153795,153795,524304,0
1782882614,536262040,630902784,536870912,0,0,543,703,133176,126601,126601,129890,0,0,1,2.5,2.6,3.4,2.8,6.2,64.0,97.5,2.5,1.17,7322,2821,899.25,335.96,0.0,0.0,4.22,0.31,31.75,50.0,12,124.7,0,0,0.0088,198258.6,154498,154498,524304,0
1782882616,536785768,617308160,536870912,0,0,598,774,133945,127372,127372,130663,0,0,0,2.1,3.0,1.9,4.7,6.6,30.5,97.5,2.5,1.15,5153,3084,627.68,367.95,0.0,1.0,2.45,0.31,13.59,40.0,12,123.8,0,0,0.0000,200000.0,155267,155267,524304,0
1782882617,536786208,594161664,536870912,0,0,666,766,134708,128134,128134,131428,0,0,1,2.1,3.8,0.9,6.1,7.0,62.0,97.5,2.5,1.11,2874,1528,351.06,182.63,0.0,0.0,3.40,0.31,10.24,22.0,7,124.1,0,0,0.0000,200000.0,156030,156030,524304,0
1782882618,537310792,567570432,536870912,0,0,697,780,135483,128908,128908,132207,0,1,1,3.3,2.6,4.0,2.9,6.9,62.0,97.5,2.5,1.06,5476,3103,667.68,370.17,0.0,0.0,3.05,0.31,17.66,41.0,0,123.9,0,0,0.0088,198258.3,156812,156811,524304,0
1782882619,538359704,561614848,536870912,0,0,692,766,136245,129672,129672,132972,0,3,1,1.7,3.0,0.4,6.1,6.5,63.0,97.5,2.5,1.05,5434,3048,662.62,364.13,0.0,0.0,2.89,0.31,16.65,37.0,4,124.0,0,0,0.0000,200000.0,157583,157581,524304,524304
1782882620,537834520,586903552,536870912,0,0,658,705,136946,130373,130373,133676,0,1,0,2.2,4.5,0.3,5.8,6.1,65.0,97.5,2.5,1.09,7570,2802,929.22,334.52,0.0,1.0,4.09,0.31,31.84,57.0,0,124.8,0,0,0.0000,200000.0,158282,158281,524304,0
1782882621,535737208,538394624,536870912,0,0,638,758,137701,131126,131126,134433,0,0,0,2.7,2.8,1.6,5.0,6.6,60.0,97.5,2.5,1.00,5360,3025,654.11,361.27,0.0,0.0,2.61,0.31,14.91,38.0,4,124.0,0,0,0.0088,198258.3,159036,159036,524304,0
1782882622,535737208,532131840,536870912,0,0,642,779,138476,131901,131901,135211,0,0,0,2.6,2.7,2.4,4.3,6.7,62.0,97.6,2.4,0.99,5452,3093,665.08,369.39,0.0,0.0,2.54,0.31,14.79,46.0,0,124.0,0,0,0.0088,198258.3,159811,159811,524304,0
1782882624,535737648,535781376,536870912,0,0,648,774,139249,132673,132673,135984,0,0,1,2.3,3.1,2.9,3.7,6.6,30.5,97.6,2.4,1.00,2799,1548,341.31,184.93,0.0,0.0,2.72,0.31,8.10,21.0,0,123.9,0,0,0.0088,198258.3,160584,160584,524304,0
1782882625,536813288,638820352,536870912,0,0,718,811,140055,133272,133272,136583,0,0,0,2.9,3.0,4.4,5.9,10.3,63.0,97.6,2.4,1.19,4737,3177,579.25,379.42,0.0,0.0,2.96,0.31,15.02,44.0,0,124.0,0,0,0.9859,4784.2,162011,162011,524304,0
1782882626,536813288,635949056,536870912,0,0,264,1,140055,133272,133272,136583,0,0,0,0.2,1.5,0.2,0.4,0.6,10.0,97.6,2.4,1.18,2180,2,271.52,0.01,0.0,1.0,6.02,0.00,13.12,9.0,0,127.4,0,0,0.0000,200000.0,162011,162011,524304,0
1782882627,536291632,691646464,536870912,0,0,202,327,140379,133593,133593,136906,0,0,1,1.3,2.1,2.0,0.9,2.9,32.0,97.6,2.4,1.29,2778,1297,339.87,154.82,0.0,0.0,3.78,0.31,10.90,24.0,73,124.3,0,0,0.0000,200000.0,162337,162337,524304,0
1782882628,535766800,644239360,536870912,0,0,614,692,141071,134285,134285,137597,0,0,0,2.3,3.2,0.0,5.8,5.8,64.0,97.6,2.4,1.20,6968,2809,854.77,335.46,0.0,0.0,3.89,0.31,27.96,50.0,0,124.7,0,0,0.0091,198203.8,163029,163029,524304,0
1782882629,537864840,606756864,536870912,0,0,616,776,141842,135057,135057,138372,0,2,1,2.8,2.9,3.3,3.6,6.9,62.0,97.6,2.4,1.13,5231,3094,637.11,369.39,0.0,0.0,3.54,0.31,19.50,48.0,0,123.8,0,0,0.0091,198204.4,163802,163800,524304,0
1782882630,537864112,567963648,536870912,0,0,646,768,142607,135823,135823,139139,0,1,0,2.2,3.2,1.1,6.3,7.4,63.0,97.6,2.4,1.06,5651,3049,689.91,364.13,0.0,0.0,2.97,0.31,17.73,41.0,0,124.1,0,0,0.0000,200000.0,164566,164565,524304,0
1782882632,536815800,567963648,536870912,0,0,649,771,143374,136589,136589,139909,0,0,1,2.4,2.4,2.5,4.2,6.7,30.5,97.6,2.4,1.06,2698,1536,329.07,183.35,0.0,0.5,2.93,0.31,8.39,17.0,3,123.9,0,0,0.0000,200000.0,165332,165332,524304,0
1782882633,535767240,565460992,536870912,0,0,667,778,144149,137362,137362,140686,0,0,1,2.2,3.1,2.1,4.2,6.3,63.0,97.6,2.4,1.05,5493,3096,670.13,369.98,0.0,0.0,3.56,0.31,20.53,40.0,2,124.0,0,0,0.0000,200000.0,166120,166120,524304,0
1782882634,535767240,553873408,536870912,0,0,696,773,144916,138129,138129,141458,0,0,1,2.1,3.0,1.1,5.4,6.5,61.0,97.6,2.4,1.03,5469,3062,667.09,365.75,0.0,0.0,2.88,0.31,16.70,39.0,0,124.0,0,0,0.0091,198203.8,166887,166887,524304,0
1782882635,537340368,540147712,536870912,0,0,696,764,145677,138893,138893,142221,0,1,1,2.8,2.7,1.2,5.0,6.2,68.0,97.7,2.3,1.01,6188,2991,757.25,357.43,0.0,0.0,3.28,0.38,21.42,54.0,127,124.4,0,0,0.0000,200000.0,167673,167672,524304,0
1782882636,536815360,745848832,536870912,0,0,649,680,146354,139570,139570,142900,0,0,0,2.9,2.7,2.9,3.1,6.0,67.0,97.7,2.3,1.39,6651,2768,816.17,330.20,0.0,0.0,3.83,0.47,26.74,51.0,0,124.6,0,0,0.0000,200000.0,168349,168349,524304,0
1782882637,535766800,537624576,536870912,0,0,618,748,147099,140313,140313,143647,0,0,0,2.4,3.1,0.0,6.6,6.6,66.0,97.7,2.3,1.00,5234,2966,638.41,354.11,0.0,1.0,3.27,0.39,18.25,43.0,1,123.9,0,0,0.0000,200000.0,169095,169095,524304,0
1782882638,575636392,537665536,536870912,0,0,616,815,147837,141044,141044,144380,0,74,0,2.7,3.0,2.0,6.2,8.2,71.0,97.7,2.3,1.00,5173,2893,631.40,345.50,0.0,0.0,2.79,0.50,15.86,44.0,0,124.0,0,0,0.3462,131453.6,170007,169934,524304,524304
1782882640,536842688,636362752,536870912,0,0,297,131,148038,141044,141044,144380,0,0,0,1.1,1.4,0.4,3.1,3.5,9.0,97.7,2.3,1.19,1015,412,126.44,49.22,0.0,0.0,5.98,0.42,6.24,5.5,0,126.1,0,0,0.9960,2794.3,170625,170625,524304,0
1782882641,536320920,633405440,536870912,0,0,77,196,148233,141236,141236,144572,0,0,1,0.7,1.5,1.3,0.7,2.0,21.0,97.7,2.3,1.18,944,839,113.91,99.87,0.0,0.0,0.64,0.41,0.95,12.0,4,122.8,0,0,0.0000,200000.0,170820,170820,524304,0
1782882642,538418696,798126080,536870912,0,0,555,717,148946,141951,141951,145288,0,3,1,2.4,3.3,3.2,3.4,6.6,68.0,97.7,2.3,1.49,5922,2850,724.12,340.25,0.0,1.0,3.77,0.38,23.42,38.0,3,124.2,0,0,0.0000,200000.0,171536,171534,524304,524304
1782882643,536321032,626401280,536870912,0,0,643,706,149654,142657,142657,145993,0,0,1,2.3,3.1,3.2,3.0,6.2,70.0,97.7,2.3,1.17,7160,2799,879.74,334.02,0.0,0.0,3.75,0.48,28.22,54.0,0,124.8,0,0,0.0093,198149.5,172241,172241,524304,0
1782882644,537893512,590639104,536870912,0,0,624,729,150379,143384,143384,146721,0,1,0,2.9,3.2,2.1,5.2,7.3,67.0,97.7,2.3,1.10,5299,2930,646.48,349.32,0.0,0.0,3.00,0.37,17.00,54.0,0,123.9,0,0,0.0095,198118.4,172967,172966,524304,0
1782882645,535796200,548380672,536870912,0,0,621,755,151133,144136,144136,147475,0,0,0,2.3,3.0,4.7,2.4,7.1,64.0,97.7,2.3,1.02,5247,3015,639.92,359.83,0.0,0.0,2.53,0.45,14.61,51.0,0,123.9,0,0,0.0000,200000.0,173723,173723,524304,0
1782882647,537894240,545878016,536870912,0,0,643,773,151901,144905,144905,148247,0,2,1,2.5,2.4,2.8,3.8,6.6,30.5,97.7,2.3,1.02,5503,3093,671.40,368.45,0.0,1.0,2.54,0.31,14.94,35.0,4,123.9,0,0,0.0095,198117.1,174493,174491,524304,0
1782882648,535796640,545878016,536870912,0,0,644,772,152673,145675,145675,149018,0,0,1,2.7,2.6,2.3,4.4,6.7,62.0,97.8,2.2,1.02,2709,1538,330.23,183.50,0.0,0.0,2.84,0.32,8.18,23.0,0,123.9,0,0,0.0000,200000.0,175264,175264,524304,0
1782882649,536320480,545357824,536870912,0,0,692,773,153441,146445,146445,149790,0,0,0,2.3,3.3,2.8,3.8,6.6,61.0,97.8,2.2,1.02,5468,3089,667.20,368.43,0.0,0.0,2.47,0.31,14.44,55.0,0,123.9,0,0,0.0000,200000.0,176032,176032,524304,0
1782882650,536320920,538886144,536870912,0,0,687,771,154210,147213,147213,150560,0,0,1,2.8,2.6,2.2,4.5,6.7,64.0,97.8,2.2,1.00,5561,3071,678.08,366.04,0.0,0.0,2.83,0.31,16.69,39.0,51,123.9,0,0,0.0093,198149.5,176801,176801,524304,0
1782882651,537894240,538886144,536870912,0,0,645,696,154902,147906,147906,151255,0,2,1,2.6,2.8,2.7,3.3,6.0,63.0,97.8,2.2,1.00,7353,2785,903.17,332.11,0.0,0.0,3.97,0.31,30.06,46.0,0,124.8,0,0,0.0093,198150.2,177496,177495,524304,524304
1782882652,538418232,538386432,536870912,0,0,628,752,155650,148655,148655,152006,0,1,1,3.0,3.2,0.0,6.8,6.8,85.0,97.8,2.2,1.00,5318,2997,649.12,356.96,0.0,1.0,3.20,1.67,22.02,67.0,0,123.9,0,0,0.0144,197150.8,178243,178242,524304,0
1782882653,536871888,639037440,536870912,0,0,521,593,156240,149036,149036,152388,0,0,0,2.2,3.0,0.2,7.7,7.9,50.0,97.8,2.2,1.19,3722,2305,457.04,275.71,0.0,0.0,4.59,0.32,17.83,36.0,0,124.5,0,0,0.9816,5645.5,179546,179546,524304,0
1782882655,536871888,639037440,536870912,0,0,0,1,156240,149036,149036,152388,0,0,0,0.2,1.1,0.2,0.4,0.6,3.0,97.8,2.2,1.19,368,0,45.78,0.00,0.0,0.0,13.49,0.00,4.96,1.5,0,127.4,0,0,0.0000,200000.0,179546,179546,524304,0
1782882656,536874312,638029824,536870912,0,0,340,615,156851,149646,149646,152999,0,2,0,1.9,2.1,2.4,2.9,5.3,50.0,97.8,2.2,1.19,2614,2516,314.41,298.66,0.0,0.0,0.43,0.34,1.98,32.0,1,122.4,0,0,0.0096,198095.7,180160,180158,524304,0
1782882657,536350120,635510784,536870912,0,0,616,661,157513,150306,150306,153659,0,0,1,2.7,3.6,2.2,3.5,5.7,76.0,97.8,2.2,1.18,7249,2640,891.07,314.91,0.0,1.0,3.81,1.10,30.49,64.0,0,124.9,0,0,0.0000,200000.0,180830,180830,524304,0
1782882658,537399144,586063872,536870912,0,0,676,729,158238,151033,151033,154387,0,2,1,2.7,2.8,2.2,4.4,6.6,69.0,97.8,2.2,1.09,6767,2872,829.68,342.15,0.0,0.0,3.29,0.35,23.27,56.0,0,124.5,0,0,0.0049,199030.1,181557,181555,524304,0
1782882659,535825840,583626752,536870912,0,0,643,757,158993,151785,151785,155143,0,0,1,2.4,3.6,0.0,6.8,6.8,68.0,97.8,2.2,1.09,6070,3038,741.98,362.68,0.0,0.0,3.27,0.52,21.45,48.0,20,124.2,0,0,0.0000,200000.0,182345,182345,524304,0
1782882660,535825840,563580928,536870912,0,0,631,752,159743,152535,152535,155894,0,0,1,2.4,3.5,2.0,4.8,6.8,74.0,97.8,2.2,1.05,5271,3027,642.50,360.78,0.0,0.0,2.59,1.15,17.11,60.0,1,123.8,0,0,0.0000,200000.0,183095,183095,524304,0
1782882662,536350120,558063616,536870912,0,0,635,761,160501,153294,153294,156654,0,0,1,3.0,3.6,0.9,5.6,6.5,33.5,97.9,2.1,1.04,5376,3038,655.43,362.22,0.0,0.0,3.28,0.36,18.74,49.0,1,123.9,0,0,0.0000,200000.0,183853,183853,524304,0
1782882663,535825840,541245440,536870912,0,0,631,751,161249,154041,154041,157404,0,0,1,3.0,2.9,0.1,6.1,6.2,65.0,97.9,2.1,1.01,2632,1496,321.08,178.49,0.0,0.5,3.30,0.36,9.23,22.0,0,123.9,0,0,0.0000,200000.0,184612,184612,524304,0
1782882664,535825400,533782528,536870912,0,0,664,739,161986,154779,154779,158142,0,0,0,2.0,3.1,1.4,4.9,6.3,64.0,97.9,2.1,0.99,5223,2944,637.62,351.23,0.0,0.0,3.25,0.35,18.00,44.0,0,124.0,0,0,0.0096,198095.7,185349,185349,524304,0
1782882665,536874136,533782528,536870912,0,0,676,756,162736,155531,155531,158897,0,1,0,2.5,2.9,3.1,3.5,6.6,65.0,97.9,2.1,0.99,5313,3031,648.26,361.27,0.0,0.0,3.16,0.35,17.86,49.0,1,123.9,0,0,0.0000,199998.2,186100,186099,524304,0
1782882666,537923152,609939456,536870912,0,0,667,681,163417,156211,156211,159577,0,1,1,2.5,3.2,1.9,3.8,5.7,77.0,97.9,2.1,1.14,7275,2683,893.93,320.17,0.0,0.0,4.72,0.95,36.88,70.0,0,124.8,0,0,0.0000,199997.4,186781,186780,524304,0
1782882667,536350120,534290432,536870912,0,0,625,738,164157,156950,156950,160314,0,0,1,2.3,3.1,1.8,4.6,6.4,66.0,97.9,2.1,1.00,5264,2998,642.44,356.97,0.0,1.0,3.31,0.36,18.51,46.0,0,123.9,0,0,0.0096,198096.3,187522,187522,524304,0
1782882668,536377336,639553536,536870912,0,0,497,505,164658,157241,157241,160606,0,0,0,2.0,2.2,1.4,6.1,7.5,46.0,97.9,2.1,1.19,3632,1953,447.06,233.18,0.0,0.0,4.32,0.37,16.39,26.0,0,124.7,0,0,0.9917,3652.7,188611,188611,524304,0
1782882670,536377336,639520768,536870912,0,0,0,1,164658,157241,157241,160606,0,0,0,0.4,0.9,0.2,0.4,0.6,2.0,97.9,2.1,1.19,173,0,21.35,0.00,0.0,0.0,4.03,0.00,0.70,1.0,0,126.4,0,0,0.9917,3652.7,188611,188611,524304,0
1782882671,535855680,625991680,536870912,0,0,411,685,165340,157920,157920,161287,0,0,1,2.5,2.0,2.1,3.6,5.7,59.0,97.9,2.1,1.17,1623,1392,195.88,165.58,0.0,0.0,1.19,0.36,2.43,18.0,16,122.7,0,0,0.0000,200000.0,189294,189294,524304,0
1782882672,535855576,608985088,536870912,0,0,625,667,166007,158586,158586,161953,0,0,1,1.8,3.4,0.9,4.8,5.7,67.0,97.9,2.1,1.13,7256,2681,890.97,318.79,0.0,1.0,3.85,0.36,28.89,49.0,4,124.7,0,0,0.0001,199974.7,189961,189961,524304,0
1782882673,535855128,583831552,536870912,0,0,677,760,166762,159343,159343,162712,0,0,0,2.4,3.0,3.5,3.0,6.5,66.0,97.9,2.1,1.09,5349,3052,652.63,361.70,0.0,0.0,2.69,0.36,15.49,41.0,0,123.6,0,0,0.0000,200000.0,190717,190717,524304,0
1782882674,535855568,762998784,536870912,0,0,641,680,167440,160020,160020,163391,0,0,1,2.2,3.5,1.7,4.3,6.0,66.0,97.9,2.1,1.42,7209,2717,885.45,322.56,0.0,0.0,4.59,0.33,34.03,59.0,0,124.6,0,0,0.0000,200000.0,191395,191395,524304,0
1782882675,535855568,548605952,536870912,0,0,632,756,168195,160775,160775,164146,0,0,1,3.0,3.6,0.0,6.7,6.7,73.0,97.9,2.1,1.02,5320,3035,648.66,361.04,0.0,0.0,3.04,0.86,18.77,54.0,10,123.7,0,0,0.0050,199007.7,192150,192150,524304,0
1782882676,537428888,540917760,536870912,0,0,633,756,168949,161530,161530,164901,0,2,1,3.2,2.5,1.1,5.3,6.4,66.0,98.0,2.0,1.01,5357,3028,653.53,361.02,0.0,0.0,2.92,0.35,16.70,52.0,0,123.9,0,0,0.0000,200000.0,192906,192904,524304,0
1782882678,537953344,537894912,536870912,0,0,641,766,169712,162294,162294,165666,0,3,1,2.7,3.0,1.5,4.8,6.3,32.5,98.0,2.0,1.00,2675,1531,326.29,182.45,0.0,0.5,2.65,0.36,7.64,24.0,7,123.8,0,0,0.0050,199007.7,193670,193667,524304,0
1782882679,535330848,533823488,536870912,0,0,635,750,170464,163044,163044,166415,0,0,0,2.6,2.3,1.5,5.2,6.7,64.0,98.0,2.0,1.00,5371,3005,655.14,358.12,0.0,0.0,2.80,0.36,16.12,40.0,0,123.9,0,0,0.0000,200000.0,194419,194419,524304,0
1782882680,535855568,536825856,536870912,0,0,673,751,171215,163795,163795,167165,0,0,1,2.7,2.5,1.5,4.8,6.3,67.0,98.0,2.0,1.00,5313,3002,648.68,358.39,0.0,0.0,3.38,0.36,19.05,40.0,4,124.0,0,0,0.0000,200000.0,195171,195171,524304,0
1782882681,536379584,534253568,536870912,0,0,671,750,171960,164542,164542,167914,0,1,0,2.3,2.9,1.4,4.9,6.3,68.0,98.0,2.0,1.00,5310,2990,647.78,356.49,0.0,0.0,4.06,0.36,22.62,45.0,1,123.9,0,0,0.0000,200000.0,195920,195919,524304,0
1782882682,535855128,542507008,536870912,0,0,636,685,172644,165225,165225,168598,0,0,0,2.3,3.1,2.9,2.7,5.6,68.0,98.0,2.0,1.01,7374,2732,906.22,325.43,0.0,1.0,4.12,0.36,31.33,47.0,12,124.8,0,0,0.0099,198040.6,196603,196603,524304,0
1782882683,536406928,643035136,536870912,0,0,585,650,173291,165663,165663,169036,0,0,0,2.1,2.7,1.3,6.8,8.1,55.0,98.0,2.0,1.20,3877,2555,474.29,304.87,0.0,0.0,3.59,0.35,14.80,34.0,0,124.0,0,0,0.9968,2630.7,197802,197802,524304,0
1782882684,536406928,634888192,536870912,0,0,135,1,173291,165663,165663,169036,0,0,0,0.2,1.2,0.1,0.4,0.5,4.0,98.0,2.0,1.18,614,0,76.10,0.00,0.0,0.0,7.99,0.00,4.91,3.0,0,126.9,0,0,0.9968,2630.7,197802,197802,524304,0
1782882686,537457752,632496128,536870912,0,0,334,554,173841,166212,166212,169586,0,1,0,1.6,1.7,1.8,2.8,4.6,23.5,98.0,2.0,1.18,1190,1134,143.28,134.76,0.0,0.0,0.52,0.36,1.03,11.0,0,122.5,0,0,0.0000,200000.0,198353,198352,524304,0
1782882687,535360880,623329280,536870912,0,0,623,669,174510,166878,166878,170254,0,0,1,2.3,3.0,0.9,4.9,5.8,69.0,98.0,2.0,1.16,7507,2669,922.30,317.31,0.0,1.0,4.03,0.36,31.21,55.0,0,124.7,0,0,0.0000,200000.0,199021,199021,524304,0
1782882688,536409440,597135360,536870912,0,0,682,762,175268,167638,167638,171015,0,0,1,2.3,3.2,1.7,5.4,7.1,65.0,98.0,2.0,1.11,5314,3025,647.61,359.83,0.0,0.0,2.74,0.35,15.66,49.0,4,123.7,0,0,0.0000,200000.0,199779,199779,524304,0
1782882689,536409000,574857216,536870912,0,0,672,749,176011,168382,168382,171763,0,0,0,2.6,3.0,2.6,4.0,6.6,67.0,98.0,2.0,1.07,5318,3012,648.80,358.39,0.0,0.0,3.63,0.36,20.38,46.0,12,123.8,0,0,0.0000,200000.0,200525,200525,524304,0
1782882690,536409440,767324160,536870912,0,0,654,689,176697,169067,169067,172451,0,0,1,2.6,3.3,0.0,5.9,5.9,68.0,98.0,2.0,1.43,7312,2768,897.64,328.29,0.0,0.0,4.14,0.36,31.25,55.0,0,124.5,0,0,0.0000,200000.0,201211,201211,524304,0
1782882691,536933912,548323328,536870912,0,0,632,758,177453,169822,169822,173208,0,1,1,2.0,3.0,0.0,6.4,6.4,64.0,98.0,2.0,1.02,5293,3035,645.77,361.27,1.0,0.0,2.88,0.36,16.31,43.0,4,123.8,0,0,0.0000,200000.0,201968,201967,524304,0
1782882692,536409440,541229056,536870912,0,0,630,748,178197,170567,170567,173955,0,0,1,2.5,2.6,1.7,4.9,6.6,64.0,98.1,1.9,1.01,5258,2992,641.26,355.54,0.0,1.0,2.82,0.35,15.86,40.0,0,123.7,0,0,0.0000,200000.0,202711,202711,524304,0
1782882694,536409440,537792512,536870912,0,0,632,757,178953,171323,171323,174711,0,0,1,2.5,2.9,2.3,4.1,6.4,33.0,98.1,1.9,1.00,2681,1524,326.92,181.11,0.0,0.0,3.68,0.36,10.41,23.5,1,123.7,0,0,0.0000,200000.0,203479,203479,524304,0
1782882695,535360440,534286336,536870912,0,0,672,764,179716,172085,172085,175474,0,0,0,2.5,3.1,2.6,3.9,6.5,65.0,98.1,1.9,0.99,5372,3057,654.61,363.82,0.0,0.0,2.72,0.35,15.66,46.0,7,123.7,0,0,0.0000,200000.0,204242,204242,524304,0
1782882696,537982936,534650880,536870912,0,0,680,752,180464,172835,172835,176225,0,3,1,2.3,2.9,2.7,3.7,6.4,64.0,98.1,1.9,1.00,5342,3005,651.54,358.70,0.0,0.0,2.68,0.37,15.42,48.0,0,123.9,0,0,0.0000,200000.0,205012,205009,524304,0
1782882697,535885160,538005504,536870912,0,0,672,751,181217,173586,173586,176975,0,0,1,2.8,2.8,1.8,4.6,6.4,67.0,98.1,1.9,1.00,5399,3008,658.70,358.40,0.0,1.0,2.81,0.35,16.22,46.0,80,123.9,0,0,0.0000,200000.0,205778,205778,524304,0
1782882698,535884720,570961920,536870912,0,0,633,679,181894,174264,174264,177653,0,0,0,2.4,3.6,0.3,5.8,6.1,71.0,98.1,1.9,1.07,7247,2714,890.22,323.42,0.0,0.0,4.34,0.61,33.13,61.0,9,124.8,0,0,0.0000,200000.0,206574,206574,524304,0
1782882699,536437248,637014016,536870912,0,0,337,239,182130,174288,174288,177677,0,0,0,1.5,1.7,0.7,4.4,5.1,22.0,98.1,1.9,1.19,1380,891,171.64,106.63,0.0,0.0,6.24,0.61,9.15,13.0,0,125.5,0,0,0.9824,5476.6,207392,207392,524304,0
1782882700,536439320,634376192,536870912,0,0,85,141,182268,174425,174425,177814,0,0,0,0.9,1.4,0.2,1.4,1.6,19.0,98.1,1.9,1.18,709,604,85.67,71.68,0.0,0.0,0.73,0.66,0.92,13.0,0,122.7,0,0,0.0000,200000.0,207530,207530,524304,0
1782882702,537488800,631951360,536870912,0,0,499,695,182963,175119,175119,178508,0,2,1,2.5,3.2,2.5,3.6,6.1,34.0,98.1,1.9,1.18,2841,1388,347.81,165.11,0.0,0.5,3.64,0.51,11.06,28.0,0,124.2,0,0,0.0000,200000.0,208227,208225,524304,0
1782882703,536964344,617426944,536870912,0,0,619,714,183675,175830,175830,179221,0,1,1,2.1,3.4,4.1,2.1,6.2,69.0,98.1,1.9,1.15,5459,2871,667.22,341.24,0.0,0.0,3.32,0.50,19.54,52.0,8,124.0,0,0,0.0056,198897.5,208938,208938,524304,524304
1782882704,537488248,607633408,536870912,0,0,672,744,184415,176572,176572,179964,0,2,0,2.7,2.9,0.2,6.3,6.5,71.0,98.1,1.9,1.13,5344,2993,651.47,355.47,0.0,0.0,3.16,0.53,18.50,52.0,0,123.7,0,0,0.0007,199864.3,209688,209686,524304,0
1782882705,536439872,585007104,536870912,0,0,668,743,185158,177314,177314,180706,0,0,1,2.8,2.7,1.7,4.6,6.3,69.0,98.1,1.9,1.09,5618,2948,686.26,348.83,0.0,0.0,3.35,0.44,20.12,50.0,119,123.7,0,0,0.0000,200000.0,210432,210432,524304,0
1782882706,535390760,727150592,536870912,0,0,651,662,185821,177976,177976,181367,0,0,0,2.3,3.2,1.5,4.6,6.1,70.0,98.1,1.9,1.36,6784,2687,832.44,320.89,0.0,0.0,3.90,0.49,27.77,58.0,14,124.7,0,0,0.0056,198897.8,211095,211095,524304,0
1782882707,536439760,559394816,536870912,0,0,618,749,186568,178724,178724,182115,0,0,1,2.7,3.1,0.5,6.3,6.8,71.0,98.1,1.9,1.04,5256,3007,641.32,358.63,0.0,1.0,3.21,0.43,18.17,54.0,0,123.9,0,0,0.0056,198897.2,211842,211842,524304,0
1782882708,535390760,548802560,536870912,0,0,618,752,187319,179474,179474,182866,0,0,0,2.6,3.6,4.9,1.3,6.2,68.0,98.1,1.9,1.02,5253,2982,641.06,356.01,0.0,0.0,2.90,0.45,16.59,59.0,0,124.0,0,0,0.0056,198897.8,212593,212593,524304,0
1782882710,536439760,536686592,536870912,0,0,632,762,188077,180233,180233,183627,0,0,1,2.5,3.0,1.5,5.2,6.7,32.5,98.2,1.8,1.00,2665,1526,325.13,182.06,0.0,0.0,2.91,0.37,8.32,26.0,0,123.9,0,0,0.0000,200000.0,213351,213351,524304,0
1782882711,536964056,536686592,536870912,0,0,674,765,188841,180996,180996,184391,0,0,1,2.2,3.5,2.7,3.7,6.4,66.0,98.2,1.8,1.00,5536,3065,675.26,365.56,0.0,0.0,3.08,0.32,18.05,45.0,0,123.9,0,0,0.0056,198897.2,214122,214122,524304,0
1782882712,537488072,536948736,536870912,0,0,685,758,189596,181753,181753,185148,0,1,0,2.6,3.2,2.1,4.2,6.3,65.0,98.2,1.8,1.00,5359,3026,653.98,360.96,0.0,1.0,2.96,0.32,16.84,53.0,7,123.9,0,0,0.0000,200000.0,214904,214903,524304,0
1782882713,535915480,540164096,536870912,0,0,692,752,190348,182503,182503,185899,0,0,1,2.4,3.1,0.8,5.6,6.4,66.0,98.2,1.8,1.01,6197,2965,758.29,353.45,0.0,0.0,3.71,0.32,23.91,46.0,96,124.3,0,0,0.0000,200000.0,215656,215656,524304,0
1782882714,641330496,823619584,536870912,0,0,760,844,190988,183134,183134,186532,0,42,0,2.8,2.4,1.8,7.7,9.5,71.0,98.2,1.8,1.28,6339,2580,778.14,308.21,0.0,0.0,3.94,0.32,25.82,43.0,0,124.7,0,0,0.9728,7379.0,217020,216978,524304,0
1782882715,536467088,633847808,536870912,0,0,255,1,191186,183134,183134,186532,0,0,0,0.9,1.5,0.7,0.0,0.7,11.0,98.2,1.8,1.18,1091,767,135.89,91.74,0.0,0.0,5.76,0.40,6.59,9.0,0,125.5,0,0,0.9728,7379.0,217249,217249,524304,0
1782882716,536469600,630829056,536870912,0,0,181,322,191506,183452,183452,186850,0,0,1,1.6,1.7,1.7,1.2,2.9,28.0,98.2,1.8,1.18,1432,1327,172.47,158.32,0.0,0.0,0.50,0.32,1.14,15.0,7,122.8,0,0,0.0000,200000.0,217569,217569,524304,0
1782882718,535945432,625250304,536870912,0,0,592,691,192196,184141,184141,187540,0,0,1,2.4,3.1,2.3,3.7,6.0,33.0,98.2,1.8,1.17,3394,1409,416.61,165.51,0.0,0.5,3.68,0.32,12.95,28.5,0,124.1,0,0,0.0000,200000.0,218261,218261,524304,0
1782882719,535420600,605650944,536870912,0,0,688,810,193006,184951,184951,188349,0,0,0,2.8,3.0,3.5,3.1,6.6,63.0,98.2,1.8,1.13,5347,3330,650.79,386.11,0.0,0.0,2.58,0.31,14.84,38.0,0,122.4,0,0,0.0000,200000.0,219072,219072,524304,0
1782882720,535944880,589111296,536870912,0,0,664,735,193739,185685,185685,189083,0,0,0,2.5,3.5,1.3,4.8,6.1,66.0,98.2,1.8,1.10,5599,2930,683.89,349.11,0.0,0.0,3.23,0.36,19.14,55.0,10,124.0,0,0,0.0000,200000.0,219805,219805,524304,0
1782882721,535421040,563937280,536870912,0,0,682,739,194478,186422,186422,189821,0,0,1,2.7,2.5,2.3,4.0,6.3,68.0,98.2,1.8,1.05,6288,2915,769.70,347.61,0.0,0.0,3.41,0.33,22.40,50.0,122,124.3,0,0,0.0000,200000.0,220545,220545,524304,0
1782882722,535421040,631222272,536870912,0,0,643,700,195177,187121,187121,190520,0,0,1,3.0,2.5,3.0,2.8,5.8,64.0,98.2,1.8,1.18,6419,2844,786.57,338.34,0.0,1.0,3.60,0.32,24.00,54.0,0,124.4,0,0,0.0000,200000.0,221244,221244,524304,0
1782882723,538043096,547823616,536870912,0,0,622,753,195923,187870,187870,191272,0,3,1,1.8,3.4,2.6,4.0,6.6,67.0,98.2,1.8,1.02,5269,3004,643.06,358.41,0.0,0.0,3.31,0.39,18.60,41.0,9,124.0,0,0,0.0000,200000.0,221993,221991,524304,524304
1782882725,535945320,536510464,536870912,0,0,627,761,196684,188629,188629,192032,0,0,1,2.7,2.6,1.7,4.7,6.4,32.0,98.2,1.8,1.00,5352,3050,653.07,363.63,0.0,0.0,2.97,0.32,16.84,44.0,0,123.9,0,0,0.0058,198842.5,222751,222751,524304,0
1782882726,536469600,536641536,536870912,0,0,638,768,197450,189396,189396,192799,0,0,1,2.5,3.2,2.4,4.5,6.9,65.0,98.2,1.8,1.00,2712,1531,330.64,182.54,0.0,0.0,2.83,0.34,8.20,19.5,0,123.9,0,0,0.0000,200000.0,223521,223521,524304,0
1782882727,535944880,533639168,536870912,0,0,693,768,198216,190162,190162,193566,0,0,0,2.4,3.3,0.0,6.5,6.5,64.0,98.2,1.8,0.99,5440,3067,663.30,365.58,0.0,1.0,2.75,0.32,15.91,44.0,0,123.8,0,0,0.0000,200000.0,224287,224287,524304,0
1782882728,536469160,537833472,536870912,0,0,689,760,198973,190920,190920,194325,0,0,0,2.6,2.3,4.0,2.4,6.4,66.0,98.2,1.8,1.00,5462,3045,666.55,363.16,0.0,0.0,3.11,0.32,17.97,45.0,0,123.9,0,0,0.0000,200000.0,225046,225046,524304,0
1782882729,536469712,693547008,536870912,0,0,665,720,199692,191638,191638,195044,0,0,1,2.6,2.9,2.3,3.8,6.1,67.0,98.3,1.7,1.29,6739,2832,826.49,337.84,0.0,0.0,3.72,0.32,25.99,55.0,50,124.6,0,0,0.0000,200000.0,225766,225766,524304,0
1782882730,540166560,636616704,536870912,0,0,682,765,200446,192190,192190,195597,0,1,0,2.6,3.4,0.9,8.5,9.4,65.0,98.3,1.7,1.11,5312,3033,651.46,362.68,0.0,0.0,3.81,0.33,21.21,47.0,0,124.4,0,0,0.9830,5367.8,227261,227260,524304,0
1782882731,536496424,632332288,536870912,0,0,227,1,200453,192190,192190,195597,0,0,0,0.3,1.0,0.1,0.4,0.5,6.0,98.3,1.7,1.18,939,0,116.22,0.00,0.0,0.0,6.74,0.00,6.32,4.0,0,126.7,0,0,0.0404,191992.7,227267,227267,524304,0
1782882733,536498936,628785152,536870912,0,0,252,423,200873,192608,192608,196016,0,0,1,1.9,1.6,0.7,3.4,4.1,18.0,98.3,1.7,1.17,1840,1743,221.27,206.45,0.0,1.0,0.48,0.32,1.43,23.0,0,122.2,0,0,0.0000,200000.0,227687,227687,524304,0
1782882734,536498936,616316928,536870912,0,0,626,659,201529,193264,193264,196674,0,0,1,1.9,3.8,1.3,4.4,5.7,69.0,98.3,1.7,1.15,3481,1307,427.67,155.54,0.0,0.0,4.02,0.35,14.45,31.0,0,124.7,0,0,0.0000,200000.0,228343,228343,524304,0
1782882735,536498936,597790720,536870912,0,0,668,757,202285,194020,194020,197430,0,0,1,2.5,3.3,6.1,0.5,6.6,66.0,98.3,1.7,1.11,5164,3021,629.54,359.82,0.0,0.0,2.71,0.32,14.94,42.0,125,123.8,0,0,0.0000,200000.0,229113,229113,524304,0
1782882736,535449936,590835712,536870912,0,0,666,740,203025,194759,194759,198169,0,0,0,2.7,2.8,0.7,5.7,6.4,64.0,98.3,1.7,1.10,5459,2993,666.44,356.96,0.0,0.0,3.02,0.31,17.41,42.0,1,124.0,0,0,0.0000,200000.0,229854,229854,524304,0
1782882737,536499048,572698624,536870912,0,0,695,722,203745,195480,195480,198890,0,0,1,2.3,3.2,1.9,4.1,6.0,68.0,98.3,1.7,1.07,7321,2842,898.50,338.34,0.0,1.0,3.67,0.32,27.80,49.0,100,124.6,0,0,0.0000,200000.0,230580,230580,524304,0
1782882738,537023408,558116864,536870912,0,0,649,756,204501,196235,196235,199645,0,1,1,2.6,2.9,3.9,2.5,6.4,65.0,98.3,1.7,1.04,5655,3070,690.27,365.55,0.0,0.0,3.05,0.32,18.25,41.0,16,123.9,0,0,0.0000,200000.0,231346,231345,524304,0
1782882739,535974656,540028928,536870912,0,0,644,771,205269,197003,197003,200415,0,0,1,2.6,3.0,3.2,3.4,6.6,64.0,98.3,1.7,1.01,5417,3085,661.02,367.87,0.0,0.0,3.08,0.32,17.64,51.0,9,123.9,0,0,0.0000,200000.0,232116,232116,524304,0
1782882741,536498936,540090368,536870912,0,0,643,774,206040,197775,197775,201188,0,0,1,2.2,2.9,1.6,5.0,6.6,31.0,98.3,1.7,1.01,2734,1545,333.45,184.49,0.0,0.0,2.73,0.31,7.96,19.0,16,123.9,0,0,0.0000,200000.0,232887,232887,524304,0
1782882742,537547248,536039424,536870912,0,0,646,771,206809,198545,198545,201958,0,1,0,2.2,3.3,0.5,6.0,6.5,63.0,98.3,1.7,1.00,5441,3074,663.41,367.00,0.0,0.0,2.71,0.31,15.72,49.0,0,123.9,0,0,0.0000,200000.0,233657,233656,524304,0
1782882743,535449936,538923008,536870912,0,0,692,774,207584,199318,199318,202731,0,0,0,2.6,2.7,2.7,3.6,6.3,64.0,98.3,1.7,1.01,5493,3096,670.22,369.39,0.0,1.0,2.66,0.32,15.60,43.0,0,123.9,0,0,0.0000,200000.0,234431,234431,524304,0
1782882744,535974656,539041792,536870912,0,0,697,767,208351,200085,200085,203497,0,0,1,2.6,2.6,1.8,4.5,6.3,64.0,98.3,1.7,1.00,5460,3070,666.03,365.56,0.0,0.0,2.84,0.31,16.48,44.0,0,123.8,0,0,0.0061,198788.1,235202,235202,524304,0
1782882745,537023504,669339648,536870912,0,0,683,712,209058,200794,200794,204208,0,1,1,2.4,3.0,1.6,4.1,5.7,65.0,98.3,1.7,1.25,7564,2813,929.57,335.46,1.0,0.0,3.75,0.31,29.24,47.0,4,124.8,0,0,0.0012,199755.2,235910,235909,524304,0
1782882746,610450072,637624320,536870912,0,0,721,879,209795,201460,201460,204873,0,1,0,3.1,2.4,2.1,7.7,9.8,66.0,98.3,1.7,1.04,5057,3014,617.35,359.83,0.0,0.0,3.01,0.31,16.17,37.0,0,124.0,0,0,0.9930,3379.1,237190,237189,524304,0
1782882747,536526416,633716736,536870912,0,0,255,1,209936,201460,201460,204873,0,0,0,0.7,1.3,0.6,0.0,0.6,9.0,98.3,1.7,1.18,1331,470,165.61,55.92,0.0,1.0,6.86,0.31,9.28,8.0,0,126.0,0,0,0.9930,3379.1,237330,237330,524304,0
1782882749,536528664,629686272,536870912,0,0,138,280,210213,201736,201736,205149,0,1,0,1.3,1.3,1.2,1.4,2.6,12.0,98.3,1.7,1.17,635,586,76.31,69.53,0.0,0.0,0.49,0.31,0.49,8.0,0,122.3,0,0,0.0000,200000.0,237608,237607,524304,0
1782882750,536529040,629780480,536870912,0,0,638,761,210974,202496,202496,205909,0,0,1,2.4,3.1,2.9,3.6,6.5,65.0,98.3,1.7,1.17,6265,3049,766.54,362.59,0.0,0.0,3.28,0.31,21.52,46.0,9,124.1,0,0,0.0000,200000.0,238368,238368,524304,0
1782882751,536528928,585465856,536870912,0,0,691,763,211736,203258,203258,206671,0,0,1,2.0,2.9,2.8,3.9,6.7,65.0,98.3,1.7,1.09,5992,3056,732.92,364.23,0.0,0.0,3.33,0.31,20.89,39.0,0,124.2,0,0,0.0000,200000.0,239132,239132,524304,0
1782882752,536528664,585465856,536870912,0,0,710,797,212530,204053,204053,207467,0,1,0,2.1,3.4,2.2,4.6,6.8,64.0,98.4,1.6,1.09,5619,3175,685.12,378.71,0.0,0.0,2.75,0.31,16.46,49.0,11,123.9,0,0,0.0000,200000.0,239933,239932,524304,0
1782882753,536004760,585146368,536870912,0,0,671,707,213238,204759,204759,208173,0,0,1,2.2,3.3,0.4,5.7,6.1,67.0,98.4,1.6,1.09,7590,2833,932.58,338.07,0.0,0.0,4.20,0.31,32.77,43.0,0,124.8,0,0,0.0000,200000.0,240645,240645,524304,0
1782882754,536528488,567996416,536870912,0,0,663,795,214029,205552,205552,208967,0,0,0,2.7,3.5,2.0,4.7,6.7,62.0,98.4,1.6,1.06,5664,3179,690.98,378.48,0.0,1.0,2.78,0.31,16.71,50.0,0,123.8,0,0,0.0000,200000.0,241449,241449,524304,0
1782882755,536528488,550887424,536870912,0,0,655,779,214808,206331,206331,209745,0,0,0,3.1,2.6,3.2,3.3,6.5,62.0,98.4,1.6,1.03,5536,3124,675.02,372.74,0.0,0.0,2.61,0.31,15.43,48.0,0,123.9,0,0,0.0000,200000.0,242228,242228,524304,0
1782882757,535479928,542322688,536870912,0,0,648,777,215584,207105,207105,210521,0,0,0,1.9,3.2,2.2,4.3,6.5,32.0,98.4,1.6,1.01,2725,1548,332.54,184.69,0.0,0.0,2.88,0.31,8.34,20.0,0,123.9,0,0,0.0000,200000.0,243005,243005,524304,0
1782882758,536528928,540495872,536870912,0,0,661,791,216373,207895,207895,211311,0,0,1,2.7,3.0,1.9,4.9,6.8,63.0,98.4,1.6,1.01,5610,3169,684.33,377.02,0.0,0.0,3.07,0.31,18.23,48.0,0,123.8,0,0,0.0000,200000.0,243799,243799,524304,0
1782882759,537053208,543174656,536870912,0,0,702,783,217154,208677,208677,212093,0,0,1,2.4,2.9,2.2,4.4,6.6,62.0,98.4,1.6,1.01,5642,3135,688.73,374.18,0.0,1.0,2.93,0.31,17.48,41.0,9,124.0,0,0,0.0017,199668.0,244580,244580,524304,0
1782882760,537577968,543543296,536870912,0,0,700,782,217936,209458,209458,212874,0,2,1,2.4,3.3,1.6,5.0,6.6,64.0,98.4,1.6,1.01,5559,3123,678.32,372.73,0.0,0.0,2.75,0.31,16.24,49.0,0,124.0,0,0,0.0000,200000.0,245364,245363,524304,524304
1782882761,535479928,665833472,536870912,0,0,691,702,218639,210160,210160,213575,0,0,0,2.2,3.4,1.5,4.2,5.7,65.0,98.4,1.6,1.24,7617,2811,936.24,335.46,0.0,0.0,4.35,0.31,34.01,54.0,4,124.9,0,0,0.0000,200000.0,246065,246065,524304,0
1782882762,536004208,538284032,536870912,0,0,650,780,219416,210938,210938,214354,0,0,0,2.1,2.7,1.5,4.9,6.4,64.0,98.4,1.6,1.00,5487,3113,669.97,371.30,0.0,0.0,2.95,0.31,17.16,37.0,0,124.0,0,0,0.0000,200000.0,246842,246842,524304,0
1782882763,536556272,639078400,536870912,0,0,335,221,219634,210946,210946,214362,0,0,0,1.2,1.5,0.7,4.4,5.1,20.0,98.4,1.6,1.19,1760,831,219.16,99.39,0.0,0.0,5.74,0.31,10.36,11.0,0,125.9,0,0,0.0000,200000.0,247637,247637,524304,0
1782882765,536034504,632848384,536870912,0,0,102,166,219798,211107,211107,214524,0,0,1,1.2,1.5,1.8,0.0,1.8,8.5,98.4,1.6,1.18,403,350,48.33,41.58,0.0,0.5,0.60,0.31,0.35,6.0,0,122.3,0,0,0.0067,198677.7,247808,247808,524304,0
1782882766,536558520,637960192,536870912,0,0,573,789,220583,211894,211894,215312,0,1,0,2.6,2.5,4.0,2.8,6.8,64.0,98.4,1.6,1.19,5478,3160,667.87,375.84,0.0,0.0,3.47,0.31,20.02,41.0,10,123.7,0,0,0.0000,200000.0,248614,248613,524304,0
1782882767,536034064,623874048,536870912,0,0,679,742,221324,212634,212634,216053,0,0,0,2.7,2.5,2.2,4.4,6.6,65.0,98.4,1.6,1.16,6552,2977,802.78,353.84,0.0,0.0,3.63,0.31,24.69,37.0,0,124.3,0,0,0.0000,200000.0,249354,249354,524304,0
1782882768,536558520,598888448,536870912,0,0,705,790,222111,213422,213422,216842,0,1,0,2.7,3.1,2.6,4.1,6.7,66.0,98.4,1.6,1.12,5578,3157,680.26,376.07,0.0,0.0,2.59,0.31,15.41,49.0,0,123.8,0,0,0.0000,200000.0,250147,250146,524304,0
1782882769,536558784,593281024,536870912,0,0,669,709,222820,214130,214130,217550,0,0,1,2.2,3.4,2.9,3.8,6.7,66.0,98.4,1.6,1.10,7568,2835,930.28,337.84,0.0,0.0,6.26,0.31,48.23,47.0,0,124.8,0,0,0.0000,200000.0,250855,250855,524304,0
1782882770,536034064,566312960,536870912,0,0,654,781,223601,214911,214911,218330,0,0,0,2.4,3.0,4.2,2.4,6.6,63.0,98.4,1.6,1.05,5545,3129,676.52,373.70,0.0,1.0,2.84,0.31,16.75,39.0,0,124.0,0,0,0.0000,200000.0,251636,251636,524304,0
1782882771,536558520,549658624,536870912,0,0,657,788,224386,215697,215697,219117,0,1,0,2.5,2.4,2.6,4.0,6.6,61.0,98.4,1.6,1.03,5569,3153,678.86,375.42,0.0,0.0,2.63,0.31,15.60,39.0,4,123.8,0,0,0.0000,200000.0,252422,252421,524304,0
1782882773,535509784,534171648,536870912,0,0,662,792,225177,216486,216486,219908,0,0,0,2.8,2.6,1.5,5.2,6.7,31.5,98.4,1.6,0.99,2796,1582,341.25,188.61,0.0,0.0,2.75,0.31,8.18,25.5,0,123.9,0,0,0.0000,200000.0,253212,253212,524304,0
1782882774,536034504,534171648,536870912,0,0,702,792,225968,217277,217277,220699,0,0,1,2.4,2.9,1.5,5.2,6.7,63.0,98.4,1.6,0.99,5620,3172,685.28,377.51,0.0,0.0,2.82,0.31,16.81,47.0,0,123.8,0,0,0.0000,200000.0,254003,254003,524304,0
1782882775,537607272,534171648,536870912,0,0,705,783,226745,218056,218056,221481,0,2,0,2.1,3.0,0.5,6.4,6.9,62.0,98.5,1.5,0.99,5549,3115,676.77,371.31,0.0,1.0,3.21,0.31,18.77,41.0,0,123.9,0,0,0.0000,200000.0,254782,254780,524304,0
1782882776,536034504,538103808,536870912,0,0,705,786,227533,218842,218842,222266,0,0,1,2.4,2.9,3.5,3.0,6.5,65.0,98.5,1.5,1.00,5851,3109,714.61,371.29,0.0,0.0,3.19,0.31,19.61,45.0,122,124.1,0,0,0.0000,200000.0,255569,255569,524304,0
1782882777,536558520,538222592,536870912,0,0,648,695,228225,219536,219536,222960,0,1,0,2.5,2.7,4.3,1.6,5.9,65.0,98.5,1.5,1.00,7313,2825,898.41,336.89,0.0,0.0,4.10,0.31,30.83,42.0,1,124.8,0,0,0.0067,198677.7,256262,256261,524304,0
1782882778,537607272,538615808,536870912,0,0,652,784,229008,220319,220319,223743,0,2,0,2.4,2.7,3.4,3.4,6.8,62.0,98.5,1.5,1.00,5561,3139,678.47,374.17,0.0,0.0,2.68,0.31,15.86,38.0,0,123.9,0,0,0.0000,200000.0,257046,257044,524304,0
1782882780,536586056,634462208,536870912,0,0,505,532,229538,220639,220639,224063,0,0,0,1.8,2.5,2.6,5.0,7.6,21.5,98.5,1.5,1.18,3456,2053,424.86,245.13,0.0,0.0,4.14,0.32,14.95,20.0,0,124.5,0,0,0.9887,4238.7,258128,258128,524304,0
1782882781,536586056,634462208,536870912,0,0,0,1,229538,220639,220639,224063,0,0,0,0.4,1.2,0.2,0.3,0.5,6.0,98.5,1.5,1.18,360,1,44.62,0.01,0.0,0.5,8.72,0.00,3.14,1.5,0,126.4,0,0,0.9887,4238.7,258128,258128,524304,0
1782882782,536063880,629252096,536870912,0,0,445,725,230261,221360,221360,224784,0,0,0,2.0,2.5,2.9,3.0,5.9,53.0,98.5,1.5,1.17,3042,2949,365.69,351.50,0.0,0.0,0.34,0.31,1.93,34.0,6,122.6,0,0,0.0070,198622.8,258851,258851,524304,0
1782882783,536063880,616292352,536870912,0,0,653,705,230964,222063,222063,225488,0,0,0,2.3,3.4,2.3,3.8,6.1,67.0,98.5,1.5,1.15,7959,2814,978.77,336.14,0.0,0.0,4.25,0.31,34.65,47.0,0,125.0,0,0,0.0000,200000.0,259554,259554,524304,0
1782882784,536588600,603303936,536870912,0,0,710,765,231726,222825,222825,226252,0,0,1,2.6,2.8,1.7,4.7,6.4,66.0,98.5,1.5,1.12,6711,3000,822.28,358.40,0.0,0.0,3.03,0.31,21.24,48.0,120,124.5,0,0,0.0000,200000.0,260316,260316,524304,0
1782882785,537112904,582066176,536870912,0,0,658,744,232468,223567,223567,226995,0,0,1,2.3,3.4,2.4,3.8,6.2,64.0,98.5,1.5,1.08,6455,3001,790.23,358.89,0.0,0.0,3.50,0.31,23.54,49.0,8,124.4,0,0,0.0071,198591.1,261073,261073,524304,0
1782882786,535540040,570036224,536870912,0,0,665,789,233255,224352,224352,227783,0,0,1,2.5,3.5,1.6,5.4,7.0,64.0,98.5,1.5,1.06,5605,3163,683.84,377.97,0.0,1.0,3.11,0.31,18.40,49.0,4,124.0,0,0,0.0000,200000.0,261888,261888,524304,0
1782882788,536063880,554422272,536870912,0,0,654,784,234038,225137,225137,228566,0,0,0,3.0,2.6,5.3,1.2,6.5,31.0,98.5,1.5,1.03,5509,3119,671.71,372.73,0.0,0.0,2.93,0.31,17.13,51.0,0,124.0,0,0,0.0000,200000.0,262671,262671,524304,0
1782882789,536064432,547901440,536870912,0,0,661,791,234829,225927,225927,229356,0,0,1,1.9,3.4,2.0,4.7,6.7,63.0,98.5,1.5,1.02,2789,1582,340.08,188.99,0.0,0.0,2.93,0.31,8.67,18.0,0,123.9,0,0,0.0000,200000.0,263462,263462,524304,0
1782882790,536588712,536711168,536870912,0,0,692,783,235610,226709,226709,230138,0,0,1,2.4,2.7,1.9,4.7,6.6,62.0,98.5,1.5,1.00,5593,3123,682.02,373.25,0.0,0.0,2.65,0.31,15.76,33.0,4,124.0,0,0,0.0000,200000.0,264253,264253,524304,0
1782882791,538162096,534183936,536870912,0,0,701,781,236389,227489,227489,230918,0,3,1,2.4,2.2,3.8,2.5,6.3,62.0,98.5,1.5,0.99,5540,3128,676.00,373.36,0.0,1.0,3.73,0.31,21.61,42.0,3,124.0,0,0,0.0000,200000.0,265035,265033,524304,524304
1782882792,536064432,535101440,536870912,0,0,705,744,237135,228233,228233,231661,0,0,1,2.5,2.7,2.6,3.4,6.0,69.0,98.5,1.5,1.00,6945,2919,852.13,348.67,0.0,0.0,3.43,0.41,25.04,50.0,34,124.7,0,0,0.0000,200000.0,265778,265778,524304,0
1782882793,538162096,624136192,536870912,0,0,638,721,237852,228952,228952,232381,0,3,1,2.3,3.2,1.7,4.4,6.1,67.0,98.5,1.5,1.16,6087,2920,744.82,348.84,0.0,0.0,3.34,0.44,21.59,45.0,0,124.3,0,0,0.0000,200000.0,266498,266496,524304,524304
1782882794,536063880,538947584,536870912,0,0,634,757,238608,229707,229707,233137,0,0,0,2.8,2.9,2.2,4.4,6.6,66.0,98.5,1.5,1.00,5405,3023,659.53,361.26,0.0,0.0,2.69,0.41,15.76,58.0,2,124.0,0,0,0.0000,200000.0,267252,267252,524304,0
1782882796,536588336,539582464,536870912,0,0,630,758,239363,230463,230463,233894,0,1,0,2.7,3.3,0.8,5.7,6.5,33.5,98.5,1.5,1.01,2672,1512,325.80,180.63,0.0,0.0,2.73,0.37,7.87,23.0,0,123.9,0,0,0.0000,200000.0,268008,268007,524304,0
1782882797,536616104,638283776,536870912,0,0,360,294,239656,230545,230545,233975,0,0,0,1.0,2.5,0.0,5.9,5.9,30.0,98.5,1.5,1.19,2705,1122,335.74,133.80,0.0,1.0,5.10,0.38,14.22,17.0,0,125.6,0,0,0.9988,2246.0,268862,268862,524304,0
1782882798,536109696,638373888,536870912,0,0,27,90,239745,230631,230631,234061,0,0,1,0.7,1.3,0.0,1.2,1.2,14.0,98.5,1.5,1.19,607,376,73.78,44.92,0.0,0.0,1.89,0.38,1.29,5.0,21,123.7,0,0,0.0000,200000.0,268951,268951,524304,0
1782882799,535570056,630321152,536870912,0,0,507,732,240477,231362,231362,234792,0,0,1,2.7,2.7,1.2,5.7,6.9,67.0,98.5,1.5,1.18,5526,2949,675.51,352.18,0.0,0.0,3.24,0.37,18.98,51.0,0,124.2,0,0,0.0072,198567.4,269692,269692,524304,0
1782882800,536618728,742162432,536870912,0,0,611,691,241166,232053,232053,235482,0,0,1,2.4,3.1,2.4,3.8,6.2,69.0,98.5,1.5,1.39,7136,2727,876.36,325.82,0.0,0.0,4.14,0.37,30.54,44.0,9,124.8,0,0,0.0000,200000.0,270381,270381,524304,0
1782882801,536093896,596140032,536870912,0,0,633,741,241906,232793,232793,236222,0,0,0,2.5,3.3,0.9,5.8,6.7,65.0,98.5,1.5,1.11,5586,2995,682.20,357.54,0.0,1.0,2.82,0.36,16.80,53.0,4,124.1,0,0,0.0000,200000.0,271121,271121,524304,0
1782882802,535570056,580145152,536870912,0,0,646,784,242691,233576,233576,237005,0,0,1,2.6,2.6,2.5,4.0,6.5,62.0,98.6,1.4,1.08,5490,3132,669.41,374.17,0.0,0.0,2.73,0.31,15.97,44.0,0,123.9,0,0,0.0072,198567.4,271906,271906,524304,0
1782882804,536618352,570834944,536870912,0,0,654,784,243471,234359,234359,237788,0,1,0,1.8,3.0,0.5,6.0,6.5,31.0,98.6,1.4,1.06,2777,1566,338.77,187.08,0.0,0.0,2.90,0.31,8.54,21.0,0,124.0,0,0,0.0000,200000.0,272687,272686,524304,0
1782882805,537142904,550199296,536870912,0,0,656,783,244254,235141,235141,238570,0,0,1,2.2,2.6,3.8,2.7,6.5,62.0,98.6,1.4,1.03,5594,3136,682.11,374.64,0.0,0.0,2.98,0.31,17.63,39.0,0,124.0,0,0,0.0000,200000.0,273469,273469,524304,0
1782882806,536093896,541696000,536870912,0,0,715,796,245048,235935,235935,239365,0,0,0,2.2,2.5,2.9,3.6,6.5,63.0,98.6,1.4,1.01,5629,3170,686.11,378.47,0.0,1.0,3.00,0.31,17.89,44.0,0,123.9,0,0,0.0121,197600.6,274274,274274,524304,0
1782882807,536093896,541696000,536870912,0,0,709,786,245833,236720,236720,240150,0,0,0,2.7,2.7,3.5,2.9,6.4,63.0,98.6,1.4,1.01,5586,3133,681.51,374.17,0.0,0.0,2.98,0.31,17.61,48.0,1,124.0,0,0,0.0121,197600.3,275059,275059,524304,0
1782882808,536094448,537886720,536870912,0,0,705,725,246557,237443,237443,240874,0,0,1,2.6,2.8,2.7,3.2,5.9,64.0,98.6,1.4,1.00,7438,2856,913.93,341.20,0.0,0.0,3.62,0.31,27.83,49.0,108,124.9,0,0,0.0000,200000.0,275783,275783,524304,0
1782882809,536618616,537886720,536870912,0,0,653,757,247314,238201,238201,241630,0,0,1,3.1,2.3,3.9,2.5,6.4,63.0,98.6,1.4,1.00,5695,3068,695.67,366.51,0.0,0.0,2.66,0.31,16.12,46.0,3,124.1,0,0,0.0000,200000.0,276562,276562,524304,0
1782882810,537142904,534884352,536870912,0,0,659,791,248103,238990,238990,242420,0,0,1,2.6,3.4,1.1,5.4,6.5,63.0,98.6,1.4,1.00,5611,3156,684.17,377.03,0.0,0.0,3.28,0.32,19.42,50.0,1,123.9,0,0,0.0000,200000.0,277351,277351,524304,0
1782882812,536618176,540463104,536870912,0,0,662,785,248886,239774,239774,243204,0,0,0,2.2,3.2,1.0,5.4,6.4,31.0,98.6,1.4,1.01,2810,1559,342.70,186.13,0.0,0.5,2.63,0.31,7.88,26.5,0,123.9,0,0,0.0000,200000.0,278134,278134,524304,0
1782882813,535569616,538009600,536870912,0,0,654,776,249664,240550,240550,243979,0,0,0,2.0,3.0,2.0,4.3,6.3,63.0,98.6,1.4,1.00,5540,3108,675.99,371.30,0.0,0.0,3.45,0.31,20.07,36.0,0,124.0,0,0,0.0000,200000.0,278912,278912,524304,0
1782882814,536638952,607858688,536870912,0,0,424,281,249941,240670,240670,244099,0,0,0,1.5,1.6,0.0,4.6,4.6,28.0,98.6,1.4,1.13,2906,1060,359.48,126.63,0.0,0.0,5.07,0.31,15.06,13.0,0,125.5,0,0,0.7450,52493.6,279581,279581,524304,0
1782882815,589927120,625053696,536870912,0,0,28,99,249964,240737,240737,244192,12,20,10,0.7,1.1,0.7,0.9,1.6,16.0,98.6,1.4,1.03,1073,83,131.27,10.03,0.0,0.0,3.36,0.39,3.63,4.0,7,125.2,0,0,0.4890,103170.7,279762,279743,524304,524304
1782882816,985216112,1087442944,536870912,2314,0,1508,2384,250006,241584,241584,246575,83,65,160,6.2,4.5,2.2,28.4,30.6,114.0,98.0,2.0,1.10,3856,166,463.99,20.06,0.0,1.0,0.61,0.48,2.43,20.0,0,123.2,2030,0,1.0000,2000.0,285944,285879,524304,0
1782882817,1306827272,1379143680,536870912,4540,0,1887,2227,250033,242228,242228,248801,112,375,108,6.6,3.2,3.4,25.0,28.4,118.0,97.4,2.6,1.06,2605,86,313.69,10.50,0.0,0.0,0.85,0.49,2.26,21.0,0,123.4,3672,50,1.0000,2000.0,293115,292740,524304,0
1782882819,1501816072,1565851648,536870912,6282,0,1549,1743,250048,242615,242615,250543,122,527,125,6.4,2.9,2.5,20.5,23.0,117.0,96.8,3.2,1.04,1722,59,207.21,7.16,0.0,0.0,0.83,0.49,1.46,13.0,0,123.3,4978,33,1.0000,2000.0,300300,299774,524304,524304
1782882820,1696309120,1741639680,536870912,7999,0,1467,1718,250061,242999,242999,252260,134,487,109,6.6,2.8,2.8,19.9,22.7,58.5,96.3,3.7,1.03,809,28,97.47,3.34,0.0,0.0,0.86,0.46,0.71,6.5,0,123.2,6275,49,1.0000,2000.0,307393,306907,524304,524304
1782882821,1826339264,1870295040,536870912,9537,0,1454,1539,250070,243256,243256,253798,143,417,160,6.6,2.3,3.0,17.7,20.7,114.0,95.8,4.2,1.02,1185,40,142.31,4.77,0.0,0.0,0.46,0.47,0.57,6.0,0,123.0,7524,0,1.0000,2000.0,314371,313954,524304,0
1782882822,1955777848,1986400256,536870912,11054,0,1401,1518,250081,243514,243514,255315,146,80,160,6.6,2.3,3.7,17.4,21.1,115.0,95.4,4.6,1.02,1148,38,138.36,4.31,0.0,1.0,0.90,0.47,1.06,4.0,0,123.2,8749,0,1.0000,2000.0,321064,320984,524304,0
1782882823,2149776200,2135969792,536870912,13045,0,1592,1992,250095,243898,243898,257306,152,359,76,6.6,2.5,6.2,19.7,25.9,119.0,94.8,5.2,0.99,1536,52,185.45,6.21,0.0,0.0,1.25,0.44,1.94,13.0,0,123.6,10314,82,1.0000,2000.0,328613,328254,524304,0
1782882824,2279279168,2256617472,536870912,14826,0,1471,1782,250104,244154,244154,259087,162,396,73,6.8,2.5,5.6,18.1,23.7,120.0,94.2,5.8,0.99,1150,36,138.71,4.30,0.0,0.0,1.01,0.44,1.18,8.0,1,123.5,11820,85,1.0000,2000.0,336073,335677,524304,0
1782882826,2344276208,2349199360,536870912,16318,0,1345,1493,250108,244282,244282,260579,167,121,160,7.1,2.7,1.8,18.9,20.7,114.0,93.7,6.3,1.00,773,20,92.84,2.39,0.0,0.0,0.40,0.50,0.32,5.0,0,123.0,13167,0,1.0000,2000.0,343020,342900,524304,524304
1782882827,2473881784,2458931200,536870912,18296,0,1507,1979,250119,244540,244540,262557,177,796,135,6.4,3.1,3.8,21.4,25.2,57.5,93.1,6.9,0.99,541,18,65.25,2.15,0.0,0.0,1.04,0.44,0.57,5.5,0,123.3,14875,23,1.0000,2000.0,350883,350087,524304,0
1782882828,2603282272,2563502080,536870912,19991,0,1558,1696,250128,244796,244796,264252,183,390,72,7.0,1.6,3.9,19.0,22.9,119.0,92.6,7.4,0.98,981,38,118.30,4.31,0.0,1.0,1.20,0.42,1.19,7.0,4,123.2,16288,86,1.0000,2000.0,357934,357544,524304,0
1782882829,2668424160,2673078272,536870912,21812,0,1543,1822,250132,244924,244924,266073,190,929,160,7.4,2.4,8.0,16.3,24.3,114.0,92.1,7.9,1.00,903,20,109.00,2.39,0.0,0.0,1.10,0.50,1.01,7.0,0,123.6,17960,0,1.0000,2000.0,365656,364728,524304,524304
1782882830,2798324184,2765004800,536870912,23509,0,1500,1698,250141,245181,245181,267770,196,431,79,6.7,2.5,4.0,19.1,23.1,119.0,91.6,8.4,0.99,918,39,110.75,4.77,0.0,0.0,1.37,0.51,1.28,7.0,0,123.6,19377,80,1.0000,2000.0,372577,372146,524304,0
1782882831,2862364624,2847158272,536870912,25308,0,1511,1800,250147,245309,245309,269569,200,689,160,7.0,2.4,2.4,21.9,24.3,114.0,91.0,9.0,0.99,764,12,91.77,1.43,0.0,0.0,0.46,0.25,0.35,4.0,0,123.0,21024,0,1.0000,2000.0,380062,379373,524304,0
1782882833,2991792552,2940125184,536870912,27142,0,1554,1835,250156,245565,245565,271403,212,457,92,6.7,1.9,3.9,21.0,24.9,118.0,90.5,9.5,0.98,972,37,117.30,4.31,0.0,1.0,1.29,0.46,1.27,5.0,0,123.4,22562,66,1.0000,2000.0,387208,386751,524304,0
1782882834,3057405024,3057696768,536870912,29107,0,1646,1966,250159,245693,245693,273368,216,767,147,6.7,3.5,1.5,26.2,27.7,58.0,89.9,10.1,1.00,425,11,51.36,1.43,0.0,0.0,1.26,0.57,0.54,3.0,0,123.8,24374,11,1.0000,2000.0,394713,393946,524304,0
1782882835,3187304400,3143032832,536870912,30967,0,1607,1861,250168,245950,245950,275228,219,284,53,7.0,2.7,6.5,20.1,26.6,120.0,89.4,10.6,0.99,849,39,102.66,4.77,0.0,0.0,1.64,0.54,1.41,6.0,0,123.9,25943,105,1.0000,2000.0,401769,401486,524304,524304
1782882836,3251357328,3201286144,536870912,32981,0,1629,2015,250175,246079,246079,277242,225,683,105,7.0,2.8,4.7,23.6,28.3,120.0,88.8,11.2,0.98,680,12,81.68,1.43,0.0,0.0,0.56,0.33,0.39,7.0,0,123.0,27805,53,1.0000,2000.0,409676,408994,524304,524304
1782882837,3316915608,3292778496,536870912,34895,0,1742,1915,250178,246207,246207,279156,231,784,123,6.9,2.6,2.1,24.2,26.3,115.0,88.2,11.8,0.99,751,23,90.84,2.86,0.0,0.0,1.51,0.57,1.15,8.0,0,124.0,29572,35,1.0000,2000.0,417150,416367,524304,524304
1782882838,3380906472,3332186112,536870912,36775,0,1687,1881,250185,246336,246336,281036,235,926,129,6.7,2.5,0.0,25.2,25.2,117.0,87.7,12.3,0.99,510,14,61.27,1.45,0.0,1.0,0.58,0.29,0.30,3.0,0,122.6,31305,29,1.0000,2000.0,424703,423777,524304,0
1782882840,3446475656,3425640448,536870912,38591,0,1625,1817,250188,246464,246464,282852,240,1086,145,7.2,2.7,2.1,22.3,24.4,58.5,87.1,12.9,0.99,361,11,43.65,1.43,0.0,0.0,2.00,0.57,0.73,3.0,0,123.9,32964,13,1.0000,2000.0,432318,431233,524304,524304
1782882841,3510396512,3467788288,536870912,40378,0,1626,1788,250194,246592,246592,284639,242,874,136,6.9,2.9,3.1,22.0,25.1,116.0,86.6,13.4,0.99,521,12,62.53,1.43,0.0,0.0,0.64,0.33,0.34,8.0,0,122.9,34600,23,1.0000,2000.0,439479,438605,524304,0
1782882842,3575940288,3543941120,536870912,42300,0,1708,1923,250198,246721,246721,286561,247,934,131,6.8,1.6,8.2,18.4,26.6,117.0,86.1,13.9,0.99,633,23,76.55,2.86,0.0,0.0,1.72,0.52,1.10,7.0,0,124.0,36378,27,1.0000,2000.0,446934,446001,524304,524304
1782882843,3640421448,3585474560,536870912,44154,0,1659,1855,250203,246849,246849,288415,257,929,122,7.6,2.7,5.3,19.9,25.2,116.0,85.6,14.4,0.98,483,16,58.04,1.91,0.0,0.0,0.71,0.44,0.35,9.0,0,123.0,38087,36,1.0000,2000.0,454363,453435,524304,524304
1782882844,3705919520,3664773120,536870912,46008,0,1658,1855,250207,246978,246978,290269,264,751,109,6.9,2.1,8.1,17.7,25.8,118.0,85.1,14.9,0.99,619,25,74.93,2.88,0.0,1.0,1.75,0.56,1.10,7.0,0,123.7,39802,49,1.0000,2000.0,461644,460894,524304,524304
1782882845,3769841616,3684413440,536870912,47943,0,1681,1936,250213,247106,247106,292204,266,611,66,6.8,2.1,3.4,23.0,26.4,118.0,84.6,15.4,0.98,378,12,45.36,1.43,0.0,0.0,0.72,0.25,0.28,2.0,0,122.9,41584,92,1.0000,2000.0,469172,468561,524304,0
1782882847,3835312536,3724914688,536870912,49792,0,1528,1850,250216,247234,247234,294053,271,304,41,6.8,2.1,6.2,19.3,25.5,61.0,84.1,15.9,0.99,286,11,34.73,1.43,0.0,0.0,1.97,0.57,0.57,2.5,0,124.3,43286,117,1.0000,2000.0,476569,476266,524304,524304
1782882848,3835345496,3809718272,536870912,51496,0,1376,1705,250217,247235,247235,295757,275,221,160,6.8,2.3,0.6,23.6,24.2,115.0,83.6,16.4,0.99,364,0,43.72,0.00,0.0,0.0,0.51,0.00,0.18,5.0,0,123.0,44983,0,1.0000,2000.0,483860,483640,524304,524304
1782882849,3899993024,3844464640,536870912,53824,0,1689,2329,250222,247363,247363,298085,279,1189,138,7.0,2.8,3.6,27.0,30.6,116.0,83.0,17.0,0.99,484,16,58.16,1.91,0.0,0.0,0.75,0.44,0.37,1.0,0,123.0,47179,20,1.0000,2000.0,492222,491034,524304,524304
1782882850,3964918432,3913277440,536870912,55586,0,1599,1763,250226,247491,247491,299847,286,794,100,6.7,3.0,2.5,22.1,24.6,119.0,82.5,17.5,0.99,543,22,65.93,2.40,0.0,1.0,1.97,0.50,1.08,3.0,0,123.8,48774,58,1.0000,2000.0,499362,498568,524304,0
1782882851,4029306728,3924975616,536870912,57471,0,1630,1886,250231,247619,247619,301732,297,387,36,6.9,3.4,1.9,23.9,25.8,121.0,82.1,17.9,0.97,303,16,36.36,1.91,0.0,0.0,0.66,0.38,0.21,2.0,0,122.8,50506,122,1.0000,2000.0,506763,506377,524304,524304
1782882853,4029519256,3967442944,536870912,59690,0,1768,2220,250231,247619,247619,303951,298,1353,138,7.0,2.8,6.8,23.4,30.2,116.0,81.5,18.5,0.98,336,0,40.36,0.00,0.0,0.0,0.37,0.00,0.12,5.0,0,123.0,52727,20,1.0000,2000.0,515208,513855,524304,0
1782882854,4095461656,4032847872,536870912,61386,0,1552,1697,250235,247749,247749,305647,300,801,89,7.0,2.2,4.6,19.0,23.6,59.0,81.1,18.9,0.98,257,13,31.19,1.67,0.0,0.0,2.96,0.63,0.77,1.0,0,124.4,54263,69,1.0000,2000.0,522225,521424,524304,0
1782882855,4095449016,4059193344,536870912,63033,0,1628,1648,250236,247750,247750,307294,302,564,160,6.4,2.4,1.3,22.1,23.4,115.0,80.6,19.4,0.99,200,0,24.02,0.00,0.0,0.0,0.47,0.00,0.10,2.0,0,123.0,55876,0,1.0000,2000.0,529412,528849,524304,524304
1782882856,4159471104,4084166656,536870912,65239,0,1548,2207,250242,247878,247878,309500,305,1040,104,6.6,3.8,1.7,28.0,29.7,118.0,80.1,19.9,0.98,393,14,47.23,1.45,0.0,1.0,0.84,0.36,0.34,3.0,0,122.5,57955,55,1.0000,2000.0,537379,536339,524304,0
1782882857,4224861312,4138692608,536870912,67016,0,1582,1778,250246,248007,248007,311277,309,368,39,6.5,2.8,0.4,24.6,25.0,120.0,79.7,20.3,0.98,433,23,52.59,2.86,0.0,0.0,2.49,0.57,1.09,4.0,0,124.5,59572,119,1.0000,2000.0,544434,544066,524304,0
1782882858,4225056592,4178014208,536870912,69257,0,1692,2242,250246,248007,248007,313518,311,1274,128,6.9,3.0,4.8,25.7,30.5,117.0,79.1,20.9,0.99,332,0,39.88,0.00,0.0,0.0,0.46,0.00,0.15,6.0,0,123.0,61817,30,1.0000,2000.0,552857,551583,524304,0
1782882860,4289874912,4182429696,536870912,70934,0,1520,1678,250251,248136,248136,315195,313,380,41,7.0,1.9,4.5,19.3,23.8,60.5,78.7,21.3,0.97,106,10,12.71,1.19,0.0,0.0,2.81,0.45,0.30,1.0,0,122.8,63302,117,1.0000,2000.0,559751,559372,524304,524304
1782882861,4290062944,4212826112,536870912,73198,0,1769,2265,250252,248137,248137,317459,314,1257,120,7.3,2.4,5.9,25.1,31.0,118.0,78.2,21.8,0.98,252,2,30.27,0.01,0.0,1.0,0.48,0.00,0.12,4.0,0,122.1,65566,38,1.0000,2000.0,568199,566943,524304,524304
1782882862,4289861840,4226981888,536870912,74506,0,1464,1309,250252,248137,248137,318767,320,30,160,6.9,1.5,5.1,15.0,20.1,114.0,77.8,22.2,0.99,100,0,12.01,0.00,0.0,0.0,0.34,0.00,0.04,2.0,0,123.0,66807,0,1.0000,2000.0,574438,574409,524304,524304
1782882863,4354513800,4292255744,536870912,76994,0,1495,2489,250257,248265,248265,321255,323,1100,107,6.9,3.4,5.4,27.7,33.1,118.0,77.3,22.7,0.99,551,16,66.83,1.91,0.0,0.0,2.58,0.44,1.43,6.0,0,124.1,69160,51,1.0000,2000.0,582993,581893,524304,0
1782882864,4354382968,4308377600,536870912,78441,0,1557,1448,250257,248265,248265,322702,331,237,160,6.9,2.5,2.8,18.4,21.2,114.0,76.9,23.1,0.99,120,0,14.41,0.00,0.0,0.0,0.33,0.00,0.04,4.0,0,123.0,70577,0,1.0000,2000.0,589611,589375,524304,524304
1782882865,4419567288,4330459136,536870912,80822,0,1521,2382,250261,248393,248393,325083,333,1340,104,7.5,3.1,4.5,26.1,30.6,118.0,76.4,23.6,0.98,358,20,43.02,2.39,0.0,0.0,0.61,0.50,0.23,5.0,0,123.0,72832,54,1.0000,2000.0,598236,596897,524304,524304
1782882867,4419455640,4353658880,536870912,82274,0,1571,1453,250261,248393,248393,326535,339,581,160,6.9,2.5,4.0,17.2,21.2,57.0,76.1,23.9,0.99,84,0,10.09,0.00,0.0,0.0,0.38,0.00,0.03,0.5,0,122.3,74248,0,1.0000,2000.0,604922,604342,524304,524304
1782882868,4483983600,4405301248,536870912,84523,0,1434,2250,250266,248521,248521,328784,342,1009,78,6.8,2.4,5.7,24.9,30.6,119.0,75.6,24.4,0.98,445,18,54.15,1.92,0.0,1.0,2.36,0.33,1.06,6.0,0,124.0,76377,80,1.0000,2000.0,612927,611919,524304,524304
1782882869,4484132112,4435578880,536870912,86748,0,1933,2226,250267,248522,248522,331009,354,1691,154,7.1,1.6,8.7,21.9,30.6,115.0,75.1,24.9,0.99,224,0,26.91,0.00,0.0,0.0,0.50,0.00,0.11,3.0,0,123.0,78603,4,1.0000,2000.0,621056,619365,524304,0
1782882870,4548897056,4438151168,536870912,88388,0,1506,1641,250271,248650,248650,332649,354,523,47,7.3,1.9,6.2,17.6,23.8,120.0,74.7,25.3,0.98,200,20,24.10,2.39,0.0,0.0,0.74,0.50,0.16,1.0,0,123.3,80050,111,1.0000,2000.0,627643,627121,524304,524304
1782882871,4549079272,4459335680,536870912,90675,0,1951,2288,250271,248650,248650,334936,355,1422,106,6.9,3.0,3.2,27.7,30.9,118.0,74.2,25.8,0.98,200,0,24.02,0.00,0.0,0.0,0.54,0.00,0.11,3.0,0,123.0,82340,53,1.0000,2000.0,636149,634727,524304,0
1782882872,4549134352,4478603264,536870912,92570,0,1766,1896,250271,248650,248650,336831,364,1616,160,7.0,2.3,4.5,21.6,26.1,114.0,73.8,26.2,0.98,132,0,15.86,0.00,0.0,0.0,0.37,0.00,0.05,2.0,0,123.0,84205,0,1.0000,2000.0,643797,642181,524304,0
1782882874,4613451544,4523167744,536870912,94314,0,1378,1745,250276,248778,248778,338575,364,875,61,6.8,2.8,2.7,21.3,24.0,60.0,73.5,26.5,0.98,192,8,23.38,0.96,0.0,0.0,3.26,0.38,0.63,1.5,0,124.3,85820,97,1.0000,2000.0,650726,649851,524304,0
1782882875,4613634392,4541386752,536870912,96608,0,1956,2295,250276,248778,248778,340869,368,1802,111,7.4,1.9,9.9,20.6,30.5,117.0,73.0,27.0,0.98,156,0,18.74,0.00,0.0,0.0,0.54,0.00,0.08,4.0,0,123.0,88115,47,1.0000,2000.0,659265,657464,524304,524304
1782882876,4613562616,4560523264,536870912,98184,0,1557,1577,250276,248778,248778,342445,371,1279,160,6.7,2.3,4.3,18.1,22.4,115.0,72.6,27.4,0.99,132,2,15.86,0.01,0.0,1.0,0.38,0.00,0.05,1.0,0,121.3,89646,0,1.0000,2000.0,666185,664907,524304,524304
1782882877,4678482040,4568969216,536870912,100088,0,1286,1905,250281,248907,248907,344349,372,983,64,6.8,2.5,1.9,23.8,25.7,119.0,72.3,27.7,0.98,255,20,30.64,2.39,0.0,0.0,1.14,0.50,0.30,4.0,0,123.0,91420,94,1.0000,2000.0,673541,672558,524304,0
1782882878,4678606264,4590202880,536870912,102393,0,1956,2306,250281,248907,248907,346654,375,1587,111,7.0,2.8,3.0,29.3,32.3,118.0,71.8,28.2,0.98,168,0,20.18,0.00,0.0,0.0,1.24,0.00,0.21,7.0,0,123.0,93725,47,1.0000,2000.0,681750,680163,524304,0
1782882879,4678719704,4605276160,536870912,104540,0,1913,2148,250281,248907,248907,348801,382,2119,160,6.9,2.8,1.9,27.9,29.8,114.0,71.4,28.6,0.98,108,0,12.97,0.00,0.0,0.0,0.41,0.00,0.04,0.0,0,123.0,95855,0,1.0000,2000.0,689740,687622,524304,524304
1782882881,4743418216,4640915456,536870912,106051,0,1372,1512,250285,249035,249035,350312,382,600,46,6.9,2.3,2.5,19.7,22.2,60.5,71.1,28.9,0.98,167,10,20.40,1.19,0.0,0.0,3.96,0.50,0.67,0.5,0,124.9,97225,112,1.0000,2000.0,695946,695346,524304,0
1782882882,4743584664,4655988736,536870912,108386,0,1967,2336,250285,249035,249035,352647,385,1452,87,7.1,2.3,4.6,27.0,31.6,119.0,70.6,29.4,0.98,120,0,14.41,0.00,0.0,0.0,0.28,0.00,0.03,0.0,0,123.0,99561,71,1.0000,2000.0,704511,703059,524304,0
1782882883,4743718104,4673159168,536870912,110687,0,1968,2302,250285,249035,249035,354948,386,2137,120,6.5,2.7,5.0,26.3,31.3,117.0,70.2,29.8,0.99,140,2,16.82,0.01,0.0,1.0,0.50,0.00,0.07,8.0,0,121.4,101864,38,1.0000,2000.0,712778,710641,524304,0
1782882884,4743705848,4684300288,536870912,112565,0,1848,1879,250285,249035,249035,356826,390,1974,160,7.0,1.8,3.5,23.0,26.5,114.0,69.8,30.2,0.99,80,0,9.61,0.00,0.0,0.0,0.45,0.00,0.04,0.0,0,123.0,103718,0,1.0000,2000.0,720092,718118,524304,0
1782882885,4807924976,4684017664,536870912,114142,0,1251,1578,250291,249164,249164,358403,391,713,48,6.8,2.3,4.6,17.9,22.5,119.0,69.5,30.5,0.97,193,16,23.25,1.91,0.0,0.0,1.07,0.38,0.21,3.0,0,123.3,105173,110,1.0000,2000.0,726564,725852,524304,524304
1782882887,4808069312,4694110208,536870912,116508,0,1979,2367,250291,249164,249164,360769,391,1490,66,7.2,3.5,2.5,29.4,31.9,59.5,69.1,30.9,0.98,32,0,3.84,0.00,0.0,0.0,0.47,0.00,0.01,0.0,0,123.0,107540,92,1.0000,2000.0,735111,733622,524304,524304
1782882888,4808204288,4708265984,536870912,118815,0,1971,2308,250291,249164,249164,363076,394,2170,105,7.3,3.2,8.8,24.0,32.8,118.0,68.6,31.4,0.98,120,0,14.41,0.00,0.0,0.0,0.42,0.00,0.05,1.0,0,123.0,109851,53,1.0000,2000.0,743401,741232,524304,524304
1782882889,4808292896,4726484992,536870912,121096,0,1960,2282,250291,249164,249164,365357,401,2577,151,7.5,2.9,7.8,25.4,33.2,117.0,68.2,31.8,0.98,152,0,18.26,0.00,0.0,0.0,0.29,0.00,0.04,1.0,0,123.0,112133,7,1.0000,2000.0,751322,748746,524304,524304
1782882890,4873385000,4758073344,536870912,122265,0,1200,1170,250296,249294,249294,366526,403,342,24,7.0,1.8,3.9,14.8,18.7,122.0,68.0,32.0,0.98,257,25,31.50,2.88,0.0,1.0,4.44,0.60,1.16,2.0,0,124.8,113052,134,1.0000,2000.0,756939,756598,524304,524304
1782882891,4873515528,4769669120,536870912,124642,0,1871,2378,250296,249294,249294,368903,406,1009,58,7.2,2.3,3.6,29.4,33.0,121.0,67.6,32.4,0.98,104,0,12.49,0.00,0.0,0.0,0.39,0.00,0.04,1.0,0,123.0,115432,100,1.0000,2000.0,765437,764428,524304,0
1782882893,4873649672,4783824896,536870912,126984,0,1972,2343,250297,249295,249295,371245,408,1702,90,6.9,3.3,1.5,31.0,32.5,59.0,67.2,32.8,0.98,124,0,14.89,0.00,0.0,0.0,0.45,0.00,0.06,3.0,0,123.0,117775,68,1.0000,2000.0,773823,772121,524304,0
1782882894,4873774472,4799029248,536870912,129285,0,1966,2302,250297,249295,249295,373546,410,2323,127,6.7,2.9,2.4,29.6,32.0,117.0,66.7,33.3,0.98,60,0,7.21,0.00,0.0,0.0,0.42,0.00,0.03,1.0,0,123.0,120078,31,1.0000,2000.0,782029,779707,524304,524304
1782882895,4873765640,4810039296,536870912,131238,0,1770,1954,250298,249296,249296,375499,416,2203,160,6.9,2.7,1.1,27.7,28.8,117.0,66.4,33.6,0.99,72,0,8.65,0.00,0.0,0.0,0.47,0.00,0.03,0.0,0,123.0,121989,0,1.0000,2000.0,789409,787206,524304,0
1782882896,4938953520,4803899392,536870912,132735,0,1210,1498,250301,249424,249424,376996,417,505,36,6.9,2.1,7.2,15.4,22.6,121.0,66.2,33.8,0.97,148,25,17.79,2.88,0.0,1.0,1.04,0.56,0.17,3.0,0,122.3,123345,122,1.0000,2000.0,795540,795036,524304,524304
1782882897,4939085440,4821069824,536870912,135094,0,1969,2360,250302,249425,249425,379355,417,1173,71,7.0,2.8,6.2,26.5,32.7,119.0,65.7,34.3,0.98,124,0,14.89,0.00,0.0,0.0,0.31,0.00,0.04,0.0,0,123.0,125705,87,1.0000,2000.0,803974,802801,524304,0
1782882898,4939208912,4831162368,536870912,137433,0,1977,2340,250302,249425,249425,381694,419,1819,97,7.0,3.0,6.0,26.2,32.2,120.0,65.3,34.7,0.98,88,0,10.57,0.00,0.0,0.0,0.40,0.00,0.04,1.0,0,123.0,128047,61,1.0000,2000.0,812302,810483,524304,0
1782882900,4939324560,4845318144,536870912,139777,0,1970,2345,250302,249425,249425,384038,425,2401,132,7.2,2.3,8.8,23.8,32.6,59.0,64.9,35.1,0.98,54,0,6.49,0.00,0.0,0.0,0.22,0.00,0.01,0.0,0,123.0,130394,26,1.0000,2000.0,820611,818210,524304,0
1782882901,4939100256,4854087680,536870912,141133,0,1413,1357,250302,249425,249425,385394,431,1069,160,7.0,1.6,5.4,15.6,21.0,115.0,64.7,35.3,0.98,64,0,7.69,0.00,0.0,0.0,0.58,0.00,0.04,2.0,0,123.0,131719,0,1.0000,2000.0,826765,825696,524304,0
1782882902,5003471832,4885676032,536870912,143218,0,1272,2086,250310,249556,249556,387479,431,680,37,6.9,2.1,2.6,26.6,29.2,122.0,64.4,35.6,0.98,300,18,36.60,1.92,0.0,1.0,3.17,0.39,0.96,3.0,0,124.1,133672,121,1.0000,2000.0,834168,833489,524304,524304
1782882903,5003605512,4902846464,536870912,145586,0,1972,2369,250312,249558,249558,389847,431,1365,70,6.7,3.0,1.9,31.2,33.1,120.0,64.0,36.0,0.98,124,0,14.89,0.00,0.0,0.0,0.42,0.00,0.05,2.0,0,123.0,136043,88,1.0000,2000.0,842638,841274,524304,524304
1782882904,5003708504,4913856512,536870912,147917,0,1973,2332,250312,249558,249558,392178,433,1889,99,7.3,2.2,7.1,25.6,32.7,118.0,63.6,36.4,0.98,112,0,13.45,0.00,0.0,0.0,0.44,0.00,0.05,2.0,0,123.0,138375,59,1.0000,2000.0,850821,848933,524304,524304
1782882906,5003805320,4928012288,536870912,150226,0,1977,2310,250313,249559,249559,394487,436,2378,126,6.9,3.1,3.3,29.1,32.4,58.5,63.3,36.7,0.98,44,0,5.29,0.00,0.0,0.0,0.38,0.00,0.02,0.5,0,123.0,140687,32,1.0000,2000.0,858905,856527,524304,0
1782882907,5003903928,4934041600,536870912,152514,0,1979,2289,250313,249559,249559,396775,436,2887,147,7.3,2.4,9.7,22.1,31.8,115.0,62.9,37.1,0.99,52,0,6.25,0.00,0.0,0.0,0.56,0.00,0.03,1.0,0,123.0,142976,11,1.0000,2000.0,866932,864045,524304,0
1782882908,5003471368,4934041600,536870912,153380,0,1151,867,250313,249559,249559,397641,440,400,160,7.1,1.5,7.7,7.8,15.5,116.0,62.8,37.2,0.99,0,2,0.00,0.01,0.0,1.0,0.00,0.00,0.00,0.0,0,6.0,143803,0,1.0000,2000.0,871989,871589,524304,0
1782882909,5070073256,4936318976,536870912,155810,0,1457,2431,250314,249687,249687,400071,440,774,42,7.3,2.2,9.0,24.0,33.0,121.0,62.4,37.6,0.97,178,31,21.45,3.82,0.0,0.0,1.14,0.74,0.23,0.0,0,123.8,146086,117,1.0000,2000.0,880164,879391,524304,524304
1782882910,5070186672,4942479360,536870912,158206,0,1985,2397,250315,249688,249688,402467,442,1392,55,7.1,2.2,10.5,22.8,33.3,121.0,62.0,38.0,0.97,44,0,5.29,0.00,0.0,0.0,0.66,0.00,0.03,2.0,0,123.0,148483,103,1.0000,2000.0,888605,887214,524304,524304
1782882911,5070294192,4951060480,536870912,160582,0,1983,2377,250315,249688,249688,404843,446,1961,76,6.9,3.1,4.3,29.4,33.7,119.0,61.7,38.3,0.98,72,0,8.65,0.00,0.0,0.0,0.32,0.00,0.02,0.0,0,123.0,150862,82,1.0000,2000.0,896935,894975,524304,524304
1782882913,5070391040,4958138368,536870912,162930,0,1984,2349,250315,249688,249688,407191,448,2468,95,7.1,2.2,5.3,27.5,32.8,59.5,61.3,38.7,0.98,26,0,3.12,0.00,0.0,0.0,0.56,0.00,0.01,0.0,0,123.0,153213,63,1.0000,2000.0,905143,902675,524304,0
1782882914,5070523392,4968230912,536870912,165231,0,1974,2302,250316,249689,249689,409492,456,3153,129,7.0,3.5,2.6,28.9,31.5,117.0,61.0,39.0,0.98,96,2,11.53,0.01,0.0,1.0,0.42,0.00,0.04,0.0,0,120.6,155514,29,1.0000,2000.0,913406,910253,524304,0
1782882915,5070613808,4977274880,536870912,167529,0,1980,2299,250317,249690,249690,411790,460,3634,146,7.5,2.3,8.7,23.1,31.8,116.0,60.6,39.4,0.98,64,0,7.69,0.00,0.0,0.0,0.34,0.00,0.02,1.0,0,123.0,157814,12,1.0000,2000.0,921417,917783,524304,0
1782882916,5070617104,4981338112,536870912,169522,0,1890,1994,250317,249690,249690,413783,465,3627,160,7.0,2.7,2.3,25.5,27.8,114.0,60.3,39.7,0.98,28,0,3.36,0.00,0.0,0.0,0.25,0.00,0.01,0.0,0,123.0,159783,0,1.0000,2000.0,928917,925290,524304,0
1782882917,5133451512,5000904704,536870912,170351,0,812,830,250324,249818,249818,414612,465,499,14,6.5,1.4,2.5,11.9,14.4,123.0,60.3,39.7,0.97,209,12,25.85,1.43,0.0,0.0,4.24,0.33,0.89,2.0,0,126.4,160481,144,1.0000,2000.0,933651,933153,524304,524304
1782882919,5133592664,5010997248,536870912,172758,0,1897,2408,250324,249818,249818,417019,466,1253,36,7.1,3.5,1.1,31.5,32.6,60.5,59.9,40.1,0.98,46,0,5.53,0.00,0.0,0.0,0.54,0.00,0.03,1.0,0,123.0,162891,122,1.0000,2000.0,942305,941052,524304,0
1782882920,5133703080,5017026560,536870912,175155,0,1988,2398,250324,249818,249818,419416,467,1847,51,6.8,3.3,0.9,32.3,33.2,121.0,59.6,40.4,0.98,44,0,5.29,0.00,0.0,0.0,0.36,0.00,0.02,0.0,0,123.0,165291,107,1.0000,2000.0,950756,948910,524304,524304
1782882921,5133852328,5024104448,536870912,177521,0,1984,2367,250325,249819,249819,421782,470,2650,71,7.0,2.4,4.4,27.3,31.7,120.0,59.2,40.8,0.98,56,0,6.73,0.00,0.0,0.0,0.27,0.00,0.01,0.0,0,123.0,167657,87,1.0000,2000.0,959333,956684,524304,524304
1782882922,5133945384,5030133760,536870912,179890,0,1984,2370,250326,249820,249820,424151,472,3150,85,6.9,3.7,1.5,32.1,33.6,119.0,58.9,41.1,0.98,52,0,6.25,0.00,0.0,0.0,0.44,0.00,0.02,0.0,0,123.0,170028,73,1.0000,2000.0,967567,964418,524304,524304
1782882923,5134065872,5038260224,536870912,182230,0,1985,2341,250326,249820,249820,426491,474,3803,101,7.0,2.1,3.9,27.9,31.8,118.0,58.6,41.4,0.98,60,0,7.21,0.00,0.0,0.0,0.67,0.00,0.04,0.0,0,123.0,172371,58,1.0000,2000.0,975891,972088,524304,0
1782882925,5134164552,5044289536,536870912,184557,0,1984,2328,250326,249820,249820,428818,476,4321,120,7.1,2.5,4.6,27.9,32.5,58.5,58.3,41.7,0.98,48,2,5.77,0.01,0.0,1.0,0.33,0.00,0.01,1.0,0,118.3,174700,38,1.0000,2000.0,984044,979723,524304,0
1782882926,5134264568,5051367424,536870912,186878,0,1986,2322,250326,249820,249820,431139,478,4866,131,6.9,2.5,3.2,28.8,32.0,117.0,57.9,42.1,0.98,26,0,3.12,0.00,0.0,0.0,0.23,0.00,0.01,1.0,0,123.0,177022,27,1.0000,2000.0,992172,987306,524304,0
1782882927,5134370728,5055561728,536870912,189162,0,1984,2285,250326,249820,249820,433423,482,5429,150,7.1,2.6,2.5,28.9,31.4,115.0,57.6,42.4,0.98,36,0,4.32,0.00,0.0,0.0,0.67,0.00,0.02,0.0,0,123.0,179308,8,1.0000,2000.0,1000244,994815,524304,0
1782882928,5134099368,5059493888,536870912,190415,0,1404,1254,250326,249820,249820,434676,484,3867,160,6.6,2.5,4.6,15.0,19.6,115.0,57.5,42.5,0.99,28,0,3.36,0.00,0.0,0.0,0.71,0.00,0.02,1.0,0,123.0,180513,0,1.0000,2000.0,1006186,1002320,524304,524304
1782882929,5199305088,5050916864,536870912,191979,0,899,1565,250330,249949,249949,436240,484,2291,21,6.9,2.2,2.4,20.8,23.2,122.0,57.3,42.7,0.97,101,23,12.13,2.86,0.0,0.0,0.89,0.57,0.10,1.0,0,123.8,181949,137,1.0000,2000.0,1012479,1010189,524304,524304
1782882930,5199406944,5054980096,536870912,194406,0,1986,2428,250330,249949,249949,438667,485,2852,30,6.8,2.4,2.4,31.5,33.9,122.0,57.0,43.0,0.97,36,0,4.32,0.00,0.0,0.0,0.39,0.00,0.01,0.0,0,123.0,184376,128,1.0000,2000.0,1020976,1018124,524304,0
1782882932,5199504400,5059452928,536870912,196809,0,1988,2404,250330,249949,249949,441070,486,3382,41,6.7,3.3,2.5,31.1,33.6,60.5,56.7,43.3,0.97,18,0,2.16,0.00,0.0,0.0,0.44,0.00,0.01,0.0,0,123.0,186782,117,1.0000,2000.0,1029370,1025988,524304,0
1782882933,5199616016,5062467584,536870912,199215,0,1990,2407,250330,249949,249949,443476,487,3993,51,6.9,3.0,2.3,31.0,33.3,120.0,56.4,43.6,0.97,28,0,3.36,0.00,0.0,0.0,0.21,0.00,0.01,0.0,0,123.0,189191,107,1.0000,2000.0,1037842,1033849,524304,0
1782882934,5199688544,5065482240,536870912,201606,0,1991,2392,250330,249949,249949,445867,489,4393,58,7.0,3.2,2.9,31.4,34.3,121.0,56.1,43.9,0.97,20,0,2.40,0.00,0.0,0.0,0.25,0.00,0.00,0.0,0,123.0,191584,100,1.0000,2000.0,1046055,1041662,524304,0
1782882935,5199797216,5070594048,536870912,203973,0,1986,2368,250331,249950,249950,448234,493,4974,75,7.1,2.8,5.6,27.3,32.9,119.0,55.8,44.2,0.98,44,2,5.29,0.01,0.0,1.0,0.27,0.00,0.01,3.0,0,117.9,193953,83,1.0000,2000.0,1054393,1049420,524304,524304
1782882936,5199896000,5076623360,536870912,206326,0,1985,2354,250331,249950,249950,450587,498,5512,89,6.8,3.2,1.2,31.6,32.8,118.0,55.5,44.5,0.98,40,0,4.80,0.00,0.0,0.0,0.23,0.00,0.01,0.0,0,123.0,196308,69,1.0000,2000.0,1062623,1057111,524304,0
1782882938,5200017472,5080686592,536870912,208667,0,1985,2342,250332,249951,249951,452928,500,6166,105,7.0,3.0,2.0,29.8,31.8,59.0,55.2,44.8,0.98,16,0,1.92,0.00,0.0,0.0,0.50,0.00,0.01,0.5,0,123.0,198649,53,1.0000,2000.0,1070953,1064787,524304,0
1782882939,5200131584,5087764480,536870912,210981,0,1984,2315,250333,249952,249952,455242,506,6783,123,6.9,2.5,4.4,27.3,31.7,117.0,54.9,45.1,0.98,52,1,6.25,0.00,0.0,0.0,0.31,0.00,0.02,0.0,0,120.8,200965,35,1.0000,2000.0,1079161,1072378,524304,0
1782882940,5200215056,5092745216,536870912,213295,0,1987,2315,250335,249954,249954,457556,511,7250,131,6.9,3.3,1.2,30.9,32.1,116.0,54.6,45.4,0.98,36,0,4.32,0.00,0.0,0.0,0.58,0.00,0.02,0.0,0,123.0,203283,27,1.0000,2000.0,1087195,1079946,524304,524304
1782882941,5200275168,5095473152,536870912,215601,0,1988,2307,250335,249954,249954,459862,514,7561,144,6.8,3.0,3.6,28.5,32.1,116.0,54.4,45.6,0.98,32,0,3.84,0.00,0.0,0.0,0.41,0.00,0.01,1.0,0,123.0,205590,14,1.0000,2000.0,1095057,1087497,524304,524304
1782882942,5200310352,5099536384,536870912,217896,0,1992,2296,250335,249954,249954,462157,518,7742,155,6.7,2.0,5.2,25.7,30.9,115.0,54.1,45.9,0.98,28,0,3.36,0.00,0.0,0.0,0.25,0.00,0.01,0.0,0,123.0,207888,3,1.0000,2000.0,1102755,1095013,524304,0
1782882943,5200362736,5102551040,536870912,220191,0,1992,2296,250335,249954,249954,464452,518,8035,158,6.9,1.8,8.0,23.7,31.7,116.0,53.8,46.2,0.98,24,0,2.88,0.00,0.0,0.0,0.25,0.00,0.01,0.0,0,123.0,209768,0,1.0000,2000.0,1110536,1102501,524304,0
1782882945,5199754416,5103730688,536870912,220645,0,876,455,250335,249954,249954,464906,518,4575,160,7.0,1.3,3.7,7.2,10.9,57.5,53.8,46.2,0.98,12,0,1.44,0.00,0.0,0.0,0.17,0.00,0.00,0.0,0,123.0,209953,0,1.0000,2000.0,1114578,1110004,524304,524304
1782882946,5264234184,5125750784,536870912,223061,0,1454,2417,250337,250079,250079,467322,518,4836,8,6.9,2.5,7.1,25.5,32.6,123.0,53.5,46.5,0.97,96,13,11.87,1.67,0.0,0.0,3.67,0.63,0.36,0.5,0,126.6,212228,150,1.0000,2000.0,1122746,1117910,524304,0
1782882947,5264351528,5130207232,536870912,225502,0,1989,2442,250337,250079,250079,469763,518,5477,19,7.0,2.4,7.2,26.5,33.7,122.0,53.2,46.8,0.97,40,0,4.80,0.00,0.0,0.0,0.78,0.00,0.03,1.0,0,123.0,214670,139,1.0000,2000.0,1131337,1125860,524304,0
1782882948,5264463272,5135319040,536870912,227930,0,1990,2429,250337,250079,250079,472191,519,6097,27,6.8,2.8,1.7,31.8,33.5,122.0,53.0,47.0,0.98,36,0,4.32,0.00,0.0,0.0,0.31,0.00,0.01,0.0,0,123.0,217102,131,1.0000,2000.0,1139881,1133784,524304,0
1782882949,5264585128,5137285120,536870912,230368,0,1994,2439,250337,250079,250079,474629,519,6777,32,6.8,3.2,5.9,27.7,33.6,123.0,52.7,47.3,0.98,20,0,2.40,0.00,0.0,0.0,0.35,0.00,0.01,1.0,0,123.0,219542,126,1.0000,2000.0,1148482,1141706,524304,524304
1782882951,5264694728,5140299776,536870912,232795,0,1995,2428,250337,250079,250079,477056,519,7386,38,7.1,2.8,5.7,27.8,33.5,60.5,52.4,47.6,0.98,10,1,1.20,0.01,0.0,0.5,0.20,0.00,0.00,0.0,0,112.4,221970,120,1.0000,2000.0,1156999,1149614,524304,524304
1782882952,5264751768,5141217280,536870912,235222,0,1995,2428,250337,250079,250079,479483,520,7701,42,7.2,3.0,8.1,26.1,34.2,122.0,52.2,47.8,0.98,4,0,0.48,0.00,0.0,0.0,0.25,0.00,0.00,0.0,0,123.0,224398,116,1.0000,2000.0,1165220,1157520,524304,524304
1782882953,5264766696,5145280512,536870912,237635,0,1992,2414,250337,250079,250079,481896,522,7770,51,6.7,2.8,2.5,31.6,34.1,121.0,51.9,48.1,0.98,36,0,4.32,0.00,0.0,0.0,0.25,0.00,0.01,0.0,0,123.0,226815,107,1.0000,2000.0,1173168,1165398,524304,0
1782882954,5264760072,5147246592,536870912,240040,0,1994,2406,250337,250079,250079,484301,522,7718,57,7.4,2.7,9.0,25.1,34.1,121.0,51.6,48.4,0.98,16,0,1.92,0.00,0.0,0.0,0.75,0.00,0.01,0.0,0,123.0,229220,101,1.0000,2000.0,1180957,1173239,524304,0
1782882956,5264766104,5150392320,536870912,242439,0,1994,2400,250337,250079,250079,486700,524,7738,64,6.9,3.5,1.9,32.1,34.0,120.0,51.4,48.6,0.98,24,0,2.88,0.00,0.0,0.0,0.33,0.00,0.01,1.0,0,123.0,231621,94,1.0000,2000.0,1188760,1181022,524304,0
1782882957,5264775720,5153210368,536870912,244837,0,1996,2399,250338,250080,250080,489098,525,7788,67,6.7,3.6,4.3,31.0,35.3,60.0,51.1,48.9,0.98,6,0,0.72,0.00,0.0,0.0,0.25,0.00,0.00,0.5,0,123.0,234022,91,1.0000,2000.0,1196536,1188748,524304,0
1782882958,5264778616,5153210368,536870912,247242,0,1999,2406,250338,250080,250080,491503,526,7797,71,7.2,3.2,1.8,32.7,34.5,122.0,50.9,49.1,0.98,12,0,1.44,0.00,0.0,0.0,0.83,0.00,0.01,0.0,0,123.0,236430,87,1.0000,2000.0,1204320,1196523,524304,0
1782882959,5264792888,5156225024,536870912,249663,0,1989,2422,250338,250080,250080,493924,529,7850,84,6.9,2.8,2.9,29.0,31.9,120.0,50.6,49.4,0.98,20,0,2.40,0.00,0.0,0.0,0.25,0.00,0.01,0.0,0,123.0,238851,74,1.0000,2000.0,1212311,1204462,524304,524304
1782882960,5264793464,5160288256,536870912,252010,0,1986,2348,250338,250080,250080,496271,533,7824,99,7.0,3.1,1.1,31.4,32.5,119.0,50.4,49.6,0.98,36,0,4.32,0.00,0.0,0.0,0.28,0.00,0.01,0.0,0,123.0,241201,59,1.0000,2000.0,1219971,1212147,524304,0
1782882961,5264799512,5165268992,536870912,254358,0,1989,2349,250338,250080,250080,498619,535,7851,105,7.3,2.9,5.9,26.7,32.6,117.0,50.2,49.8,0.98,36,0,4.32,0.00,0.0,0.0,0.22,0.00,0.01,0.0,0,123.0,243552,53,1.0000,2000.0,1227658,1219808,524304,524304
1782882963,5264791912,5168283648,536870912,256704,0,1991,2347,250339,250081,250081,500965,538,7797,112,7.5,2.4,6.9,25.3,32.2,59.0,49.9,50.1,0.98,10,0,1.20,0.00,0.0,0.0,0.25,0.00,0.00,0.0,0,123.0,245899,46,1.0000,2000.0,1235266,1227469,524304,0
1782882964,5264800216,5169332224,536870912,259047,0,1994,2344,250340,250082,250082,503308,538,7826,119,7.2,2.9,1.7,30.5,32.2,118.0,49.7,50.3,0.98,12,0,1.44,0.00,0.0,0.0,0.25,0.00,0.00,0.0,0,123.0,248245,39,1.0000,2000.0,1242940,1235114,524304,0
1782882965,5264790888,5173395456,536870912,261399,0,1992,2353,250341,250083,250083,505660,540,7770,123,6.7,3.0,3.3,29.7,33.0,118.0,49.5,50.5,0.98,28,0,3.36,0.00,0.0,0.0,0.54,0.00,0.01,1.0,0,123.0,250599,35,1.0000,2000.0,1250535,1242766,524304,524304
1782882966,5264784760,5174312960,536870912,263734,0,1993,2336,250341,250083,250083,507995,544,7725,130,7.1,2.3,5.8,27.3,33.1,117.0,49.2,50.8,0.98,12,0,1.44,0.00,0.0,0.0,0.25,0.00,0.00,0.0,0,123.0,252936,28,1.0000,2000.0,1258116,1250391,524304,0
1782882967,5264792472,5176410112,536870912,266043,0,1991,2310,250341,250083,250083,510304,551,7747,143,7.1,2.9,5.0,27.5,32.5,116.0,49.0,51.0,0.98,16,0,1.92,0.00,0.0,0.0,0.69,0.00,0.01,0.0,0,123.0,255247,15,1.0000,2000.0,1265706,1257959,524304,0
1782882969,5264802408,5180473344,536870912,268356,0,1990,2314,250342,250084,250084,512617,554,7789,150,7.0,2.4,4.3,27.3,31.6,58.0,48.8,51.2,0.98,20,0,2.40,0.00,0.0,0.0,0.25,0.00,0.01,0.0,0,123.0,257560,8,1.0000,2000.0,1273293,1265505,524304,524304
1782882970,5264765608,5180473344,536870912,270416,0,1952,2061,250342,250084,250084,514677,562,7568,160,7.0,2.0,7.6,20.9,28.5,115.0,48.6,51.4,0.98,4,0,0.48,0.00,0.0,0.0,0.12,0.00,0.00,0.0,0,123.0,259443,0,1.0000,2000.0,1280559,1272992,524304,524304
1782882971,5322346848,5162602496,536870912,271270,0,862,855,250346,250199,250199,515531,562,4384,1,6.9,1.6,5.7,9.2,14.9,123.0,48.5,51.5,0.97,31,20,3.76,2.39,0.0,0.0,0.65,0.55,0.03,1.0,0,123.4,260164,157,1.0000,2000.0,1285336,1280952,524304,0
1782882972,5322452368,5162602496,536870912,273716,0,2027,2447,250346,250199,250199,517977,562,4972,6,7.0,2.2,5.3,28.2,33.5,122.0,48.3,51.7,0.97,16,0,1.92,0.00,0.0,0.0,0.25,0.00,0.00,0.0,0,123.0,262610,152,1.0000,2000.0,1293922,1288950,524304,0
1782882973,5322546864,5163651072,536870912,276175,0,1995,2460,250347,250200,250200,520436,562,5502,9,7.2,2.3,8.1,25.9,34.0,123.0,48.1,51.9,0.97,12,0,1.44,0.00,0.0,0.0,0.17,0.00,0.00,0.0,0,123.0,265073,149,1.0000,2000.0,1302495,1296993,524304,0
1782882975,5322697120,5167583232,536870912,278598,0,1989,2424,250348,250201,250201,522859,563,6336,18,6.7,3.0,0.5,31.5,32.0,61.0,47.9,52.1,0.97,14,0,1.68,0.00,0.0,0.0,0.25,0.00,0.00,0.5,0,123.0,267496,140,1.0000,2000.0,1311262,1304927,524304,524304
1782882976,5322781376,5168631808,536870912,281045,0,1998,2448,250348,250201,250201,525306,563,6816,18,7.3,2.7,7.9,26.3,34.2,122.0,47.6,52.4,0.97,8,0,0.96,0.00,0.0,0.0,0.38,0.00,0.00,0.0,0,123.0,269945,140,1.0000,2000.0,1319717,1312902,524304,524304
1782882977,5322907568,5168631808,536870912,283482,0,1998,2438,250348,250201,250201,527743,563,7533,18,7.1,2.9,6.3,26.4,32.7,123.0,47.4,52.6,0.97,0,2,0.00,0.01,0.0,1.0,0.00,0.00,0.00,0.0,0,6.0,272386,140,1.0000,2000.0,1328395,1320863,524304,524304
1782882978,5322982528,5171646464,536870912,285919,0,1994,2438,250348,250201,250201,530180,565,7944,26,6.9,2.0,8.4,24.8,33.2,122.0,47.2,52.8,0.97,24,0,2.88,0.00,0.0,0.0,0.21,0.00,0.01,0.0,0,123.0,274824,132,1.0000,2000.0,1336767,1328823,524304,0
1782882979,5322981136,5171646464,536870912,288352,0,1995,2434,250348,250201,250201,532613,566,7927,30,7.1,2.9,4.2,29.2,33.4,122.0,47.0,53.0,0.97,4,0,0.48,0.00,0.0,0.0,0.25,0.00,0.00,0.0,0,123.0,277260,128,1.0000,2000.0,1344693,1336766,524304,0
1782882981,5322984112,5172695040,536870912,290787,0,1997,2436,250348,250201,250201,535048,566,7942,31,6.9,2.8,1.4,32.0,33.4,61.0,46.8,53.2,0.97,4,0,0.48,0.00,0.0,0.0,0.25,0.00,0.00,0.0,0,109.8,279696,127,1.0000,2000.0,1352642,1344701,524304,524304
1782882982,5322988240,5173104640,536870912,293217,0,1994,2431,250348,250201,250201,537478,566,7956,35,7.2,3.3,2.8,30.5,33.3,122.0,46.6,53.4,0.97,16,0,1.92,0.00,0.0,0.0,0.25,0.00,0.00,0.0,0,123.0,282129,123,1.0000,2000.0,1360591,1352635,524304,0
1782882983,5322997632,5175201792,536870912,295638,0,1995,2422,250349,250202,250202,539899,566,8004,37,6.6,2.2,2.6,30.0,32.6,121.0,46.3,53.7,0.97,4,0,0.48,0.00,0.0,0.0,0.25,0.00,0.00,0.0,0,123.0,284551,121,1.0000,2000.0,1368524,1360520,524304,0
1782882984,5322988384,5176250368,536870912,298046,0,1994,2409,250349,250202,250202,542307,567,7934,45,6.9,2.6,3.7,29.1,32.8,121.0,46.1,53.9,0.97,20,0,2.40,0.00,0.0,0.0,0.20,0.00,0.01,0.0,0,123.0,286960,113,1.0000,2000.0,1376299,1368366,524304,524304
1782882986,5322981120,5179265024,536870912,300455,0,1996,2410,250350,250203,250203,544716,568,7894,46,6.9,2.6,3.0,29.8,32.8,60.0,45.9,54.1,0.97,16,0,1.92,0.00,0.0,0.0,0.25,0.00,0.00,0.0,0,123.0,289371,112,1.0000,2000.0,1384123,1376230,524304,524304
1782882987,5322973696,5179265024,536870912,302862,0,1995,2408,250350,250203,250203,547123,570,7845,50,7.1,3.5,3.4,30.3,33.7,121.0,45.7,54.3,0.97,2,0,0.24,0.00,0.0,0.0,0.25,0.00,0.00,0.0,0,123.0,291780,108,1.0000,2000.0,1391939,1384095,524304,524304
1782882988,5322984496,5180182528,536870912,305272,0,1997,2411,250350,250203,250203,549533,570,7902,52,7.2,2.6,3.1,30.2,33.3,121.0,45.5,54.5,0.97,8,0,0.96,0.00,0.0,0.0,0.25,0.00,0.00,0.0,0,123.0,294192,106,1.0000,2000.0,1399863,1391961,524304,0
1782882989,5322991440,5182279680,536870912,307683,0,1996,2412,250351,250204,250204,551944,571,7939,54,6.7,1.9,3.5,29.4,32.9,120.0,45.3,54.7,0.97,8,0,0.96,0.00,0.0,0.0,0.12,0.00,0.00,0.0,0,123.0,296606,104,1.0000,2000.0,1407766,1399827,524304,0
1782882990,5323000784,5182279680,536870912,310082,0,1995,2400,250351,250204,250204,554343,572,7984,58,7.0,2.3,5.3,27.3,32.6,121.0,45.1,54.9,0.97,12,0,1.44,0.00,0.0,0.0,0.25,0.00,0.00,0.0,0,123.0,299007,100,1.0000,2000.0,1415645,1407662,524304,524304
1782882992,5322995744,5183713280,536870912,312474,0,1993,2393,250351,250204,250204,556735,574,7947,63,7.0,2.6,3.2,29.7,32.9,60.0,44.9,55.1,0.97,12,0,1.44,0.00,0.0,0.0,0.42,0.00,0.00,0.0,0,123.0,301400,95,1.0000,2000.0,1423412,1415466,524304,524304
1782882993,5322997824,5185810432,536870912,314865,0,1993,2392,250351,250204,250204,559126,575,7946,69,7.3,2.8,5.0,27.6,32.6,119.0,44.7,55.3,0.97,6,0,0.72,0.00,0.0,0.0,0.75,0.00,0.00,0.0,0,123.0,303793,89,1.0000,2000.0,1431227,1423282,524304,524304
1782882994,5323011120,5186727936,536870912,317249,0,1994,2385,250351,250204,250204,561510,577,8017,72,7.0,3.8,4.5,27.4,31.9,120.0,44.6,55.4,0.97,12,0,1.44,0.00,0.0,0.0,0.33,0.00,0.01,0.0,0,123.0,306181,86,1.0000,2000.0,1439096,1431079,524304,0
1782882995,5322987360,5188825088,536870912,319635,0,1998,2387,250352,250205,250205,563896,577,7877,74,7.2,2.3,6.9,25.6,32.5,120.0,44.4,55.6,0.97,4,0,0.48,0.00,0.0,0.0,0.25,0.00,0.00,0.0,0,123.0,308569,84,1.0000,2000.0,1446740,1438863,524304,0
1782882996,5323006576,5188825088,536870912,322024,0,1998,2390,250353,250206,250206,566285,577,7984,75,6.9,2.5,2.3,30.2,32.5,120.0,44.2,55.8,0.97,4,0,0.48,0.00,0.0,0.0,0.25,0.00,0.00,0.0,0,123.0,310960,83,1.0000,2000.0,1454611,1446628,524304,524304
1782882998,5323016912,5188825088,536870912,324418,0,1994,2395,250353,250206,250206,568679,580,8035,80,7.0,2.7,3.1,29.4,32.5,59.5,44.0,56.0,0.97,4,0,0.48,0.00,0.0,0.0,0.25,0.00,0.00,0.0,0,123.0,313354,78,1.0000,2000.0,1462488,1454453,524304,0
1782882999,5322997616,5190791168,536870912,326787,0,1994,2370,250354,250207,250207,571048,584,7917,85,7.0,2.3,5.5,27.3,32.8,119.0,43.8,56.2,0.98,6,0,0.72,0.00,0.0,0.0,0.25,0.00,0.00,0.0,0,123.0,315726,73,1.0000,2000.0,1470106,1462190,524304,524304
1782883000,5322990144,5191839744,536870912,329158,0,1997,2372,250355,250208,250208,573419,586,7869,89,7.0,2.1,7.4,25.3,32.7,119.0,43.6,56.4,0.98,12,0,1.44,0.00,0.0,0.0,0.25,0.00,0.00,0.0,0,123.0,318100,69,1.0000,2000.0,1477781,1469913,524304,524304
1782883001,5323006880,5192757248,536870912,331533,0,1995,2376,250355,250208,250208,575794,587,7956,93,6.6,2.0,5.2,27.1,32.3,119.0,43.5,56.5,0.98,8,0,0.96,0.00,0.0,0.0,0.25,0.00,0.00,0.0,0,123.0,320475,65,1.0000,2000.0,1485574,1477619,524304,524304
1782883002,5322997168,5193805824,536870912,333894,0,1996,2362,250355,250208,250208,578155,588,7899,95,6.8,2.8,6.9,25.4,32.3,118.0,43.3,56.7,0.98,12,0,1.44,0.00,0.0,0.0,0.17,0.00,0.00,0.0,0,123.0,322839,63,1.0000,2000.0,1493211,1485312,524304,0
1782883003,5323000608,5193805824,536870912,336265,0,1997,2372,250355,250208,250208,580526,591,7913,99,6.9,3.3,6.7,25.8,32.5,119.0,43.1,56.9,0.98,0,0,0.00,0.00,0.0,0.0,0.00,0.00,0.00,0.0,0,0.0,325212,59,1.0000,2000.0,1500965,1493053,524304,524304
1782883005,5323023232,5195902976,536870912,338619,0,1997,2355,250356,250209,250209,582880,591,8034,102,7.1,2.1,7.0,24.7,31.7,59.0,42.9,57.1,0.98,4,0,0.48,0.00,0.0,0.0,0.25,0.00,0.00,0.0,0,123.0,327567,56,1.0000,2000.0,1508771,1500738,524304,524304
1782883006,5322992640,5196820480,536870912,340965,0,1994,2347,250357,250210,250210,585226,595,7855,107,7.1,3.0,5.3,26.6,31.9,118.0,42.8,57.2,0.98,8,0,0.96,0.00,0.0,0.0,0.25,0.00,0.00,1.0,0,123.0,329917,51,1.0000,2000.0,1516270,1508415,524304,0
1782883007,5323005712,5196820480,536870912,343321,0,1999,2357,250357,250210,250210,587582,596,7929,108,6.9,2.7,6.9,24.5,31.4,117.0,42.6,57.4,0.98,4,0,0.48,0.00,0.0,0.0,0.25,0.00,0.00,0.0,0,123.0,332273,50,1.0000,2000.0,1524022,1516094,524304,524304
1782883008,5322992432,5196820480,536870912,345667,0,1997,2347,250357,250210,250210,589928,597,7847,111,6.9,2.7,4.4,28.2,32.6,118.0,42.4,57.6,0.98,0,0,0.00,0.00,0.0,0.0,0.00,0.00,0.00,0.0,0,0.0,334623,47,1.0000,2000.0,1531595,1523748,524304,0
1782883009,5322998976,5198917632,536870912,348006,0,1992,2340,250357,250210,250210,592267,602,7873,119,7.0,2.4,6.2,26.7,32.9,117.0,42.2,57.8,0.98,16,0,1.92,0.00,0.0,0.0,0.25,0.00,0.00,1.0,0,123.0,336962,39,1.0000,2000.0,1539241,1531369,524304,524304
1782883011,5323014880,5199835136,536870912,350346,0,1997,2341,250357,250210,250210,594607,602,7959,121,7.3,2.4,6.4,25.5,31.9,59.0,42.1,57.9,0.98,8,0,0.96,0.00,0.0,0.0,0.25,0.00,0.00,0.0,0,123.0,339305,37,1.0000,2000.0,1546969,1539011,524304,524304
1782883012,5323013152,5199835136,536870912,352667,0,1996,2323,250357,250210,250210,596928,604,7948,123,7.0,2.4,3.6,28.0,31.6,116.0,41.9,58.1,0.98,2,0,0.24,0.00,0.0,0.0,0.25,0.00,0.00,0.0,0,123.0,341631,35,1.0000,2000.0,1554540,1546593,524304,524304
1782883013,5321966664,5200883712,536870912,354999,0,1995,2333,250358,250211,250211,599260,606,7953,127,7.0,1.7,5.4,26.0,31.4,117.0,41.8,58.2,0.98,4,0,0.48,0.00,0.0,0.0,0.25,0.00,0.00,0.0,0,123.0,343964,31,1.0000,2000.0,1562163,1554211,524304,524304
1782883014,5323004144,5202980864,536870912,357317,0,1996,2319,250359,250212,250212,601578,607,7885,130,7.1,3.3,7.7,23.2,30.9,116.0,41.6,58.4,0.98,12,0,1.44,0.00,0.0,0.0,0.25,0.00,0.00,0.0,0,123.0,346284,28,1.0000,2000.0,1569677,1561792,524304,0
1782883015,5323002704,5202980864,536870912,359643,0,1998,2327,250359,250212,250212,603904,609,7875,132,7.0,2.6,5.3,26.5,31.8,117.0,41.4,58.6,0.98,0,0,0.00,0.00,0.0,0.0,0.00,0.00,0.00,0.0,0,0.0,348612,26,1.0000,2000.0,1577263,1569388,524304,0
1782883016,5323003296,5202980864,536870912,361970,0,1994,2328,250359,250212,250212,606231,610,7869,136,7.2,3.4,4.7,27.4,32.1,117.0,41.3,58.7,0.98,0,0,0.00,0.00,0.0,0.0,0.00,0.00,0.00,0.0,0,0.0,350942,22,1.0000,2000.0,1584857,1576988,524304,0
1782883018,5321962912,5203898368,536870912,364297,0,1993,2328,250360,250213,250213,608558,612,7910,140,6.9,2.5,4.8,26.8,31.6,58.0,41.1,58.9,0.98,12,0,1.44,0.00,0.0,0.0,0.17,0.00,0.00,0.0,0,123.0,353270,18,1.0000,2000.0,1592498,1584589,524304,524304
1782883019,5323017584,5204946944,536870912,366660,0,1997,2364,250364,250217,250217,610921,613,7949,139,7.4,3.7,6.5,24.8,31.3,119.0,41.0,59.0,0.98,0,0,0.00,0.00,0.0,0.0,0.00,0.00,0.00,0.0,0,0.0,355635,19,1.0000,2000.0,1600259,1592311,524304,524304
1782883020,5323000880,5204946944,536870912,369009,0,1998,2350,250364,250217,250217,613270,614,7850,141,7.0,2.8,5.4,26.0,31.4,116.0,40.8,59.2,0.98,0,0,0.00,0.00,0.0,0.0,0.00,0.00,0.00,0.0,0,0.0,357986,17,1.0000,2000.0,1607835,1599985,524304,0
1782883021,5323007168,5204946944,536870912,371313,0,1994,2305,250364,250217,250217,615574,617,7878,146,6.7,2.3,3.7,27.7,31.4,116.0,40.6,59.4,0.98,4,0,0.48,0.00,0.0,0.0,0.25,0.00,0.00,0.0,0,123.0,360292,12,1.0000,2000.0,1615394,1607517,524304,524304
1782883022,5323018288,5205995520,536870912,373627,0,1994,2315,250365,250218,250218,617888,619,7940,148,7.1,3.1,3.7,27.3,31.0,116.0,40.5,59.5,0.98,4,0,0.48,0.00,0.0,0.0,0.25,0.00,0.00,0.0,0,123.0,362609,10,1.0000,2000.0,1623013,1615073,524304,0
1782883023,5323008816,5205995520,536870912,375930,0,1992,2304,250365,250218,250218,620191,623,7875,155,7.1,2.6,7.1,24.2,31.3,116.0,40.3,59.7,0.98,8,0,0.96,0.00,0.0,0.0,0.25,0.00,0.00,0.0,0,123.0,364914,3,1.0000,2000.0,1630478,1622603,524304,0
1782883024,5322874032,5206913024,536870912,377672,0,1654,1743,250365,250218,250218,621933,628,7106,160,6.8,2.0,4.7,20.0,24.7,115.0,40.2,59.8,0.98,8,0,0.96,0.00,0.0,0.0,0.25,0.00,0.00,0.0,0,123.0,366436,0,1.0000,2000.0,1637219,1630113,524304,0
1782883026,5372193384,5233520640,536870912,378799,0,828,1128,250365,250313,250313,623060,628,4610,2,6.8,2.4,3.9,13.5,17.4,60.5,40.2,59.8,0.97,85,18,10.55,2.15,0.0,0.0,6.09,0.83,0.53,0.5,0,126.2,367420,156,1.0000,2000.0,1642624,1638014,524304,0
1782883027,5372306904,5233520640,536870912,381262,0,1997,2464,250366,250314,250314,625523,628,5255,2,7.0,2.3,8.2,25.4,33.6,123.0,40.0,60.0,0.97,0,0,0.00,0.00,0.0,0.0,0.00,0.00,0.00,0.0,0,0.0,369885,156,1.0000,2000.0,1651292,1646038,524304,524304
1782883028,5372408312,5233520640,536870912,383713,0,1999,2452,250366,250314,250314,627974,628,5829,3,7.0,2.2,8.2,25.5,33.7,123.0,39.9,60.1,0.97,4,0,0.48,0.00,0.0,0.0,0.25,0.00,0.00,0.0,0,123.0,372340,155,1.0000,2000.0,1659867,1654039,524304,524304
1782883029,5372527224,5233520640,536870912,386168,0,1994,2456,250366,250314,250314,630429,629,6495,8,6.9,2.4,6.7,26.9,33.6,124.0,39.7,60.3,0.97,16,0,1.92,0.00,0.0,0.0,0.25,0.00,0.00,0.0,0,123.0,374797,150,1.0000,2000.0,1668543,1662049,524304,524304
1782883031,5372629848,5233651712,536870912,388632,0,1996,2465,250366,250314,250314,632893,630,7075,10,6.9,2.4,4.4,29.5,33.9,61.5,39.6,60.4,0.97,2,0,0.24,0.00,0.0,0.0,0.25,0.00,0.00,0.0,0,123.0,377263,148,1.0000,2000.0,1677167,1670093,524304,524304
1782883032,5372752232,5233278976,536870912,391089,0,1997,2458,250367,250315,250315,635350,630,7765,12,7.0,2.4,4.3,28.9,33.2,123.0,39.4,60.6,0.97,4,2,0.48,0.01,0.0,1.0,0.25,0.00,0.00,0.0,0,84.0,379722,146,1.0000,2000.0,1685869,1678105,524304,524304
1782883033,5372798184,5232820224,536870912,393550,0,1998,2462,250368,250316,250316,637811,631,8028,12,6.9,2.9,4.6,29.9,34.5,123.0,39.2,60.8,0.97,0,0,0.00,0.00,0.0,0.0,0.00,0.00,0.00,0.0,0,0.0,382185,146,1.0000,2000.0,1694137,1686110,524304,524304
1782883034,5372778088,5232820224,536870912,395998,0,1999,2449,250368,250316,250316,640259,631,7911,13,7.0,2.4,8.5,25.8,34.3,123.0,39.1,60.9,0.97,0,0,0.00,0.00,0.0,0.0,0.00,0.00,0.00,0.0,0,0.0,384634,145,1.0000,2000.0,1701991,1694081,524304,524304
1782883036,5372782552,5232820224,536870912,398455,0,1998,2458,250369,250317,250317,642716,631,7937,13,7.1,2.8,6.1,28.7,34.8,61.5,38.9,61.1,0.97,2,0,0.24,0.00,0.0,0.0,0.25,0.00,0.00,0.0,0,123.0,387093,145,1.0000,2000.0,1710000,1702064,524304,524304
1782883037,5372781288,5232820224,536870912,400913,0,1998,2459,250370,250318,250318,645174,631,7927,14,7.0,2.2,4.6,30.2,34.8,123.0,38.8,61.2,0.97,0,0,0.00,0.00,0.0,0.0,0.00,0.00,0.00,0.0,0,0.0,389554,144,1.0000,2000.0,1717991,1710065,524304,524304
1782883038,5372791096,5232820224,536870912,403368,0,1999,2456,250370,250318,250318,647629,631,7979,16,7.1,2.1,6.2,28.1,34.3,123.0,38.7,61.3,0.97,12,0,1.44,0.00,0.0,0.0,0.25,0.00,0.00,0.0,0,123.0,392009,142,1.0000,2000.0,1726018,1718039,524304,0
1782883039,5372791576,5233868800,536870912,405823,0,1997,2456,250370,250318,250318,650084,631,7977,18,7.4,2.5,11.8,22.7,34.5,122.0,38.5,61.5,0.97,8,0,0.96,0.00,0.0,0.0,0.25,0.00,0.00,0.0,0,123.0,394467,140,1.0000,2000.0,1734020,1726044,524304,524304
1782883040,5372789816,5234786304,536870912,408264,0,1997,2442,250370,250318,250318,652525,631,7956,22,7.2,2.6,7.2,26.9,34.1,123.0,38.4,61.6,0.97,4,0,0.48,0.00,0.0,0.0,0.25,0.00,0.00,0.0,0,123.0,396909,136,1.0000,2000.0,1741969,1734014,524304,524304
1782883042,5372796584,5236883456,536870912,410702,0,1996,2439,250370,250318,250318,654963,631,7992,24,7.2,2.3,11.1,23.1,34.2,61.0,38.2,61.8,0.97,10,0,1.20,0.00,0.0,0.0,0.20,0.00,0.00,0.0,0,123.0,399349,134,1.0000,2000.0,1749943,1741952,524304,524304
1782883043,5372783704,5237800960,536870912,413145,0,1998,2444,250371,250319,250319,657406,631,7916,25,7.2,2.0,5.8,28.6,34.4,122.0,38.1,61.9,0.97,0,0,0.00,0.00,0.0,0.0,0.00,0.00,0.00,0.0,0,0.0,401794,133,1.0000,2000.0,1757811,1749895,524304,0
1782883044,5372809944,5237800960,536870912,415582,0,2001,2438,250372,250320,250320,659843,632,8067,25,6.8,1.5,4.4,28.5,32.9,122.0,37.9,62.1,0.97,0,0,0.00,0.00,0.0,0.0,0.00,0.00,0.00,0.0,0,0.0,404235,133,1.0000,2000.0,1765911,1757845,524304,524304
1782883045,5372805016,5237800960,536870912,418016,0,1998,2435,250372,250320,250320,662277,632,8034,27,6.8,2.4,4.6,28.0,32.6,122.0,37.8,62.2,0.97,4,0,0.48,0.00,0.0,0.0,0.25,0.00,0.00,0.0,0,123.0,406671,131,1.0000,2000.0,1773824,1765790,524304,0
1782883047,5372798728,5238849536,536870912,420451,0,1996,2436,250372,250320,250320,664712,633,7993,30,7.1,2.6,6.1,27.7,33.8,61.0,37.7,62.3,0.98,4,0,0.48,0.00,0.0,0.0,0.25,0.00,0.00,0.0,0,123.0,409108,128,1.0000,2000.0,1781703,1773710,524304,0
1782883048,5372792104,5238849536,536870912,422881,0,1995,2431,250372,250320,250320,667142,635,7951,33,7.0,2.5,5.3,27.6,32.9,122.0,37.5,62.5,0.98,4,0,0.48,0.00,0.0,0.0,0.25,0.00,0.00,0.0,0,123.0,411539,125,1.0000,2000.0,1789595,1781644,524304,0
1782883049,5372815416,5240946688,536870912,425308,0,1996,2428,250373,250321,250321,669569,636,8080,35,7.0,2.0,7.6,25.1,32.7,121.0,37.4,62.6,0.98,4,0,0.48,0.00,0.0,0.0,0.25,0.00,0.00,0.0,0,123.0,413969,123,1.0000,2000.0,1797635,1789556,524304,524304
1782883050,5372802456,5240946688,536870912,427734,0,1999,2427,250374,250322,250322,671995,636,8007,35,7.0,3.0,2.7,31.1,33.8,122.0,37.3,62.7,0.98,4,0,0.48,0.00,0.0,0.0,0.25,0.00,0.00,0.0,0,123.0,416395,123,1.0000,2000.0,1805445,1797438,524304,0
1782883051,5372798072,5240946688,536870912,430160,0,1996,2427,250374,250322,250322,674421,637,7979,37,7.0,2.7,3.6,30.5,34.1,121.0,37.1,62.9,0.98,4,0,0.48,0.00,0.0,0.0,0.25,0.00,0.00,0.0,0,123.0,418825,121,1.0000,2000.0,1813323,1805344,524304,0
1782883053,5372803560,5240946688,536870912,432580,0,1996,2421,250374,250322,250322,676841,639,8002,41,7.1,2.9,2.5,30.4,32.9,60.5,37.0,63.0,0.98,0,0,0.00,0.00,0.0,0.0,0.00,0.00,0.00,0.0,0,0.0,421247,117,1.0000,2000.0,1821239,1813237,524304,0
1782883054,5372795688,5241864192,536870912,434998,0,1996,2419,250375,250323,250323,679259,640,7957,42,7.4,2.4,3.2,29.7,32.9,121.0,36.9,63.1,0.98,4,0,0.48,0.00,0.0,0.0,0.25,0.00,0.00,0.0,0,123.0,423666,116,1.0000,2000.0,1829073,1821117,524304,524304
1782883055,5372803656,5241864192,536870912,437420,0,1999,2423,250377,250325,250325,681681,640,8006,40,6.9,2.5,1.8,30.8,32.6,122.0,36.7,63.3,0.98,0,0,0.00,0.00,0.0,0.0,0.00,0.00,0.00,0.0,0,0.0,426091,118,1.0000,2000.0,1837016,1829011,524304,524304
1782883056,5372809464,5241864192,536870912,439847,0,1999,2428,250377,250325,250325,684108,640,8039,40,7.1,2.5,3.4,29.5,32.9,121.0,36.6,63.4,0.98,0,0,0.00,0.00,0.0,0.0,0.00,0.00,0.00,0.0,0,0.0,428520,118,1.0000,2000.0,1844957,1836919,524304,524304
1782883058,5372813712,5241864192,536870912,442269,0,1998,2423,250377,250325,250325,686530,640,8063,40,6.9,3.4,2.3,30.5,32.8,121.0,36.5,63.5,0.98,0,0,0.00,0.00,0.0,0.0,0.00,0.00,0.00,0.0,0,0.0,430943,119,1.0000,2000.0,1852875,1844812,524304,0
1782883059,5372810344,5241864192,536870912,444682,0,1995,2414,250377,250325,250325,688943,642,8040,43,6.9,2.6,3.9,28.5,32.4,60.5,36.3,63.7,0.98,2,0,0.24,0.00,0.0,0.0,0.25,0.00,0.00,0.0,0,123.0,433357,115,1.0000,2000.0,1860732,1852692,524304,0
1782883060,5372812968,5241864192,536870912,447108,0,1997,2427,250377,250325,250325,691369,643,8054,44,6.7,2.5,5.5,27.5,33.0,122.0,36.2,63.8,0.98,0,0,0.00,0.00,0.0,0.0,0.00,0.00,0.00,0.0,0,0.0,435786,114,1.0000,2000.0,1868660,1860607,524304,524304
1782883061,5372798088,5241864192,536870912,449525,0,1994,2418,250377,250325,250325,693786,645,7962,48,6.8,1.7,5.1,27.4,32.5,120.0,36.1,63.9,0.98,0,0,0.00,0.00,0.0,0.0,0.00,0.00,0.00,0.0,0,0.0,438204,110,1.0000,2000.0,1876466,1868505,524304,524304
1782883062,5372827256,5242912768,536870912,451929,0,1997,2405,250377,250325,250325,696190,645,8129,48,7.1,3.7,3.7,28.3,32.0,121.0,36.0,64.0,0.98,8,1,0.96,0.00,0.0,0.0,0.25,0.00,0.00,0.0,0,109.8,440610,110,1.0000,2000.0,1884482,1876353,524304,0
1782883064,5372825592,5243961344,536870912,454326,0,1997,2398,250378,250326,250326,698587,646,8113,51,7.2,3.7,2.4,29.3,31.7,60.0,35.8,64.2,0.98,0,0,0.00,0.00,0.0,0.0,0.00,0.00,0.00,0.0,0,0.0,443009,107,1.0000,2000.0,1892303,1884190,524304,0
1782883065,5372818520,5243961344,536870912,456722,0,1997,2397,250380,250328,250328,700983,648,8071,53,7.4,2.5,11.5,20.3,31.8,120.0,35.7,64.3,0.98,0,0,0.00,0.00,0.0,0.0,0.00,0.00,0.00,0.0,0,0.0,445407,105,1.0000,2000.0,1900089,1892018,524304,0
1782883066,5372808968,5243961344,536870912,459125,0,1996,2404,250380,250328,250328,703386,648,8018,53,6.8,2.2,3.5,29.2,32.7,121.0,35.6,64.4,0.98,8,0,0.96,0.00,0.0,0.0,0.25,0.00,0.00,0.0,0,123.0,447814,105,1.0000,2000.0,1907876,1899859,524304,524304
1782883067,5372806128,5243961344,536870912,461534,0,1998,2410,250380,250328,250328,705795,649,7998,55,7.3,2.3,9.1,23.8,32.9,120.0,35.5,64.5,0.98,0,0,0.00,0.00,0.0,0.0,0.00,0.00,0.00,0.0,0,0.0,450224,104,1.0000,2000.0,1915710,1907713,524304,524304
1782883068,5372817192,5244878848,536870912,463940,0,1999,2407,250381,250329,250329,708201,651,8062,56,7.0,2.1,6.6,25.8,32.4,120.0,35.3,64.7,0.98,0,0,0.00,0.00,0.0,0.0,0.00,0.00,0.00,0.0,0,0.0,452631,102,1.0000,2000.0,1923616,1915555,524304,524304
1782883070,5372805224,5244878848,536870912,466348,0,1999,2409,250381,250329,250329,710609,651,7994,56,6.8,2.9,2.7,30.1,32.8,60.5,35.2,64.8,0.98,0,0,0.00,0.00,0.0,0.0,0.00,0.00,0.00,0.0,0,0.0,455042,102,1.0000,2000.0,1931404,1923411,524304,524304
1782883071,5372813816,5244878848,536870912,468749,0,1996,2402,250381,250329,250329,713010,653,8041,58,7.1,2.5,6.0,27.3,33.3,120.0,35.1,64.9,0.98,0,0,0.00,0.00,0.0,0.0,0.00,0.00,0.00,0.0,0,0.0,457446,100,1.0000,2000.0,1939294,1931253,524304,0
1782883072,5372815032,5244878848,536870912,471153,0,1996,2405,250381,250329,250329,715414,654,8047,59,7.1,2.7,7.9,25.2,33.1,120.0,35.0,65.0,0.98,0,0,0.00,0.00,0.0,0.0,0.00,0.00,0.00,0.0,0,0.0,459850,99,1.0000,2000.0,1947144,1939097,524304,0
1782883073,5372823656,5244878848,536870912,473544,0,1996,2392,250381,250329,250329,717805,654,8096,59,7.0,2.9,3.7,28.5,32.2,120.0,34.9,65.1,0.98,0,0,0.00,0.00,0.0,0.0,0.00,0.00,0.00,0.0,0,0.0,462245,99,1.0000,2000.0,1955012,1946917,524304,524304
1782883074,5372812200,5244878848,536870912,475937,0,2000,2394,250381,250329,250329,720198,655,8030,60,6.9,2.4,7.1,25.5,32.6,120.0,34.8,65.2,0.98,0,0,0.00,0.00,0.0,0.0,0.00,0.00,0.00,0.0,0,0.0,464638,98,1.0000,2000.0,1962758,1954728,524304,0
1782883076,5372820680,5244432384,536870912,478329,0,1998,2393,250381,250329,250329,722590,655,8076,61,7.1,2.4,3.8,28.0,31.8,60.0,34.6,65.4,0.98,4,0,0.48,0.00,0.0,0.0,0.25,0.00,0.00,0.0,0,123.0,467032,97,1.0000,2000.0,1970620,1962544,524304,0
1782883077,5372818504,5244432384,536870912,480718,0,1997,2390,250381,250329,250329,724979,657,8059,64,7.1,2.2,8.5,24.3,32.8,119.0,34.5,65.5,0.98,0,0,0.00,0.00,0.0,0.0,0.00,0.00,0.00,0.0,0,0.0,469423,94,1.0000,2000.0,1978415,1970356,524304,0
1782883078,5372822728,5244432384,536870912,483107,0,1996,2390,250382,250330,250330,727368,657,8083,64,7.1,2.9,3.4,28.4,31.8,121.0,34.4,65.6,0.98,0,0,0.00,0.00,0.0,0.0,0.00,0.00,0.00,0.0,0,0.0,471816,94,1.0000,2000.0,1986260,1978178,524304,524304
1782883079,5372814616,5244432384,536870912,485537,0,1997,2431,250383,250331,250331,729798,658,8036,65,7.4,2.0,12.7,19.8,32.5,120.0,34.3,65.7,0.98,0,0,0.00,0.00,0.0,0.0,0.00,0.00,0.00,0.0,0,0.0,474248,93,1.0000,2000.0,1994174,1986138,524304,0
1782883080,5371780304,5244432384,536870912,487925,0,1996,2389,250384,250332,250332,732186,658,8117,65,6.8,1.5,4.1,27.8,31.9,120.0,34.2,65.8,0.98,0,0,0.00,0.00,0.0,0.0,0.00,0.00,0.00,0.0,0,0.0,476636,93,1.0000,2000.0,2002058,1993942,524304,524304
1782883082,5372826776,5244432384,536870912,490310,0,1999,2386,250385,250333,250333,734571,659,8107,65,6.7,1.9,5.7,26.3,32.0,59.5,34.1,65.9,0.98,0,0,0.00,0.00,0.0,0.0,0.00,0.00,0.00,0.0,0,0.0,479025,93,1.0000,2000.0,2009853,2001747,524304,524304
1782883083,5372824952,5244432384,536870912,492696,0,1996,2387,250385,250333,250333,736957,661,8092,68,7.3,3.0,9.7,22.0,31.7,120.0,34.0,66.0,0.98,0,0,0.00,0.00,0.0,0.0,0.00,0.00,0.00,0.0,0,0.0,481411,90,1.0000,2000.0,2017641,2009550,524304,524304
1782883084,5372820728,5244432384,536870912,495078,0,1997,2383,250387,250335,250335,739339,663,8069,69,7.3,2.4,11.1,20.9,32.0,119.0,33.9,66.1,0.98,0,0,0.00,0.00,0.0,0.0,0.00,0.00,0.00,0.0,0,0.0,483796,89,1.0000,2000.0,2025417,2017349,524304,524304
1782883085,5372820872,5244432384,536870912,497461,0,1999,2384,250387,250335,250335,741722,663,8067,70,7.2,3.1,9.5,22.0,31.5,119.0,33.8,66.2,0.98,0,0,0.00,0.00,0.0,0.0,0.00,0.00,0.00,0.0,0,0.0,486180,88,1.0000,2000.0,2033212,2025146,524304,524304
1782883086,5372832808,5244432384,536870912,499840,0,1997,2380,250388,250336,250336,744101,665,8133,72,6.8,2.3,6.5,24.9,31.4,120.0,33.6,66.4,0.98,0,0,0.00,0.00,0.0,0.0,0.00,0.00,0.00,0.0,0,0.0,488562,86,1.0000,2000.0,2041070,2032938,524304,524304
1782883088,5372811480,5244432384,536870912,502213,0,1994,2374,250388,250336,250336,746474,667,8005,76,7.3,3.2,10.1,21.7,31.8,59.5,33.5,66.5,0.98,4,0,0.48,0.00,0.0,0.0,0.25,0.00,0.00,0.0,0,123.0,490938,82,1.0000,2000.0,2048717,2040712,524304,0
1782883089,5372817208,5245480960,536870912,504603,0,1997,2391,250389,250337,250337,748864,667,8041,75,6.7,2.5,5.1,27.0,32.1,119.0,33.4,66.6,0.98,2,0,0.24,0.00,0.0,0.0,0.25,0.00,0.00,0.0,0,123.0,493329,83,1.0000,2000.0,2056545,2048505,524304,524304
1782883090,5372851480,5245480960,536870912,506966,0,1998,2364,250389,250337,250337,751227,670,8233,78,7.1,2.6,5.2,25.1,30.3,118.0,33.3,66.7,0.98,0,0,0.00,0.00,0.0,0.0,0.00,0.00,0.00,0.0,0,0.0,495695,80,1.0000,2000.0,2064480,2056248,524304,524304
1782883091,5372841912,5245480960,536870912,509329,0,1995,2364,250389,250337,250337,753590,672,8174,81,7.4,2.7,7.4,22.8,30.2,119.0,33.2,66.8,0.98,0,0,0.00,0.00,0.0,0.0,0.00,0.00,0.00,0.0,0,0.0,498058,77,1.0000,2000.0,2072155,2063981,524304,0
1782883092,5372824632,5245480960,536870912,511689,0,1998,2361,250390,250338,250338,755950,674,8074,83,7.1,3.0,3.0,27.9,30.9,118.0,33.1,66.9,0.98,0,0,0.00,0.00,0.0,0.0,0.00,0.00,0.00,0.0,0,0.0,500422,75,1.0000,2000.0,2079796,2071722,524304,0
1782883093,5372825968,5245480960,536870912,514054,0,1998,2366,250392,250340,250340,758315,675,8083,83,7.8,4.4,2.6,28.4,31.0,118.0,33.0,67.0,0.98,0,0,0.00,0.00,0.0,0.0,0.00,0.00,0.00,0.0,0,0.0,502789,76,1.0000,2000.0,2087547,2079465,524304,524304
1782883095,5372809736,5245480960,536870912,516417,0,1999,2364,250392,250340,250340,760678,676,7990,84,7.3,2.2,4.6,27.7,32.3,59.5,32.9,67.1,0.98,0,0,0.00,0.00,0.0,0.0,0.00,0.00,0.00,0.0,0,0.0,505154,74,1.0000,2000.0,2095185,2087195,524304,0
1782883096,5372802840,5245480960,536870912,518798,0,1996,2382,250392,250340,250340,763059,676,7948,85,6.9,3.1,4.3,28.9,33.2,119.0,32.8,67.2,0.98,0,0,0.00,0.00,0.0,0.0,0.00,0.00,0.00,0.0,0,0.0,507537,73,1.0000,2000.0,2102907,2094960,524304,524304
1782883097,5372798456,5245480960,536870912,521179,0,1998,2382,250393,250341,250341,765440,677,7925,85,6.8,3.2,2.0,32.3,34.3,119.0,32.7,67.3,0.98,0,0,0.00,0.00,0.0,0.0,0.00,0.00,0.00,0.0,0,0.0,509918,73,1.0000,2000.0,2110621,2102697,524304,524304
1782883098,5372815016,5245480960,536870912,523546,0,1994,2368,250394,250342,250342,767807,681,8007,92,6.8,3.8,2.4,30.8,33.2,119.0,32.6,67.4,0.98,0,0,0.00,0.00,0.0,0.0,0.00,0.00,0.00,0.0,0,0.0,512287,66,1.0000,2000.0,2118424,2110418,524304,524304
1782883099,5372826904,5246529536,536870912,525910,0,1997,2365,250399,250347,250347,770171,683,8079,92,7.0,2.6,4.3,28.8,33.1,118.0,32.5,67.5,0.98,4,0,0.48,0.00,0.0,0.0,0.25,0.00,0.00,0.0,0,123.0,514654,66,1.0000,2000.0,2126203,2118124,524304,0
1782883101,5372818448,5246529536,536870912,528268,0,1998,2359,250399,250347,250347,772529,685,8029,94,6.9,3.1,2.1,29.7,31.8,59.0,32.4,67.6,0.98,0,0,0.00,0.00,0.0,0.0,0.00,0.00,0.00,0.0,0,0.0,517014,65,1.0000,2000.0,2133870,2125842,524304,524304
1782883102,5372824536,5246529536,536870912,530627,0,1996,2360,250399,250347,250347,774888,686,8060,96,6.8,3.4,1.0,31.4,32.4,118.0,32.3,67.7,0.98,0,0,0.00,0.00,0.0,0.0,0.00,0.00,0.00,0.0,0,0.0,519376,62,1.0000,2000.0,2141611,2133552,524304,524304
1782883103,5372805896,5246529536,536870912,532991,0,1997,2365,250400,250348,250348,777252,687,7956,96,6.7,3.1,0.9,31.2,32.1,119.0,32.2,67.8,0.98,0,0,0.00,0.00,0.0,0.0,0.00,0.00,0.00,0.0,0,0.0,521742,62,1.0000,2000.0,2149228,2141272,524304,0
1782883104,5372824360,5246529536,536870912,535357,0,1997,2367,250401,250349,250349,779618,688,8060,97,6.8,3.5,5.5,27.2,32.7,119.0,32.1,67.9,0.98,0,0,0.00,0.00,0.0,0.0,0.00,0.00,0.00,0.0,0,0.0,524110,61,1.0000,2000.0,2157041,2148981,524304,0
1782883105,5372811688,5246529536,536870912,537726,0,1999,2370,250401,250349,250349,781987,688,7988,97,6.8,3.7,1.0,31.0,32.0,118.0,32.0,68.0,0.98,0,0,0.00,0.00,0.0,0.0,0.00,0.00,0.00,0.0,0,0.0,526481,61,1.0000,2000.0,2164706,2156719,524304,524304
1782883106,5372818008,5246529536,536870912,540090,0,1998,2365,250401,250349,250349,784351,689,8023,98,7.1,3.4,2.1,30.5,32.6,118.0,31.9,68.1,0.98,0,0,0.00,0.00,0.0,0.0,0.00,0.00,0.00,0.0,0,0.0,528846,60,1.0000,2000.0,2172458,2164435,524304,0
1782883108,5371763816,5246529536,536870912,542452,0,1998,2363,250401,250349,250349,786713,689,7991,98,7.3,2.6,3.0,28.9,31.9,59.5,31.8,68.2,0.98,0,0,0.00,0.00,0.0,0.0,0.00,0.00,0.00,0.0,0,0.0,531209,60,1.0000,2000.0,2180141,2172151,524304,524304
1782883109,5372821880,5246529536,536870912,544823,0,1998,2372,250401,250349,250349,789084,689,8045,98,6.9,2.8,2.8,29.5,32.3,118.0,31.7,68.3,0.98,0,0,0.00,0.00,0.0,0.0,0.00,0.00,0.00,0.0,0,0.0,533583,60,1.0000,2000.0,2187928,2179884,524304,524304
1782883110,5372805480,5246529536,536870912,547185,0,1997,2363,250402,250350,250350,791446,691,7950,100,6.9,3.0,2.6,30.6,33.2,119.0,31.6,68.4,0.98,0,0,0.00,0.00,0.0,0.0,0.00,0.00,0.00,0.0,0,0.0,535947,58,1.0000,2000.0,2195517,2187567,524304,0
1782883111,5372823528,5246529536,536870912,549561,0,1996,2377,250402,250350,250350,793822,694,8047,104,7.0,2.9,5.2,28.3,33.5,118.0,31.5,68.5,0.98,0,0,0.00,0.00,0.0,0.0,0.00,0.00,0.00,0.0,0,0.0,538325,54,1.0000,2000.0,2203349,2195303,524304,524304
1782883112,5372810552,5246529536,536870912,551919,0,1996,2359,250402,250350,250350,796180,695,7973,105,7.1,3.7,2.3,30.2,32.5,119.0,31.4,68.6,0.98,4,0,0.48,0.00,0.0,0.0,0.25,0.00,0.00,0.0,0,123.0,540686,53,1.0000,2000.0,2210967,2202994,524304,0
1782883114,5372814072,5245968384,536870912,554284,0,1997,2366,250402,250350,250350,798545,695,7993,105,7.2,2.5,5.9,26.7,32.6,59.0,31.4,68.6,0.98,0,0,0.00,0.00,0.0,0.0,0.00,0.00,0.00,0.0,0,0.0,543051,53,1.0000,2000.0,2218685,2210692,524304,0
1782883115,5372815304,5245968384,536870912,556639,0,1998,2356,250402,250350,250350,800900,695,8000,105,7.1,2.7,6.9,25.1,32.0,118.0,31.3,68.7,0.98,0,0,0.00,0.00,0.0,0.0,0.00,0.00,0.00,0.0,0,0.0,545408,53,1.0000,2000.0,2226385,2218385,524304,0
1782883116,5372815856,5245968384,536870912,558993,0,1997,2355,250402,250350,250350,803254,695,8003,105,6.9,3.2,4.8,27.4,32.2,118.0,31.2,68.8,0.98,0,0,0.00,0.00,0.0,0.0,0.00,0.00,0.00,0.0,0,0.0,547766,54,1.0000,2000.0,2234076,2226074,524304,524304
1782883117,5372807896,5245968384,536870912,561355,0,1998,2363,250402,250350,250350,805616,696,7957,106,7.2,3.3,5.2,27.9,33.1,118.0,31.1,68.9,0.98,0,0,0.00,0.00,0.0,0.0,0.00,0.00,0.00,0.0,0,0.0,550130,52,1.0000,2000.0,2241737,2233781,524304,524304
1782883118,5372810856,5245968384,536870912,563719,0,1997,2365,250402,250350,250350,807980,698,7972,108,6.8,2.8,5.2,28.6,33.8,119.0,31.0,69.0,0.98,0,0,0.00,0.00,0.0,0.0,0.00,0.00,0.00,0.0,0,0.0,552496,50,1.0000,2000.0,2249451,2241479,524304,0
1782883120,5372805224,5245968384,536870912,566090,0,1998,2372,250402,250350,250350,810351,698,7940,108,6.9,2.1,4.3,29.4,33.7,118.0,30.9,69.1,0.98,0,0,0.00,0.00,0.0,0.0,0.00,0.00,0.00,0.0,0,0.0,554867,50,1.0000,2000.0,2257127,2249188,524304,524304
1782883121,5372812408,5245968384,536870912,568449,0,1999,2360,250402,250350,250350,812710,700,7979,110,7.0,1.9,6.5,25.6,32.1,59.0,30.8,69.2,0.98,0,0,0.00,0.00,0.0,0.0,0.00,0.00,0.00,0.0,0,0.0,557229,48,1.0000,2000.0,2264879,2256901,524304,524304
1782883122,5372840728,5245968384,536870912,570804,0,1998,2356,250402,250350,250350,815065,701,8139,111,7.3,2.6,6.4,24.4,30.8,118.0,30.7,69.3,0.98,0,0,0.00,0.00,0.0,0.0,0.00,0.00,0.00,0.0,0,0.0,559586,47,1.0000,2000.0,2272746,2264608,524304,524304
1782883123,5372837512,5245968384,536870912,573140,0,1998,2337,250402,250350,250350,817401,704,8118,114,7.3,2.3,9.7,20.6,30.3,117.0,30.6,69.4,0.98,0,0,0.00,0.00,0.0,0.0,0.00,0.00,0.00,0.0,0,0.0,561925,44,1.0000,2000.0,2280384,2272267,524304,524304
1782883124,5372836408,5246509056,536870912,575477,0,1994,2338,250403,250351,250351,819738,707,8109,117,7.1,2.1,5.3,25.6,30.9,117.0,30.5,69.5,0.98,0,0,0.00,0.00,0.0,0.0,0.00,0.00,0.00,0.0,0,0.0,564264,41,1.0000,2000.0,2288013,2279905,524304,524304
1782883125,5372848184,5246509056,536870912,577818,0,1997,2342,250403,250351,250351,822079,708,8175,118,7.3,2.7,9.7,21.2,30.9,117.0,30.5,69.5,0.98,0,0,0.00,0.00,0.0,0.0,0.00,0.00,0.00,0.0,0,0.0,566605,40,1.0000,2000.0,2295698,2287524,524304,524304
1782883127,5372833568,5246509056,536870912,580150,0,1996,2333,250403,250351,250351,824411,710,8090,120,7.3,3.2,3.0,27.1,30.1,58.5,30.4,69.6,0.98,0,0,0.00,0.00,0.0,0.0,0.00,0.00,0.00,0.0,0,0.0,568941,39,1.0000,2000.0,2303223,2295133,524304,0
1782883128,5372814696,5246509056,536870912,582490,0,1998,2341,250404,250352,250352,826751,711,7982,121,7.2,2.5,7.7,24.3,32.0,117.0,30.3,69.7,0.98,0,0,0.00,0.00,0.0,0.0,0.00,0.00,0.00,0.0,0,0.0,571282,37,1.0000,2000.0,2310718,2302737,524304,524304
1782883129,5372810792,5246509056,536870912,584837,0,1996,2348,250405,250353,250353,829098,713,7958,123,7.1,3.4,3.8,28.9,32.7,118.0,30.2,69.8,0.98,0,0,0.00,0.00,0.0,0.0,0.00,0.00,0.00,0.0,0,0.0,573631,35,1.0000,2000.0,2318318,2310361,524304,524304
1782883130,5372843888,5246509056,536870912,587179,0,1999,2343,250405,250353,250353,831440,714,8145,124,6.8,3.2,4.0,27.5,31.5,117.0,30.1,69.9,0.98,0,0,0.00,0.00,0.0,0.0,0.00,0.00,0.00,0.0,0,0.0,575975,35,1.0000,2000.0,2326119,2317975,524304,524304
1782883131,5372831544,5246509056,536870912,589509,0,1998,2331,250405,250353,250353,833770,714,8075,124,6.9,2.4,6.5,25.3,31.8,117.0,30.0,70.0,0.98,0,0,0.00,0.00,0.0,0.0,0.00,0.00,0.00,0.0,0,0.0,578307,34,1.0000,2000.0,2333628,2325553,524304,0
1782883132,5372808104,5246509056,536870912,591847,0,1997,2339,250405,250353,250353,836108,714,7939,125,7.1,2.6,9.1,23.6,32.7,117.0,29.9,70.1,0.98,0,0,0.00,0.00,0.0,0.0,0.00,0.00,0.00,0.0,0,0.0,580646,33,1.0000,2000.0,2341087,2333149,524304,524304
1782883134,5372810984,5246509056,536870912,594186,0,1999,2340,250405,250353,250353,838447,714,7956,125,7.4,2.4,6.0,27.0,33.0,58.0,29.9,70.1,0.98,2,0,0.24,0.00,0.0,0.0,0.25,0.00,0.00,0.0,0,123.0,582987,33,1.0000,2000.0,2348697,2340742,524304,524304
1782883135,5372834040,5246509056,536870912,596510,0,2000,2325,250405,250353,250353,840771,714,8087,125,7.3,2.7,6.2,25.2,31.4,117.0,29.8,70.2,0.98,0,0,0.00,0.00,0.0,0.0,0.00,0.00,0.00,0.0,0,0.0,585314,33,1.0000,2000.0,2356399,2348313,524304,524304
1782883136,5372835576,5246509056,536870912,598830,0,1995,2321,250405,250353,250353,843091,717,8093,128,7.2,1.9,8.4,23.1,31.5,116.0,29.7,70.3,0.98,0,0,0.00,0.00,0.0,0.0,0.00,0.00,0.00,0.0,0,0.0,587636,30,1.0000,2000.0,2363966,2355874,524304,524304
1782883137,5372827816,5246509056,536870912,601153,0,1997,2324,250405,250353,250353,845414,718,8048,129,7.1,1.6,7.7,23.9,31.6,116.0,29.6,70.4,0.98,0,0,0.00,0.00,0.0,0.0,0.00,0.00,0.00,0.0,0,0.0,589962,29,1.0000,2000.0,2371491,2363443,524304,0
1782883138,5372821992,5246509056,536870912,603474,0,1998,2322,250405,250353,250353,847735,719,8014,130,6.8,2.7,4.2,27.7,31.9,117.0,29.5,70.5,0.98,0,0,0.00,0.00,0.0,0.0,0.00,0.00,0.00,0.0,0,0.0,592284,28,1.0000,2000.0,2379005,2370991,524304,0
1782883139,5372814952,5246509056,536870912,605846,0,1999,2373,250405,250353,250353,850107,719,7974,130,6.8,2.5,2.8,29.5,32.3,119.0,29.4,70.6,0.98,0,0,0.00,0.00,0.0,0.0,0.00,0.00,0.00,0.0,0,0.0,594658,28,1.0000,2000.0,2386692,2378718,524304,0
1782883141,5372818472,5246509056,536870912,608186,0,2000,2341,250405,250353,250353,852447,719,7994,130,7.3,2.8,6.0,26.9,32.9,58.5,29.4,70.6,0.98,0,0,0.00,0.00,0.0,0.0,0.00,0.00,0.00,0.0,0,0.0,596999,28,1.0000,2000.0,2394309,2386315,524304,0
1782883142,5372820040,5246509056,536870912,610519,0,1999,2334,250405,250353,250353,854780,720,8002,131,7.4,3.0,11.0,22.4,33.4,116.0,29.3,70.7,0.98,0,0,0.00,0.00,0.0,0.0,0.00,0.00,0.00,0.0,0,0.0,599334,27,1.0000,2000.0,2401891,2393889,524304,0
1782883143,5372826712,5246509056,536870912,612855,0,1997,2337,250405,250353,250353,857116,721,8039,132,7.3,4.2,2.6,29.3,31.9,117.0,29.2,70.8,0.98,0,0,0.00,0.00,0.0,0.0,0.00,0.00,0.00,0.0,0,0.0,601673,26,1.0000,2000.0,2409523,2401484,524304,0
1782883144,5372828280,5246509056,536870912,615177,0,1997,2323,250405,250353,250353,859438,722,8047,133,7.1,2.8,2.0,29.2,31.2,116.0,29.1,70.9,0.98,0,0,0.00,0.00,0.0,0.0,0.00,0.00,0.00,0.0,0,0.0,603997,25,1.0000,2000.0,2417100,2409054,524304,524304
1782883145,5372827384,5246509056,536870912,617497,0,1997,2321,250405,250353,250353,861758,723,8041,134,7.1,2.3,5.1,25.8,30.9,116.0,29.1,70.9,0.98,0,0,0.00,0.00,0.0,0.0,0.00,0.00,0.00,0.0,0,0.0,606320,24,1.0000,2000.0,2424659,2416619,524304,524304
1782883146,5372821192,5246509056,536870912,619815,0,1998,2319,250405,250353,250353,864076,723,8003,135,6.9,2.9,3.6,27.8,31.4,117.0,29.0,71.0,0.98,0,0,0.00,0.00,0.0,0.0,0.00,0.00,0.00,0.0,0,0.0,608640,23,1.0000,2000.0,2432171,2424168,524304,0
1782883148,5372828616,5247426560,536870912,622140,0,2000,2326,250406,250354,250354,866401,723,8048,134,6.8,3.1,2.0,29.3,31.3,58.0,28.9,71.1,0.98,0,0,0.00,0.00,0.0,0.0,0.00,0.00,0.00,0.0,0,0.0,610966,24,1.0000,2000.0,2439793,2431745,524304,0
1782883149,5372822104,5247426560,536870912,624463,0,1998,2324,250406,250354,250354,868724,723,8011,134,6.8,4.7,0.0,31.0,31.0,116.0,28.8,71.2,0.98,0,0,0.00,0.00,0.0,0.0,0.00,0.00,0.00,0.0,0,0.0,613292,24,1.0000,2000.0,2447343,2439332,524304,0
1782883150,5372814712,5247426560,536870912,626783,0,1997,2321,250407,250355,250355,871044,723,7969,134,6.9,2.8,0.5,30.1,30.6,116.0,28.7,71.3,0.98,0,0,0.00,0.00,0.0,0.0,0.00,0.00,0.00,0.0,0,0.0,615614,24,1.0000,2000.0,2454876,2446907,524304,0
1782883151,5372823672,5247426560,536870912,629101,0,1999,2319,250407,250355,250355,873362,724,8019,135,7.1,3.3,2.6,29.1,31.7,117.0,28.7,71.3,0.98,0,0,0.00,0.00,0.0,0.0,0.00,0.00,0.00,0.0,0,0.0,617933,23,1.0000,2000.0,2462480,2454462,524304,524304
1782883152,5372803288,5247426560,536870912,631430,0,1996,2330,250408,250356,250356,875691,724,7900,136,7.2,3.2,3.7,29.3,33.0,116.0,28.6,71.4,0.98,0,0,0.00,0.00,0.0,0.0,0.00,0.00,0.00,0.0,0,0.0,620264,22,1.0000,2000.0,2469930,2462030,524304,0
1782883153,5372820008,5247426560,536870912,633764,0,1998,2336,250410,250358,250358,878025,727,7996,137,7.0,3.5,2.8,29.8,32.6,117.0,28.5,71.5,0.98,0,0,0.00,0.00,0.0,0.0,0.00,0.00,0.00,0.0,0,0.0,622603,21,1.0000,2000.0,2477645,2469649,524304,0
1782883155,5372822104,5247426560,536870912,636082,0,2000,2319,250410,250358,250358,880343,728,8007,138,6.9,3.1,0.0,31.7,31.7,58.0,28.4,71.6,0.98,0,0,0.00,0.00,0.0,0.0,0.00,0.00,0.00,0.0,0,0.0,624921,20,1.0000,2000.0,2485226,2477219,524304,0
1782883156,5372807656,5247426560,536870912,638399,0,1996,2318,250410,250358,250358,882660,729,7924,139,6.9,2.3,2.1,29.3,31.4,116.0,28.4,71.6,0.98,0,0,0.00,0.00,0.0,0.0,0.00,0.00,0.00,0.0,0,0.0,627241,19,1.0000,2000.0,2492724,2484800,524304,0
1782883157,5372816264,5247426560,536870912,640721,0,1998,2323,250410,250358,250358,884982,730,7972,140,6.9,2.8,3.5,29.0,32.5,116.0,28.3,71.7,0.98,0,0,0.00,0.00,0.0,0.0,0.00,0.00,0.00,0.0,0,0.0,629566,18,1.0000,2000.0,2500355,2492383,524304,0
1782883158,5372810632,5247426560,536870912,643038,0,1998,2318,250410,250358,250358,887299,730,7940,140,6.6,3.5,1.1,30.4,31.5,116.0,28.2,71.8,0.98,0,0,0.00,0.00,0.0,0.0,0.00,0.00,0.00,0.0,0,0.0,631885,18,1.0000,2000.0,2507904,2499964,524304,0
1782883159,5372823640,5247426560,536870912,645349,0,1998,2312,250411,250359,250359,889610,731,8013,141,7.4,2.0,7.8,23.5,31.3,116.0,28.1,71.9,0.98,0,0,0.00,0.00,0.0,0.0,0.00,0.00,0.00,0.0,0,0.0,634197,17,1.0000,2000.0,2515535,2507522,524304,0
1782883160,5372827512,5247426560,536870912,647661,0,2000,2313,250411,250359,250359,891922,731,8035,141,7.0,2.8,4.1,27.4,31.5,116.0,28.1,71.9,0.98,0,0,0.00,0.00,0.0,0.0,0.00,0.00,0.00,0.0,0,0.0,636510,17,1.0000,2000.0,2523105,2515070,524304,0
1782883161,5372825200,5247426560,536870912,649977,0,1997,2317,250411,250359,250359,894238,734,8019,144,7.1,2.9,7.9,24.2,32.1,115.0,28.0,72.0,0.98,0,0,0.00,0.00,0.0,0.0,0.00,0.00,0.00,0.0,0,0.0,638829,15,1.0000,2000.0,2530656,2522638,524304,524304
1782883163,5372837816,5247426560,536870912,652281,0,1997,2305,250411,250359,250359,896542,736,8089,146,7.1,3.2,4.6,26.1,30.7,58.0,27.9,72.1,0.98,0,0,0.00,0.00,0.0,0.0,0.00,0.00,0.00,0.0,0,0.0,641134,12,1.0000,2000.0,2538269,2530180,524304,0
1782883164,5371784280,5247426560,536870912,654580,0,1995,2300,250411,250359,250359,898841,739,8058,149,7.0,3.3,3.6,26.5,30.1,115.0,27.9,72.1,0.98,0,0,0.00,0.00,0.0,0.0,0.00,0.00,0.00,0.0,0,0.0,643435,9,1.0000,2000.0,2545769,2537712,524304,524304
1782883165,5372821368,5246918656,536870912,656876,0,1995,2297,250411,250359,250359,901137,741,7991,151,7.0,3.3,2.6,27.8,30.4,115.0,27.8,72.2,0.98,0,0,0.00,0.00,0.0,0.0,0.00,0.00,0.00,0.0,0,0.0,645735,7,1.0000,2000.0,2553222,2545231,524304,0
1782883166,5372817848,5246918656,536870912,659191,0,1998,2316,250411,250359,250359,903452,741,7971,151,6.9,3.3,2.2,29.5,31.7,116.0,27.7,72.3,0.98,0,0,0.00,0.00,0.0,0.0,0.00,0.00,0.00,0.0,0,0.0,648050,7,1.0000,2000.0,2560738,2552767,524304,0
1782883167,5372831048,5246918656,536870912,661495,0,1997,2305,250411,250359,250359,905756,741,8046,151,7.0,1.8,5.0,25.9,30.9,115.0,27.6,72.4,0.98,0,0,0.00,0.00,0.0,0.0,0.00,0.00,0.00,0.0,0,0.0,650356,7,1.0000,2000.0,2568339,2560294,524304,524304
1782883168,5372825592,5246918656,536870912,663801,0,1997,2307,250411,250359,250359,908062,741,8015,151,6.8,3.2,2.9,28.3,31.2,116.0,27.6,72.4,0.98,0,0,0.00,0.00,0.0,0.0,0.00,0.00,0.00,0.0,0,0.0,652666,7,1.0000,2000.0,2575842,2567828,524304,524304
1782883170,5372844728,5246918656,536870912,666109,0,1999,2309,250411,250359,250359,910370,742,8120,153,7.1,3.5,8.1,22.6,30.7,57.5,27.5,72.5,0.98,0,0,0.00,0.00,0.0,0.0,0.00,0.00,0.00,0.0,0,0.0,654975,5,1.0000,2000.0,2583487,2575367,524304,0
1782883171,5372820952,5246918656,536870912,668411,0,1996,2303,250413,250361,250361,912672,743,7984,154,6.9,2.7,4.9,27.2,32.1,116.0,27.4,72.6,0.98,0,0,0.00,0.00,0.0,0.0,0.00,0.00,0.00,0.0,0,0.0,657279,4,1.0000,2000.0,2590843,2582860,524304,524304
1782883172,5372821016,5247967232,536870912,670737,0,1998,2327,250414,250362,250362,914998,743,7985,154,7.2,2.1,9.3,23.8,33.1,117.0,27.4,72.6,0.98,4,0,0.48,0.00,0.0,0.0,1.00,0.00,0.00,0.0,0,123.0,659608,4,1.0000,2000.0,2598390,2590406,524304,524304
1782883173,5372818904,5247967232,536870912,673065,0,1999,2329,250415,250363,250363,917326,743,7973,154,6.7,2.6,3.0,29.4,32.4,116.0,27.3,72.7,0.98,0,0,0.00,0.00,0.0,0.0,0.00,0.00,0.00,0.0,0,0.0,661936,4,1.0000,2000.0,2605923,2597951,524304,524304
1782883174,5372815032,5247967232,536870912,675380,0,1999,2316,250415,250363,250363,919641,743,7951,154,7.2,2.9,2.3,30.3,32.6,116.0,27.2,72.8,0.98,0,0,0.00,0.00,0.0,0.0,0.00,0.00,0.00,0.0,0,0.0,664253,4,1.0000,2000.0,2613425,2605474,524304,0
1782883175,5372827808,5247967232,536870912,677693,0,1997,2314,250415,250363,250363,921954,746,8021,157,6.9,3.4,3.6,29.5,33.1,115.0,27.2,72.8,0.98,0,0,0.00,0.00,0.0,0.0,0.00,0.00,0.00,0.0,0,0.0,666386,0,1.0000,2000.0,2621012,2612992,524304,524304
1782883177,5372912400,5247967232,536870912,679994,0,1998,2302,250415,250363,250363,924255,747,8498,159,6.9,2.5,3.2,29.2,32.4,57.5,27.1,72.9,0.98,0,0,0.00,0.00,0.0,0.0,0.00,0.00,0.00,0.0,0,0.0,668094,0,1.0000,2000.0,2628989,2620492,524304,524304
1782883178,5372831448,5247967232,536870912,681635,0,1630,1642,250417,250365,250365,925896,748,8037,160,6.7,2.7,4.4,20.9,25.3,115.0,27.0,73.0,0.98,0,0,0.00,0.00,0.0,0.0,0.00,0.00,0.00,0.0,0,0.0,668544,0,1.0000,2000.0,2636035,2627998,524304,0
1782883179,5372821312,5247967232,536870912,682997,0,1261,1363,250418,250366,250366,927258,748,7982,159,7.0,2.6,4.1,17.9,22.0,115.0,27.0,73.0,0.98,0,0,0.00,0.00,0.0,0.0,0.00,0.00,0.00,0.0,0,0.0,668948,0,1.0000,2000.0,2643477,2635495,524304,0
1782883180,5372627304,5247967232,536870912,684427,0,1490,1431,250418,250366,250366,928688,749,6879,160,7.0,2.1,5.0,17.7,22.7,115.0,27.0,73.0,0.98,0,0,0.00,0.00,0.0,0.0,0.00,0.00,0.00,0.0,0,0.0,669416,0,1.0000,2000.0,2649870,2642992,524304,524304
1782883181,5392710944,5231120384,536870912,685864,0,844,1438,250418,250405,250405,930125,749,5005,9,6.8,2.3,3.7,17.3,21.0,123.0,26.9,73.1,0.97,20,35,2.46,4.29,0.0,0.0,0.95,0.86,0.05,1.0,0,125.7,670734,149,1.0000,2000.0,2655941,2650937,524304,524304
1782883182,5392819008,5231120384,536870912,688319,0,1998,2456,250418,250405,250405,932580,749,5619,9,6.8,2.6,4.1,29.6,33.7,123.0,26.9,73.1,0.97,0,0,0.00,0.00,0.0,0.0,0.00,0.00,0.00,0.0,0,0.0,673190,149,1.0000,2000.0,2664535,2658917,524304,524304
1782883184,5392917216,5231120384,536870912,690775,0,1999,2457,250418,250405,250405,935036,749,6177,9,7.0,2.5,5.5,28.6,34.1,61.5,26.8,73.2,0.97,0,0,0.00,0.00,0.0,0.0,0.00,0.00,0.00,0.0,0,0.0,675648,149,1.0000,2000.0,2673084,2666907,524304,0
1782883185,5393025280,5230616576,536870912,693230,0,1997,2456,250419,250406,250406,937491,749,6791,9,7.2,2.0,7.4,26.1,33.5,122.0,26.7,73.3,0.97,0,0,0.00,0.00,0.0,0.0,0.00,0.00,0.00,0.0,0,0.0,678104,149,1.0000,2000.0,2681690,2674899,524304,0
1782883186,5393117856,5230616576,536870912,695682,0,1999,2453,250419,250406,250406,939943,749,7317,9,7.0,2.6,8.6,25.5,34.1,123.0,26.6,73.4,0.97,0,0,0.00,0.00,0.0,0.0,0.00,0.00,0.00,0.0,0,0.0,680560,149,1.0000,2000.0,2690205,2682888,524304,0
1782883187,5393217648,5230616576,536870912,698135,0,1997,2454,250419,250406,250406,942396,749,7884,9,6.8,2.0,5.0,28.3,33.3,123.0,26.6,73.4,0.97,0,2,0.00,0.01,0.0,1.0,0.00,0.00,0.00,0.0,0,6.0,683013,149,1.0000,2000.0,2698750,2690866,524304,0
1782883189,5393254752,5230616576,536870912,700582,0,1998,2448,250419,250406,250406,944843,749,8092,10,7.1,2.8,10.0,22.9,32.9,61.0,26.5,73.5,0.97,0,0,0.00,0.00,0.0,0.0,0.00,0.00,0.00,0.0,0,0.0,685463,148,1.0000,2000.0,2706935,2698844,524304,524304
1782883190,5393266400,5230616576,536870912,703024,0,1998,2443,250421,250408,250408,947285,749,8161,9,7.7,4.3,7.6,24.3,31.9,122.0,26.4,73.6,0.97,0,0,0.00,0.00,0.0,0.0,0.00,0.00,0.00,0.0,0,0.0,687906,149,1.0000,2000.0,2714982,2706821,524304,0
1782883191,5393267632,5230616576,536870912,705470,0,1997,2447,250421,250408,250408,949731,749,8168,9,6.9,2.2,4.8,28.1,32.9,123.0,26.4,73.6,0.97,0,0,0.00,0.00,0.0,0.0,0.00,0.00,0.00,0.0,0,0.0,690354,149,1.0000,2000.0,2722987,2714819,524304,0
1782883192,5393254256,5230616576,536870912,707911,0,1998,2442,250421,250408,250408,952172,749,8092,9,7.0,2.0,7.8,25.3,33.1,122.0,26.3,73.7,0.97,0,0,0.00,0.00,0.0,0.0,0.00,0.00,0.00,0.0,0,0.0,692797,149,1.0000,2000.0,2730894,2722803,524304,524304
1782883193,5393241408,5230616576,536870912,710353,0,1998,2443,250421,250408,250408,954614,749,8019,9,7.2,1.7,13.6,19.6,33.2,122.0,26.2,73.8,0.97,0,0,0.00,0.00,0.0,0.0,0.00,0.00,0.00,0.0,0,0.0,695242,149,1.0000,2000.0,2738807,2730788,524304,0
1782883195,5393238416,5230616576,536870912,712796,0,1998,2444,250421,250408,250408,957057,749,8002,9,7.2,1.8,4.9,28.4,33.3,61.0,26.2,73.8,0.97,0,0,0.00,0.00,0.0,0.0,0.00,0.00,0.00,0.0,0,0.0,697687,149,1.0000,2000.0,2746776,2738774,524304,0
1782883196,5393251264,5230616576,536870912,715242,0,1998,2447,250421,250408,250408,959503,749,8075,9,7.4,2.8,6.9,26.3,33.2,123.0,26.1,73.9,0.97,0,0,0.00,0.00,0.0,0.0,0.00,0.00,0.00,0.0,0,0.0,700135,149,1.0000,2000.0,2754844,2746770,524304,524304
1782883197,5393251408,5230616576,536870912,717682,0,1997,2441,250423,250410,250410,961943,749,8073,10,6.9,2.3,7.2,25.2,32.4,122.0,26.0,74.0,0.97,0,0,0.00,0.00,0.0,0.0,0.00,0.00,0.00,0.0,0,0.0,702576,148,1.0000,2000.0,2762820,2754747,524304,0
1782883198,5393255136,5230616576,536870912,720129,0,1998,2448,250424,250411,250411,964390,749,8097,9,7.1,3.1,3.0,29.3,32.3,123.0,26.0,74.0,0.97,0,0,0.00,0.00,0.0,0.0,0.00,0.00,0.00,0.0,0,0.0,705025,149,1.0000,2000.0,2770849,2762753,524304,524304
1782883200,5393266400,5230616576,536870912,722611,0,1998,2483,250424,250411,250411,966872,749,8161,9,6.7,2.0,3.4,29.8,33.2,61.5,25.9,74.1,0.97,0,0,0.00,0.00,0.0,0.0,0.00,0.00,0.00,0.0,0,0.0,707511,149,1.0000,2000.0,2779041,2770880,524304,0
1782883201,5393256368,5230616576,536870912,725055,0,1997,2445,250425,250412,250412,969316,749,8104,9,6.9,3.9,0.0,32.4,32.4,123.0,25.8,74.2,0.97,0,0,0.00,0.00,0.0,0.0,0.00,0.00,0.00,0.0,0,0.0,709957,149,1.0000,2000.0,2786971,2778867,524304,0
1782883202,5393244400,5230616576,536870912,727506,0,1998,2452,250425,250412,250412,971767,749,8036,9,6.8,3.5,3.8,29.6,33.4,122.0,25.8,74.2,0.97,0,0,0.00,0.00,0.0,0.0,0.00,0.00,0.00,0.0,0,0.0,712409,149,1.0000,2000.0,2794907,2786871,524304,0
1782883203,5393265552,5230616576,536870912,729955,0,1999,2450,250425,250412,250412,974216,749,8154,10,7.0,2.8,5.0,28.2,33.2,123.0,25.7,74.3,0.97,4,0,0.48,0.00,0.0,0.0,0.25,0.00,0.00,0.0,0,123.0,714860,148,1.0000,2000.0,2803025,2794872,524304,524304
1782883204,5393243024,5230112768,536870912,732409,0,1998,2455,250425,250412,250412,976670,749,8026,10,7.0,3.5,3.1,31.7,34.8,123.0,25.6,74.4,0.97,0,0,0.00,0.00,0.0,0.0,0.00,0.00,0.00,0.0,0,0.0,717315,148,1.0000,2000.0,2810858,2802833,524304,524304
1782883206,5393248304,5230112768,536870912,734868,0,2000,2460,250426,250413,250413,979129,749,8056,10,7.3,2.5,7.4,26.4,33.8,61.5,25.6,74.4,0.97,0,0,0.00,0.00,0.0,0.0,0.00,0.00,0.00,0.0,0,0.0,719776,148,1.0000,2000.0,2818891,2810836,524304,524304
1782883207,5393241792,5230112768,536870912,737327,0,1997,2460,250427,250414,250414,981588,749,8019,10,7.1,2.7,5.7,28.9,34.6,123.0,25.5,74.5,0.97,0,0,0.00,0.00,0.0,0.0,0.00,0.00,0.00,0.0,0,0.0,722239,148,1.0000,2000.0,2826864,2818845,524304,0
1782883208,5393244608,5230112768,536870912,739796,0,1999,2470,250428,250415,250415,984057,749,8035,10,7.0,2.7,2.2,32.9,35.1,124.0,25.4,74.6,0.97,0,2,0.00,0.01,0.0,1.0,0.00,0.00,0.00,0.0,0,6.0,724709,148,1.0000,2000.0,2834890,2826855,524304,0
1782883209,5393242112,5230112768,536870912,742258,0,1998,2463,250429,250416,250416,986519,749,8018,11,7.0,3.1,2.8,31.9,34.7,123.0,25.4,74.6,0.97,0,0,0.00,0.00,0.0,0.0,0.00,0.00,0.00,0.0,0,0.0,727174,147,1.0000,2000.0,2842881,2834864,524304,524304
1782883211,5393250064,5230112768,536870912,744716,0,1998,2459,250430,250417,250417,988977,749,8066,10,6.7,3.5,3.0,30.7,33.7,61.5,25.3,74.7,0.97,0,0,0.00,0.00,0.0,0.0,0.00,0.00,0.00,0.0,0,0.0,729633,148,1.0000,2000.0,2850936,2842870,524304,0
1782883212,5393245472,5230112768,536870912,747169,0,1998,2454,250430,250417,250417,991430,750,8039,11,7.1,2.6,3.6,30.3,33.9,123.0,25.3,74.7,0.97,0,0,0.00,0.00,0.0,0.0,0.00,0.00,0.00,0.0,0,0.0,732088,147,1.0000,2000.0,2858911,2850873,524304,524304
1782883213,5393250720,5230112768,536870912,749622,0,1996,2454,250430,250417,250417,993883,750,8066,12,6.7,3.0,3.1,30.4,33.5,122.0,25.2,74.8,0.97,0,0,0.00,0.00,0.0,0.0,0.00,0.00,0.00,0.0,0,0.0,734542,146,1.0000,2000.0,2866940,2858875,524304,524304
1782883214,5393240896,5230112768,536870912,752075,0,2000,2454,250431,250418,250418,996336,750,8013,11,6.8,2.5,4.2,29.4,33.6,123.0,25.1,74.9,0.97,0,0,0.00,0.00,0.0,0.0,0.00,0.00,0.00,0.0,0,0.0,736998,147,1.0000,2000.0,2874886,2866874,524304,524304
1782883216,5393252864,5230112768,536870912,754535,0,1999,2461,250431,250418,250418,998796,750,8081,11,6.8,2.7,4.6,28.6,33.2,61.5,25.1,74.9,0.97,0,0,0.00,0.00,0.0,0.0,0.00,0.00,0.00,0.0,0,0.0,739459,147,1.0000,2000.0,2882981,2874901,524304,524304
1782883217,5393252672,5230112768,536870912,756979,0,1999,2445,250431,250418,250418,1001240,751,8079,12,7.3,2.7,4.5,27.9,32.4,122.0,25.0,75.0,0.97,0,1,0.00,0.00,0.0,0.0,0.00,0.00,0.00,0.0,0,4.0,741905,146,1.0000,2000.0,2890968,2882889,524304,0
1782883218,5393269328,5230112768,536870912,759421,0,1996,2443,250431,250418,250418,1003682,751,8168,14,6.9,2.7,5.0,27.7,32.7,123.0,24.9,75.1,0.97,0,0,0.00,0.00,0.0,0.0,0.00,0.00,0.00,0.0,0,0.0,744351,144,1.0000,2000.0,2899051,2890883,524304,0
1782883219,5393266928,5230112768,536870912,761869,0,1999,2449,250433,250420,250420,1006130,751,8160,12,7.0,1.9,8.0,24.6,32.6,122.0,24.9,75.1,0.97,0,0,0.00,0.00,0.0,0.0,0.00,0.00,0.00,0.0,0,0.0,746799,146,1.0000,2000.0,2907027,2898868,524304,524304
1782883220,5393267280,5230112768,536870912,764312,0,1999,2444,250434,250421,250421,1008573,751,8162,12,7.3,2.6,4.6,27.9,32.5,122.0,24.8,75.2,0.97,0,0,0.00,0.00,0.0,0.0,0.00,0.00,0.00,0.0,0,0.0,749244,146,1.0000,2000.0,2915013,2906852,524304,524304
1782883222,5393273088,5230112768,536870912,766753,0,2000,2442,250435,250422,250422,1011014,751,8195,12,7.3,3.8,9.8,22.4,32.2,61.0,24.8,75.2,0.97,0,0,0.00,0.00,0.0,0.0,0.00,0.00,0.00,0.0,0,0.0,751689,146,1.0000,2000.0,2923032,2914838,524304,524304
1782883223,5393246512,5230112768,536870912,769198,0,1997,2446,250435,250422,250422,1013459,751,8044,12,6.8,2.4,4.7,27.9,32.6,123.0,24.7,75.3,0.97,0,0,0.00,0.00,0.0,0.0,0.00,0.00,0.00,0.0,0,0.0,754136,146,1.0000,2000.0,2930874,2922831,524304,524304
1782883224,5393266368,5230112768,536870912,771642,0,1996,2445,250436,250423,250423,1015903,753,8155,14,6.7,2.4,4.9,28.0,32.9,122.0,24.7,75.3,0.97,0,0,0.00,0.00,0.0,0.0,0.00,0.00,0.00,0.0,0,0.0,756581,144,1.0000,2000.0,2938973,2930819,524304,524304
1782883225,5393261616,5230112768,536870912,774081,0,1999,2440,250437,250424,250424,1018342,753,8128,14,6.9,2.3,7.1,25.7,32.8,122.0,24.6,75.4,0.97,0,0,0.00,0.00,0.0,0.0,0.00,0.00,0.00,0.0,0,0.0,759021,144,1.0000,2000.0,2946917,2938789,524304,0
1782883227,5393253368,5230112768,536870912,776517,0,2000,2437,250437,250424,250424,1020778,753,8081,14,7.0,2.9,5.1,27.7,32.8,61.0,24.5,75.5,0.97,0,0,0.00,0.00,0.0,0.0,0.00,0.00,0.00,0.0,0,0.0,761460,145,1.0000,2000.0,2954842,2946761,524304,0
1782883228,5393247008,5230112768,536870912,778952,0,1998,2436,250438,250425,250425,1023213,753,8045,14,7.1,2.2,6.3,26.6,32.9,122.0,24.5,75.5,0.97,0,0,0.00,0.00,0.0,0.0,0.00,0.00,0.00,0.0,0,0.0,763897,144,1.0000,2000.0,2962774,2954730,524304,524304
1782883229,5393248936,5230112768,536870912,781393,0,1999,2442,250438,250425,250425,1025654,753,8053,15,6.8,2.3,5.3,28.2,33.5,122.0,24.4,75.6,0.97,0,0,0.00,0.00,0.0,0.0,0.00,0.00,0.00,0.0,0,0.0,766340,144,1.0000,2000.0,2970749,2962697,524304,524304
1782883230,5393239088,5230112768,536870912,783845,0,1998,2453,250439,250426,250426,1028106,753,8000,14,7.1,2.5,8.3,25.4,33.7,123.0,24.4,75.6,0.97,0,0,0.00,0.00,0.0,0.0,0.00,0.00,0.00,0.0,0,0.0,768794,144,1.0000,2000.0,2978696,2970696,524304,0
1782883231,5393253520,5230112768,536870912,786300,0,1998,2456,250439,250426,250426,1030561,753,8082,14,6.8,2.6,2.7,31.0,33.7,123.0,24.3,75.7,0.97,0,0,0.00,0.00,0.0,0.0,0.00,0.00,0.00,0.0,0,0.0,771252,144,1.0000,2000.0,2986788,2978707,524304,524304
1782883233,5393253872,5230112768,536870912,788748,0,1997,2449,250439,250426,250426,1033009,753,8084,14,7.3,2.6,8.1,25.0,33.1,61.0,24.2,75.8,0.97,0,0,0.00,0.00,0.0,0.0,0.00,0.00,0.00,0.0,0,0.0,773702,144,1.0000,2000.0,2994774,2986690,524304,0
1782883234,5393265296,5230112768,536870912,791204,0,1998,2457,250439,250426,250426,1035465,754,8148,15,7.0,2.7,4.3,28.5,32.8,123.0,24.2,75.8,0.97,0,0,0.00,0.00,0.0,0.0,0.00,0.00,0.00,0.0,0,0.0,776160,143,1.0000,2000.0,3002854,2994707,524304,524304
1782883235,5393269344,5230112768,536870912,793645,0,1998,2442,250439,250426,250426,1037906,754,8171,15,6.9,4.5,2.1,29.8,31.9,122.0,24.1,75.9,0.97,0,0,0.00,0.00,0.0,0.0,0.00,0.00,0.00,0.0,0,0.0,778601,143,1.0000,2000.0,3010847,3002676,524304,0
1782883236,5393269168,5230112768,536870912,796084,0,1999,2440,250439,250426,250426,1040345,754,8170,15,6.8,3.2,1.4,31.1,32.5,122.0,24.1,75.9,0.97,0,0,0.00,0.00,0.0,0.0,0.00,0.00,0.00,0.0,0,0.0,781044,143,1.0000,2000.0,3018822,3010652,524304,0
1782883238,5393250688,5230112768,536870912,798522,0,1997,2439,250439,250426,250426,1042783,754,8065,15,6.8,2.3,4.8,27.6,32.4,61.0,24.0,76.0,0.97,0,0,0.00,0.00,0.0,0.0,0.00,0.00,0.00,0.0,0,0.0,783483,143,1.0000,2000.0,3026688,3018624,524304,524304
1782883239,5393259648,5230112768,536870912,800958,0,1998,2437,250439,250426,250426,1045219,755,8115,16,7.0,2.6,6.6,25.5,32.1,122.0,24.0,76.0,0.97,0,0,0.00,0.00,0.0,0.0,0.00,0.00,0.00,0.0,0,0.0,785922,142,1.0000,2000.0,3034711,3026596,524304,0
1782883240,5393259824,5230112768,536870912,803397,0,1997,2440,250439,250426,250426,1047658,755,8116,16,6.9,1.4,6.3,25.9,32.2,122.0,23.9,76.1,0.97,0,0,0.00,0.00,0.0,0.0,0.00,0.00,0.00,0.0,0,0.0,788363,142,1.0000,2000.0,3042680,3034564,524304,0
1782883241,5393261760,5230112768,536870912,805842,0,1998,2446,250439,250426,250426,1050103,755,8127,16,6.8,2.4,5.4,27.8,33.2,123.0,23.8,76.2,0.97,0,0,0.00,0.00,0.0,0.0,0.00,0.00,0.00,0.0,0,0.0,790810,142,1.0000,2000.0,3050676,3042550,524304,524304
1782883242,5393248384,5230112768,536870912,808285,0,1998,2444,250439,250426,250426,1052546,755,8051,16,7.0,2.0,4.6,28.7,33.3,122.0,23.8,76.2,0.97,0,0,0.00,0.00,0.0,0.0,0.00,0.00,0.00,0.0,0,0.0,793254,142,1.0000,2000.0,3058572,3050521,524304,0
1782883244,5393241856,5230112768,536870912,810726,0,1998,2442,250439,250426,250426,1054987,756,8013,17,7.1,2.3,10.4,22.9,33.3,61.0,23.7,76.3,0.97,0,0,0.00,0.00,0.0,0.0,0.00,0.00,0.00,0.0,0,0.0,795697,141,1.0000,2000.0,3066510,3058497,524304,0
1782883245,5393246944,5230112768,536870912,813164,0,1998,2439,250439,250426,250426,1057425,757,8041,18,6.9,2.1,3.9,29.3,33.2,122.0,23.7,76.3,0.97,0,0,0.00,0.00,0.0,0.0,0.00,0.00,0.00,0.0,0,0.0,798137,140,1.0000,2000.0,3074499,3066459,524304,524304
1782883246,5393265952,5230112768,536870912,815608,0,1998,2445,250439,250426,250426,1059869,757,8149,18,7.1,2.9,3.7,29.4,33.1,122.0,23.6,76.4,0.97,0,0,0.00,0.00,0.0,0.0,0.00,0.00,0.00,0.0,0,0.0,800583,140,1.0000,2000.0,3082581,3074432,524304,0
1782883247,5393241136,5230112768,536870912,818047,0,2000,2440,250439,250426,250426,1062308,757,8008,18,7.3,2.6,7.5,26.2,33.7,123.0,23.6,76.4,0.97,0,0,0.00,0.00,0.0,0.0,0.00,0.00,0.00,0.0,0,0.0,803024,140,1.0000,2000.0,3090402,3082395,524304,524304
1782883249,5393248352,5230112768,536870912,820487,0,1998,2441,250439,250426,250426,1064748,757,8049,18,7.1,2.6,4.9,28.8,33.7,61.0,23.5,76.5,0.97,0,0,0.00,0.00,0.0,0.0,0.00,0.00,0.00,0.0,0,0.0,805467,140,1.0000,2000.0,3098414,3090365,524304,0
1782883250,5393275456,5230112768,536870912,822929,0,2000,2443,250439,250426,250426,1067190,757,8203,18,7.0,4.6,0.0,32.4,32.4,122.0,23.5,76.5,0.97,0,0,0.00,0.00,0.0,0.0,0.00,0.00,0.00,0.0,0,0.0,807910,140,1.0000,2000.0,3106546,3098344,524304,524304
1782883251,5393257680,5230112768,536870912,825366,0,1999,2438,250439,250426,250426,1069627,757,8102,18,7.1,3.1,0.5,33.9,34.4,122.0,23.4,76.6,0.97,0,0,0.00,0.00,0.0,0.0,0.00,0.00,0.00,0.0,0,0.0,810350,140,1.0000,2000.0,3114261,3106159,524304,0
1782883252,5393260672,5230112768,536870912,827814,0,1999,2449,250439,250426,250426,1072075,757,8119,18,7.0,2.4,9.8,23.4,33.2,122.0,23.4,76.6,0.97,0,0,0.00,0.00,0.0,0.0,0.00,0.00,0.00,0.0,0,0.0,812799,140,1.0000,2000.0,3122227,3114109,524304,524304
1782883253,5393265600,5230112768,536870912,830247,0,1998,2434,250439,250426,250426,1074508,757,8147,18,6.7,2.6,3.8,28.9,32.7,122.0,23.3,76.7,0.97,0,0,0.00,0.00,0.0,0.0,0.00,0.00,0.00,0.0,0,0.0,815235,140,1.0000,2000.0,3130188,3122042,524304,524304
1782883255,5393265056,5230112768,536870912,832683,0,1998,2437,250439,250426,250426,1076944,758,8143,19,7.4,4.1,1.7,30.4,32.1,61.0,23.3,76.7,0.97,0,0,0.00,0.00,0.0,0.0,0.00,0.00,0.00,0.0,0,0.0,817671,139,1.0000,2000.0,3138139,3129996,524304,0
1782883256,5393261360,5230112768,536870912,835115,0,1999,2433,250439,250426,250426,1079376,758,8122,19,7.5,5.0,0.1,31.8,31.9,121.0,23.2,76.8,0.97,0,0,0.00,0.00,0.0,0.0,0.00,0.00,0.00,0.0,0,0.0,820105,139,1.0000,2000.0,3146075,3137953,524304,0
1782883257,5393269456,5230112768,536870912,837548,0,2000,2434,250439,250426,250426,1081809,758,8168,19,6.8,3.9,1.5,30.2,31.7,122.0,23.1,76.9,0.97,0,0,0.00,0.00,0.0,0.0,0.00,0.00,0.00,0.0,0,0.0,822542,139,1.0000,2000.0,3154089,3145921,524304,0
1782883258,5393270008,5230112768,536870912,839981,0,1998,2434,250439,250426,250426,1084242,758,8171,19,6.8,2.2,3.0,29.1,32.1,123.0,23.1,76.9,0.97,0,0,0.00,0.00,0.0,0.0,0.00,0.00,0.00,0.0,0,0.0,824976,140,1.0000,2000.0,3162041,3153870,524304,0
1782883260,5393264176,5230112768,536870912,842463,0,1998,2483,250439,250426,250426,1086724,758,8138,19,7.3,3.6,4.1,28.7,32.8,61.5,23.0,77.0,0.97,0,0,0.00,0.00,0.0,0.0,0.00,0.00,0.00,0.0,0,0.0,827460,139,1.0000,2000.0,3170123,3161986,524304,524304
1782883261,5393267696,5230112768,536870912,844899,0,1998,2437,250439,250426,250426,1089160,758,8158,19,6.7,1.2,3.8,28.8,32.6,122.0,23.0,77.0,0.97,0,0,0.00,0.00,0.0,0.0,0.00,0.00,0.00,0.0,0,0.0,829898,139,1.0000,2000.0,3178112,3169954,524304,0
1782883262,5393257488,5230112768,536870912,847331,0,1998,2433,250439,250426,250426,1091592,758,8100,19,7.2,2.3,5.7,27.1,32.8,122.0,22.9,77.1,0.97,0,0,0.00,0.00,0.0,0.0,0.00,0.00,0.00,0.0,0,0.0,832332,139,1.0000,2000.0,3186010,3177910,524304,0
1782883263,5393277376,5230112768,536870912,849763,0,1998,2433,250439,250426,250426,1094024,758,8213,19,7.2,3.4,3.2,28.3,31.5,121.0,22.9,77.1,0.97,0,0,0.00,0.00,0.0,0.0,0.00,0.00,0.00,0.0,0,0.0,834765,139,1.0000,2000.0,3194074,3185862,524304,524304
1782883264,5393282856,5230112768,536870912,852193,0,1997,2431,250439,250426,250426,1096454,758,8244,19,7.1,4.5,3.5,28.2,31.7,122.0,22.8,77.2,0.97,0,0,0.00,0.00,0.0,0.0,0.00,0.00,0.00,0.0,0,0.0,837198,140,1.0000,2000.0,3202060,3193816,524304,0
1782883266,5393255160,5230112768,536870912,854618,0,1997,2426,250439,250426,250426,1098879,758,8081,21,7.2,2.5,4.2,28.5,32.7,61.0,22.8,77.2,0.97,0,0,0.00,0.00,0.0,0.0,0.00,0.00,0.00,0.0,0,0.0,839626,138,1.0000,2000.0,3209839,3201758,524304,0
1782883267,5393256256,5230112768,536870912,857052,0,2000,2435,250442,250429,250429,1101313,758,8093,19,7.3,2.2,6.6,26.3,32.9,121.0,22.7,77.3,0.97,0,0,0.00,0.00,0.0,0.0,0.00,0.00,0.00,0.0,0,0.0,842062,139,1.0000,2000.0,3217809,3209717,524304,524304
1782883268,5393258864,5230112768,536870912,859485,0,1998,2434,250442,250429,250429,1103746,758,8105,20,7.5,2.6,8.4,24.4,32.8,122.0,22.7,77.3,0.97,0,0,0.00,0.00,0.0,0.0,0.00,0.00,0.00,0.0,0,0.0,844495,138,1.0000,2000.0,3225779,3217674,524304,0
1782883269,5393276848,5230112768,536870912,861914,0,1998,2430,250443,250430,250430,1106175,758,8210,19,7.2,3.1,7.9,23.7,31.6,122.0,22.6,77.4,0.97,0,0,0.00,0.00,0.0,0.0,0.00,0.00,0.00,0.0,0,0.0,846927,139,1.0000,2000.0,3233837,3225628,524304,524304
1782883271,5393265936,5230112768,536870912,864354,0,1999,2441,250443,250430,250430,1108615,758,8148,19,6.9,2.2,4.4,27.8,32.2,61.0,22.6,77.4,0.97,0,0,0.00,0.00,0.0,0.0,0.00,0.00,0.00,0.0,0,0.0,849370,139,1.0000,2000.0,3241754,3233606,524304,0
1782883272,5393278960,5230112768,536870912,866796,0,1997,2443,250443,250430,250430,1111057,758,8222,19,7.1,2.4,6.1,25.2,31.3,122.0,22.5,77.5,0.97,0,0,0.00,0.00,0.0,0.0,0.00,0.00,0.00,0.0,0,0.0,851814,139,1.0000,2000.0,3249816,3241595,524304,524304
1782883273,5393278752,5230112768,536870912,869222,0,2000,2427,250443,250430,250430,1113483,758,8218,20,7.3,2.7,2.5,28.3,30.8,121.0,22.5,77.5,0.97,0,0,0.00,0.00,0.0,0.0,0.00,0.00,0.00,0.0,0,0.0,854241,138,1.0000,2000.0,3257760,3249542,524304,0
1782883274,5393266256,5230112768,536870912,871650,0,1998,2429,250444,250431,250431,1115911,758,8147,20,7.1,2.4,6.7,24.4,31.1,122.0,22.4,77.6,0.97,0,0,0.00,0.00,0.0,0.0,0.00,0.00,0.00,0.0,0,0.0,856672,138,1.0000,2000.0,3265643,3257496,524304,0
1782883275,5393268752,5230112768,536870912,874077,0,2000,2428,250445,250432,250432,1118338,758,8164,19,7.3,3.1,8.4,23.1,31.5,121.0,22.4,77.6,0.97,0,0,0.00,0.00,0.0,0.0,0.00,0.00,0.00,0.0,0,0.0,859101,139,1.0000,2000.0,3273602,3265439,524304,524304
1782883277,5393260304,5230112768,536870912,876503,0,1998,2427,250445,250432,250432,1120764,758,8116,19,7.1,3.0,7.8,23.2,31.0,61.0,22.3,77.7,0.97,0,0,0.00,0.00,0.0,0.0,0.00,0.00,0.00,0.0,0,0.0,861528,139,1.0000,2000.0,3281496,3273380,524304,0
1782883278,5392244144,5230112768,536870912,878932,0,1999,2430,250445,250432,250432,1123193,758,8300,19,6.9,2.6,4.2,26.6,30.8,121.0,22.3,77.7,0.97,0,0,0.00,0.00,0.0,0.0,0.00,0.00,0.00,0.0,0,0.0,863960,140,1.0000,2000.0,3289635,3281336,524304,524304
1782883279,5393284064,5230112768,536870912,881359,0,1998,2428,250445,250432,250432,1125620,758,8251,19,6.8,3.1,2.4,28.1,30.5,121.0,22.2,77.8,0.97,0,0,0.00,0.00,0.0,0.0,0.00,0.00,0.00,0.0,0,0.0,866389,139,1.0000,2000.0,3297533,3289283,524304,524304
1782883280,5393292336,5230112768,536870912,883788,0,1999,2430,250446,250433,250433,1128049,758,8298,19,7.0,3.0,6.9,23.7,30.6,122.0,22.2,77.8,0.97,0,0,0.00,0.00,0.0,0.0,0.00,0.00,0.00,0.0,0,0.0,868818,139,1.0000,2000.0,3305526,3297229,524304,524304
1782883281,5393291272,5230112768,536870912,886210,0,1998,2423,250446,250433,250433,1130471,758,8289,20,7.1,2.5,4.4,26.0,30.4,121.0,22.2,77.8,0.97,0,0,0.00,0.00,0.0,0.0,0.00,0.00,0.00,0.0,0,0.0,871244,139,1.0000,2000.0,3313460,3305172,524304,524304
1782883283,5393285288,5230112768,536870912,888641,0,1997,2432,250447,250434,250434,1132902,758,8255,20,7.0,2.3,5.0,25.9,30.9,61.0,22.1,77.9,0.97,0,0,0.00,0.00,0.0,0.0,0.00,0.00,0.00,0.0,0,0.0,873677,139,1.0000,2000.0,3321384,3313129,524304,0
1782883284,5392244440,5230112768,536870912,891068,0,1999,2428,250448,250435,250435,1135329,758,8299,20,7.1,2.6,6.7,23.5,30.2,121.0,22.1,77.9,0.97,0,0,0.00,0.00,0.0,0.0,0.00,0.00,0.00,0.0,0,0.0,876104,138,1.0000,2000.0,3329368,3321070,524304,524304
1782883285,5393292184,5230112768,536870912,893497,0,1998,2430,250449,250436,250436,1137758,758,8297,19,7.0,2.4,2.3,27.9,30.2,122.0,22.0,78.0,0.97,0,0,0.00,0.00,0.0,0.0,0.00,0.00,0.00,0.0,0,0.0,878537,140,1.0000,2000.0,3337314,3329018,524304,524304
1782883286,5393291808,5230112768,536870912,895924,0,1999,2428,250450,250437,250437,1140185,758,8295,19,7.4,2.3,6.0,24.4,30.4,121.0,22.0,78.0,0.97,0,0,0.00,0.00,0.0,0.0,0.00,0.00,0.00,0.0,0,0.0,880964,139,1.0000,2000.0,3345254,3336960,524304,524304
1782883288,5393284592,5230112768,536870912,898351,0,1999,2428,250451,250438,250438,1142612,758,8254,19,7.4,2.4,10.1,20.6,30.7,61.0,21.9,78.1,0.97,0,0,0.00,0.00,0.0,0.0,0.00,0.00,0.00,0.0,0,0.0,883395,139,1.0000,2000.0,3353169,3344915,524304,0
1782883289,5393277576,5230112768,536870912,900779,0,1999,2429,250451,250438,250438,1145040,758,8214,19,7.5,3.1,7.3,23.9,31.2,121.0,21.9,78.1,0.97,0,0,0.00,0.00,0.0,0.0,0.00,0.00,0.00,0.0,0,0.0,885824,140,1.0000,2000.0,3361076,3352863,524304,524304
1782883290,5393275256,5230112768,536870912,903202,0,1998,2424,250452,250439,250439,1147463,758,8198,20,7.0,4.4,1.3,29.8,31.1,122.0,21.8,78.2,0.97,0,0,0.00,0.00,0.0,0.0,0.00,0.00,0.00,0.0,0,0.0,888249,139,1.0000,2000.0,3369000,3360803,524304,524304
1782883291,5393279488,5230112768,536870912,905631,0,1999,2430,250453,250440,250440,1149892,758,8225,19,7.0,3.4,3.9,27.2,31.1,121.0,21.8,78.2,0.97,0,0,0.00,0.00,0.0,0.0,0.00,0.00,0.00,0.0,0,0.0,890679,139,1.0000,2000.0,3376976,3368752,524304,524304
1782883292,5393280920,5230112768,536870912,908058,0,1998,2428,250453,250440,250440,1152319,758,8233,19,7.1,3.3,1.2,29.4,30.6,121.0,21.7,78.3,0.97,0,0,0.00,0.00,0.0,0.0,0.00,0.00,0.00,0.0,0,0.0,893109,140,1.0000,2000.0,3384932,3376699,524304,0
1782883294,5393278576,5230112768,536870912,910482,0,1998,2425,250453,250440,250440,1154743,758,8217,20,7.0,3.8,2.7,28.3,31.0,61.0,21.7,78.3,0.97,0,0,0.00,0.00,0.0,0.0,0.00,0.00,0.00,0.0,0,0.0,895534,138,1.0000,2000.0,3392855,3384639,524304,524304
1782883295,5393286672,5230112768,536870912,912907,0,1998,2426,250454,250441,250441,1157168,758,8263,20,6.9,5.0,0.0,31.0,31.0,121.0,21.6,78.4,0.97,0,0,0.00,0.00,0.0,0.0,0.00,0.00,0.00,0.0,0,0.0,897963,138,1.0000,2000.0,3400850,3392588,524304,524304
1782883296,5393275616,5230112768,536870912,915334,0,1998,2428,250455,250442,250442,1159595,758,8203,19,7.1,4.1,0.0,31.2,31.2,122.0,21.6,78.4,0.97,0,0,0.00,0.00,0.0,0.0,0.00,0.00,0.00,0.0,0,0.0,900391,139,1.0000,2000.0,3408723,3400520,524304,0
1782883297,5393282304,5230112768,536870912,917763,0,1999,2430,250455,250442,250442,1162024,758,8241,19,6.8,2.9,0.0,31.2,31.2,121.0,21.6,78.4,0.97,0,0,0.00,0.00,0.0,0.0,0.00,0.00,0.00,0.0,0,0.0,902821,139,1.0000,2000.0,3416715,3408474,524304,0
1782883298,5393271568,5230112768,536870912,920188,0,1997,2426,250455,250442,250442,1164449,758,8180,19,7.1,2.9,3.2,28.5,31.7,121.0,21.5,78.5,0.97,0,0,0.00,0.00,0.0,0.0,0.00,0.00,0.00,0.0,0,0.0,905250,139,1.0000,2000.0,3424604,3416424,524304,0
1782883300,5393255752,5230112768,536870912,922616,0,1998,2429,250455,250442,250442,1166877,758,8090,19,6.8,3.7,3.8,27.8,31.6,61.0,21.5,78.5,0.97,0,0,0.00,0.00,0.0,0.0,0.00,0.00,0.00,0.0,0,0.0,907679,140,1.0000,2000.0,3432464,3424374,524304,0
1782883301,5393283888,5230112768,536870912,925043,0,1999,2428,250455,250442,250442,1169304,758,8250,19,6.9,3.8,0.8,30.1,30.9,122.0,21.4,78.6,0.97,0,0,0.00,0.00,0.0,0.0,0.00,0.00,0.00,0.0,0,0.0,910109,139,1.0000,2000.0,3440578,3432328,524304,0
1782883302,5393268224,5230112768,536870912,927472,0,1997,2430,250455,250442,250442,1171733,758,8161,19,7.0,3.3,0.6,31.1,31.7,121.0,21.4,78.6,0.97,0,0,0.00,0.00,0.0,0.0,0.00,0.00,0.00,0.0,0,0.0,912539,139,1.0000,2000.0,3448442,3440282,524304,524304
1782883303,5393280368,5230112768,536870912,929899,0,2000,2428,250455,250442,250442,1174160,758,8230,19,7.0,3.5,0.0,30.8,30.8,121.0,21.3,78.7,0.97,0,0,0.00,0.00,0.0,0.0,0.00,0.00,0.00,0.0,0,0.0,914968,139,1.0000,2000.0,3456462,3448233,524304,524304
1782883305,5393273456,5230112768,536870912,932322,0,1996,2424,250455,250442,250442,1176583,759,8187,21,6.9,3.8,0.1,31.4,31.5,61.0,21.3,78.7,0.97,0,0,0.00,0.00,0.0,0.0,0.00,0.00,0.00,0.0,0,0.0,917392,137,1.0000,2000.0,3464358,3456171,524304,0
1782883306,5393279648,5230112768,536870912,934751,0,1999,2430,250456,250443,250443,1179012,759,8225,20,7.1,3.1,2.9,28.1,31.0,121.0,21.2,78.8,0.97,0,0,0.00,0.00,0.0,0.0,0.00,0.00,0.00,0.0,0,0.0,919823,138,1.0000,2000.0,3472341,3464116,524304,0
1782883307,5393262928,5230112768,536870912,937173,0,1997,2423,250457,250444,250444,1181434,759,8130,20,7.0,3.2,3.2,28.0,31.2,122.0,21.2,78.8,0.97,0,0,0.00,0.00,0.0,0.0,0.00,0.00,0.00,0.0,0,0.0,922249,138,1.0000,2000.0,3480182,3472052,524304,0
1782883308,5393272080,5230112768,536870912,939602,0,2000,2430,250457,250444,250444,1183863,759,8182,20,6.9,2.7,2.6,28.2,30.8,121.0,21.2,78.8,0.97,0,0,0.00,0.00,0.0,0.0,0.00,0.00,0.00,0.0,0,0.0,924678,138,1.0000,2000.0,3488183,3480001,524304,0
1782883309,5393285616,5230112768,536870912,942022,0,1999,2421,250457,250444,250444,1186283,760,8258,21,7.1,3.5,2.8,28.1,30.9,121.0,21.1,78.9,0.97,0,0,0.00,0.00,0.0,0.0,0.00,0.00,0.00,0.0,0,0.0,927101,137,1.0000,2000.0,3496193,3487936,524304,524304
1782883311,5393289312,5230112768,536870912,944444,0,1999,2423,250457,250444,250444,1188705,760,8279,21,6.9,3.1,2.7,27.8,30.5,60.5,21.1,78.9,0.97,0,0,0.00,0.00,0.0,0.0,0.00,0.00,0.00,0.0,0,0.0,929526,137,1.0000,2000.0,3504154,3495876,524304,524304
1782883312,5393282448,5230112768,536870912,946869,0,1999,2426,250457,250444,250444,1191130,760,8240,21,6.9,2.6,6.6,23.8,30.4,122.0,21.0,79.0,0.97,0,0,0.00,0.00,0.0,0.0,0.00,0.00,0.00,0.0,0,0.0,931952,137,1.0000,2000.0,3512054,3503815,524304,524304
1782883313,5393289488,5230112768,536870912,949292,0,1999,2424,250457,250444,250444,1193553,760,8280,21,6.8,3.0,2.8,27.6,30.4,121.0,21.0,79.0,0.97,0,0,0.00,0.00,0.0,0.0,0.00,0.00,0.00,0.0,0,0.0,934377,137,1.0000,2000.0,3520033,3511754,524304,524304
1782883314,5393275960,5230112768,536870912,951716,0,2000,2425,250457,250444,250444,1195977,760,8203,21,6.9,2.8,3.2,27.3,30.5,121.0,20.9,79.1,0.97,0,0,0.00,0.00,0.0,0.0,0.00,0.00,0.00,0.0,0,0.0,936804,138,1.0000,2000.0,3527900,3519697,524304,0
1782883315,5393274352,5230112768,536870912,954140,0,1998,2425,250457,250444,250444,1198401,760,8194,21,6.7,3.4,0.3,30.3,30.6,121.0,20.9,79.1,0.97,0,0,0.00,0.00,0.0,0.0,0.00,0.00,0.00,0.0,0,0.0,939228,137,1.0000,2000.0,3535829,3527635,524304,0
1782883317,5393271888,5230112768,536870912,956561,0,1998,2422,250457,250444,250444,1200822,760,8180,21,7.1,2.5,6.3,24.2,30.5,61.0,20.9,79.1,0.97,0,0,0.00,0.00,0.0,0.0,0.00,0.00,0.00,0.0,0,0.0,941651,137,1.0000,2000.0,3543746,3535566,524304,0
1782883318,5393266256,5230112768,536870912,958982,0,1999,2422,250457,250444,250444,1203243,760,8148,21,7.1,2.2,7.2,23.9,31.1,122.0,20.8,79.2,0.97,0,0,0.00,0.00,0.0,0.0,0.00,0.00,0.00,0.0,0,0.0,944074,137,1.0000,2000.0,3551643,3543495,524304,0
1782883319,5393276992,5230112768,536870912,961455,0,2000,2474,250457,250444,250444,1205716,760,8209,21,7.1,3.6,2.6,29.0,31.6,123.0,20.8,79.2,0.97,0,0,0.00,0.00,0.0,0.0,0.00,0.00,0.00,0.0,0,0.0,946549,137,1.0000,2000.0,3559800,3551591,524304,0
1782883320,5393278752,5230112768,536870912,963875,0,1999,2421,250457,250444,250444,1208136,760,8219,21,6.9,3.1,5.0,26.1,31.1,121.0,20.7,79.3,0.97,0,0,0.00,0.00,0.0,0.0,0.00,0.00,0.00,0.0,0,0.0,948972,137,1.0000,2000.0,3567742,3559523,524304,0
1782883322,5393280512,5230112768,536870912,966296,0,1998,2422,250457,250444,250444,1210557,760,8229,21,7.1,3.5,6.3,24.9,31.2,60.5,20.7,79.3,0.97,0,0,0.00,0.00,0.0,0.0,0.00,0.00,0.00,0.0,0,0.0,951394,137,1.0000,2000.0,3575677,3567448,524304,0
1782883323,5393270656,5230112768,536870912,968720,0,1998,2425,250457,250444,250444,1212981,760,8173,21,7.2,2.6,5.3,25.8,31.1,121.0,20.6,79.4,0.97,0,0,0.00,0.00,0.0,0.0,0.00,0.00,0.00,0.0,0,0.0,953821,137,1.0000,2000.0,3583563,3575391,524304,524304
1782883324,5393291776,5230112768,536870912,971142,0,1999,2423,250457,250444,250444,1215403,760,8293,21,7.4,2.8,6.7,23.7,30.4,121.0,20.6,79.4,0.97,0,0,0.00,0.00,0.0,0.0,0.00,0.00,0.00,0.0,0,0.0,956244,137,1.0000,2000.0,3591614,3583322,524304,524304
1782883325,5393290544,5230112768,536870912,973565,0,1998,2424,250457,250444,250444,1217826,760,8286,21,7.0,2.6,8.1,22.4,30.5,122.0,20.6,79.4,0.97,0,0,0.00,0.00,0.0,0.0,0.00,0.00,0.00,0.0,0,0.0,958671,137,1.0000,2000.0,3599542,3591257,524304,524304
1782883326,5393275760,5230112768,536870912,975991,0,1998,2427,250457,250444,250444,1220252,760,8202,21,7.3,2.8,10.5,21.3,31.8,121.0,20.5,79.5,0.97,0,0,0.00,0.00,0.0,0.0,0.00,0.00,0.00,0.0,0,0.0,961098,137,1.0000,2000.0,3607401,3599200,524304,524304
1782883328,5393256224,5230112768,536870912,978415,0,1998,2425,250457,250444,250444,1222676,760,8091,21,7.3,2.9,9.2,22.9,32.1,60.5,20.5,79.5,0.97,0,0,0.00,0.00,0.0,0.0,0.00,0.00,0.00,0.0,0,0.0,963524,137,1.0000,2000.0,3615233,3607142,524304,0
1782883329,5393285264,5230112768,536870912,980838,0,1999,2424,250457,250444,250444,1225099,760,8256,21,6.9,2.5,4.5,26.3,30.8,122.0,20.4,79.6,0.97,0,0,0.00,0.00,0.0,0.0,0.00,0.00,0.00,0.0,0,0.0,965950,137,1.0000,2000.0,3623337,3615082,524304,524304
1782883330,5393281216,5230112768,536870912,983262,0,1999,2425,250458,250445,250445,1227523,760,8233,21,7.1,3.0,5.9,24.7,30.6,121.0,20.4,79.6,0.97,0,0,0.00,0.00,0.0,0.0,0.00,0.00,0.00,0.0,0,0.0,968374,137,1.0000,2000.0,3631251,3623018,524304,0
1782883331,5393273296,5230112768,536870912,985683,0,1999,2422,250459,250446,250446,1229944,760,8188,21,7.1,2.8,3.4,27.8,31.2,121.0,20.4,79.6,0.97,0,0,0.00,0.00,0.0,0.0,0.00,0.00,0.00,0.0,0,0.0,970797,137,1.0000,2000.0,3639138,3630950,524304,0
1782883332,5393264328,5230112768,536870912,988103,0,1999,2421,250459,250446,250446,1232364,761,8136,22,6.8,3.2,1.3,30.1,31.4,121.0,20.3,79.7,0.97,0,0,0.00,0.00,0.0,0.0,0.00,0.00,0.00,0.0,0,0.0,973220,137,1.0000,2000.0,3647007,3638871,524304,0
1782883334,5393284864,5230112768,536870912,990520,0,1997,2418,250460,250447,250447,1234781,761,8250,23,7.3,2.9,5.6,25.1,30.7,60.5,20.3,79.7,0.97,0,0,0.00,0.00,0.0,0.0,0.00,0.00,0.00,0.0,0,0.0,975638,135,1.0000,2000.0,3655035,3646786,524304,524304
1782883335,5393276472,5230112768,536870912,992941,0,1999,2422,250465,250452,250452,1237202,767,8205,22,6.8,3.1,2.0,28.6,30.6,121.0,20.2,79.8,0.97,0,0,0.00,0.00,0.0,0.0,0.00,0.00,0.00,0.0,0,0.0,978062,137,1.0000,2000.0,3662914,3654710,524304,524304
1782883336,5393283808,5229551616,536870912,995363,0,2002,2423,250467,250454,250454,1239624,767,8244,23,7.2,3.2,6.4,24.5,30.9,122.0,20.2,79.8,0.97,0,0,0.00,0.00,0.0,0.0,0.00,0.00,0.00,0.0,0,0.0,980487,135,1.0000,2000.0,3670890,3662647,524304,524304
1782883337,5393277680,5229551616,536870912,997787,0,1999,2425,250468,250455,250455,1242048,767,8212,22,7.0,2.6,7.0,24.3,31.3,121.0,20.2,79.8,0.97,0,0,0.00,0.00,0.0,0.0,0.00,0.00,0.00,0.0,0,0.0,982912,136,1.0000,2000.0,3678784,3670573,524304,524304
1782883339,5393277504,5229551616,536870912,1000213,0,1998,2427,250468,250455,250455,1244474,767,8211,22,7.0,3.2,2.3,29.0,31.3,121.0,20.1,79.9,0.97,0,0,0.00,0.00,0.0,0.0,0.00,0.00,0.00,0.0,0,0.0,985339,136,1.0000,2000.0,3686718,3678508,524304,524304
1782883340,5393270288,5229551616,536870912,1002639,0,1998,2427,250468,250455,250455,1246900,767,8170,22,7.0,3.7,0.2,31.2,31.4,61.0,20.1,79.9,0.97,0,0,0.00,0.00,0.0,0.0,0.00,0.00,0.00,0.0,0,0.0,987769,136,1.0000,2000.0,3694622,3686452,524304,0
1782883341,5393277328,5229551616,536870912,1005073,0,2000,2435,250469,250456,250456,1249334,767,8210,22,7.0,3.2,0.8,30.5,31.3,122.0,20.0,80.0,0.97,0,0,0.00,0.00,0.0,0.0,0.00,0.00,0.00,0.0,0,0.0,990205,136,1.0000,2000.0,3702627,3694418,524304,524304
1782883342,5393272048,5229551616,536870912,1007508,0,1999,2436,250469,250456,250456,1251769,767,8180,22,7.1,3.4,2.8,28.6,31.4,121.0,20.0,80.0,0.97,0,0,0.00,0.00,0.0,0.0,0.00,0.00,0.00,0.0,0,0.0,992640,136,1.0000,2000.0,3710560,3702380,524304,0
1782883343,5393275216,5229551616,536870912,1009934,0,1997,2427,250469,250456,250456,1254195,767,8198,22,6.8,3.6,2.2,29.4,31.6,122.0,20.0,80.0,0.97,0,0,0.00,0.00,0.0,0.0,0.00,0.00,0.00,0.0,0,0.0,995069,136,1.0000,2000.0,3718523,3710326,524304,524304
1782883345,5393267672,5229551616,536870912,1012359,0,1998,2426,250469,250456,250456,1256620,767,8155,22,7.2,4.5,1.5,30.4,31.9,60.5,19.9,80.1,0.97,0,0,0.00,0.00,0.0,0.0,0.00,0.00,0.00,0.0,0,0.0,997496,137,1.0000,2000.0,3726412,3718257,524304,0
1782883346,5393265344,5229551616,536870912,1014783,0,1998,2425,250469,250456,250456,1259044,768,8141,23,7.1,2.5,2.7,29.6,32.3,122.0,19.9,80.1,0.97,0,0,0.00,0.00,0.0,0.0,0.00,0.00,0.00,0.0,0,0.0,999921,135,1.0000,2000.0,3734317,3726176,524304,0
1782883347,5393245808,5229551616,536870912,1017225,0,1998,2443,250469,250456,250456,1261486,768,8030,23,7.3,3.0,4.8,29.0,33.8,122.0,19.9,80.1,0.97,0,0,0.00,0.00,0.0,0.0,0.00,0.00,0.00,0.0,0,0.0,1002365,135,1.0000,2000.0,3742165,3734135,524304,0
1782883348,5393258152,5229551616,536870912,1019659,0,1998,2435,250469,250456,250456,1263920,768,8100,23,7.0,2.6,2.8,30.1,32.9,121.0,19.8,80.2,0.97,0,0,0.00,0.00,0.0,0.0,0.00,0.00,0.00,0.0,0,0.0,1004802,136,1.0000,2000.0,3750193,3742093,524304,0
1782883349,5393246512,5229551616,536870912,1022089,0,1997,2431,250469,250456,250456,1266350,768,8034,23,6.9,2.9,5.0,27.9,32.9,122.0,19.8,80.2,0.97,0,0,0.00,0.00,0.0,0.0,0.00,0.00,0.00,0.0,0,0.0,1007234,135,1.0000,2000.0,3758074,3750041,524304,524304
1782883351,5393259008,5229551616,536870912,1024520,0,1998,2432,250469,250456,250456,1268781,768,8105,23,7.2,3.2,1.9,30.9,32.8,61.0,19.7,80.3,0.97,0,0,0.00,0.00,0.0,0.0,0.00,0.00,0.00,0.0,0,0.0,1009667,135,1.0000,2000.0,3766097,3757992,524304,0
1782883352,5393268688,5229551616,536870912,1026944,0,1997,2425,250469,250456,250456,1271205,768,8160,23,7.1,3.2,2.2,29.3,31.5,121.0,19.7,80.3,0.97,0,0,0.00,0.00,0.0,0.0,0.00,0.00,0.00,0.0,0,0.0,1012093,135,1.0000,2000.0,3774084,3765925,524304,524304
1782883353,5393267808,5229551616,536870912,1029368,0,1998,2425,250470,250457,250457,1273629,768,8155,23,7.0,3.2,4.3,27.7,32.0,121.0,19.7,80.3,0.97,0,0,0.00,0.00,0.0,0.0,0.00,0.00,0.00,0.0,0,0.0,1014518,135,1.0000,2000.0,3782011,3773856,524304,0
1782883354,5393273408,5229551616,536870912,1031791,0,1997,2424,250470,250457,250457,1276052,768,8184,24,6.9,2.1,4.1,28.1,32.2,122.0,19.6,80.4,0.97,0,0,0.00,0.00,0.0,0.0,0.00,0.00,0.00,0.0,0,0.0,1016944,134,1.0000,2000.0,3789978,3781794,524304,0
1782883356,5393263408,5229551616,536870912,1034223,0,1998,2433,250471,250458,250458,1278484,768,8130,23,7.2,2.5,2.4,30.4,32.8,61.0,19.6,80.4,0.97,0,0,0.00,0.00,0.0,0.0,0.00,0.00,0.00,0.0,0,0.0,1019379,135,1.0000,2000.0,3797880,3789751,524304,524304
1782883357,5393247184,5229551616,536870912,1036685,0,1998,2463,250472,250459,250459,1280946,768,8035,24,7.1,2.2,5.3,29.5,34.8,123.0,19.6,80.4,0.97,0,0,0.00,0.00,0.0,0.0,0.00,0.00,0.00,0.0,0,0.0,1021843,134,1.0000,2000.0,3805778,3797743,524304,0
1782883358,5393260016,5229551616,536870912,1039126,0,1998,2442,250475,250462,250462,1283387,770,8107,25,6.8,2.5,3.5,29.6,33.1,122.0,19.5,80.5,0.97,0,0,0.00,0.00,0.0,0.0,0.00,0.00,0.00,0.0,0,0.0,1024285,133,1.0000,2000.0,3813801,3805694,524304,0
1782883359,5393263040,5229551616,536870912,1041567,0,2000,2442,250477,250464,250464,1285828,796,8127,24,6.8,2.3,6.5,26.3,32.8,122.0,19.5,80.5,0.97,0,0,0.00,0.00,0.0,0.0,0.00,0.00,0.00,0.0,0,0.0,1026727,134,1.0000,2000.0,3821777,3813650,524304,0
1782883360,5393249312,5229551616,536870912,1044016,0,2000,2450,250477,250464,250464,1288277,796,8049,24,7.0,2.6,6.8,26.5,33.3,123.0,19.4,80.6,0.97,0,0,0.00,0.00,0.0,0.0,0.00,0.00,0.00,0.0,0,0.0,1029179,134,1.0000,2000.0,3829690,3821641,524304,0
1782883362,5393259696,5229551616,536870912,1046456,0,1997,2441,250477,250464,250464,1290717,796,8108,24,6.7,2.2,3.3,30.4,33.7,61.0,19.4,80.6,0.97,0,0,0.00,0.00,0.0,0.0,0.00,0.00,0.00,0.0,0,0.0,1031622,134,1.0000,2000.0,3837695,3829588,524304,524304
1782883363,5393247200,5229551616,536870912,1048903,0,2000,2448,250477,250464,250464,1293164,796,8037,24,7.1,2.2,5.4,28.8,34.2,122.0,19.4,80.6,0.97,0,0,0.00,0.00,0.0,0.0,0.00,0.00,0.00,0.0,0,0.0,1034070,134,1.0000,2000.0,3845589,3837552,524304,0
1782883364,5393261104,5229551616,536870912,1051342,0,1999,2440,250477,250464,250464,1295603,796,8116,24,7.0,2.2,6.2,26.7,32.9,122.0,19.3,80.7,0.97,0,0,0.00,0.00,0.0,0.0,0.00,0.00,0.00,0.0,0,0.0,1036511,134,1.0000,2000.0,3853619,3845504,524304,524304
1782883365,5392198992,5229035520,536870912,1053776,0,1997,2435,250477,250464,250464,1298037,796,8039,24,7.0,2.4,4.0,29.9,33.9,122.0,19.3,80.7,0.97,0,0,0.00,0.00,0.0,0.0,0.00,0.00,0.00,0.0,0,0.0,1038948,134,1.0000,2000.0,3861489,3853451,524304,524304
1782883367,5393248608,5229035520,536870912,1056219,0,1998,2444,250478,250465,250465,1300480,796,8045,24,7.2,2.1,8.8,25.4,34.2,61.5,19.3,80.7,0.97,0,0,0.00,0.00,0.0,0.0,0.00,0.00,0.00,0.0,0,0.0,1041392,134,1.0000,2000.0,3869454,3861409,524304,0
1782883368,5393234352,5229035520,536870912,1058678,0,1999,2460,250479,250466,250466,1302939,796,7964,24,7.0,1.7,5.0,29.9,34.9,123.0,19.2,80.8,0.97,0,0,0.00,0.00,0.0,0.0,0.00,0.00,0.00,0.0,0,0.0,1043854,134,1.0000,2000.0,3877376,3869413,524304,524304
1782883369,5393238368,5229035520,536870912,1061120,0,1998,2443,250479,250466,250466,1305381,796,7984,25,7.1,3.3,6.6,27.6,34.2,122.0,19.2,80.8,0.97,0,0,0.00,0.00,0.0,0.0,0.00,0.00,0.00,0.0,0,0.0,1046297,133,1.0000,2000.0,3885361,3877378,524304,524304
1782883370,5393259520,5229035520,536870912,1063560,0,1998,2441,250480,250467,250467,1307821,796,8107,24,6.8,2.1,3.4,29.6,33.0,122.0,19.2,80.8,0.97,0,0,0.00,0.00,0.0,0.0,0.00,0.00,0.00,0.0,0,0.0,1048740,134,1.0000,2000.0,3893442,3885335,524304,0
1782883371,5393256144,5229035520,536870912,1065999,0,1997,2440,250480,250467,250467,1310260,796,8085,25,6.9,2.5,4.4,29.1,33.5,122.0,19.1,80.9,0.97,0,0,0.00,0.00,0.0,0.0,0.00,0.00,0.00,0.0,0,0.0,1051179,133,1.0000,2000.0,3901363,3893278,524304,0
1782883373,5393243824,5229035520,536870912,1068438,0,1997,2440,250481,250468,250468,1312699,796,8015,25,7.1,2.0,8.1,26.2,34.3,61.0,19.1,80.9,0.97,0,0,0.00,0.00,0.0,0.0,0.00,0.00,0.00,0.0,0,0.0,1053621,133,1.0000,2000.0,3909225,3901210,524304,0
1782883374,5393255648,5229035520,536870912,1070891,0,1998,2454,250482,250469,250469,1315152,796,8085,24,7.2,2.5,3.4,30.0,33.4,122.0,19.0,81.0,0.97,0,0,0.00,0.00,0.0,0.0,0.00,0.00,0.00,0.0,0,0.0,1056075,134,1.0000,2000.0,3917276,3909191,524304,0
1782883375,5393256704,5229035520,536870912,1073331,0,1998,2441,250482,250469,250469,1317592,796,8091,24,7.4,2.7,9.7,23.3,33.0,123.0,19.0,81.0,0.97,0,0,0.00,0.00,0.0,0.0,0.00,0.00,0.00,0.0,0,0.0,1058519,134,1.0000,2000.0,3925235,3917144,524304,0
1782883376,5393245440,5229035520,536870912,1075781,0,2000,2451,250482,250469,250469,1320042,796,8027,24,7.6,1.9,11.5,21.9,33.4,122.0,19.0,81.0,0.97,0,0,0.00,0.00,0.0,0.0,0.00,0.00,0.00,0.0,0,0.0,1060971,134,1.0000,2000.0,3933152,3925126,524304,524304
1782883378,5393228568,5229035520,536870912,1078226,0,1998,2446,250482,250469,250469,1322487,796,7931,24,7.4,1.9,9.7,23.9,33.6,61.5,18.9,81.1,0.97,0,0,0.00,0.00,0.0,0.0,0.00,0.00,0.00,0.0,0,0.0,1063418,135,1.0000,2000.0,3941014,3933083,524304,0
1782883379,5393243120,5229035520,536870912,1080707,0,1998,2482,250483,250470,250470,1324968,796,8011,25,6.9,3.3,5.9,28.2,34.1,125.0,18.9,81.1,0.97,0,0,0.00,0.00,0.0,0.0,0.00,0.00,0.00,0.0,0,0.0,1065899,133,1.0000,2000.0,3949172,3941161,524304,0
1782883380,5393269024,5229035520,536870912,1083190,0,1999,2484,250484,250471,250471,1327451,796,8161,24,7.3,1.7,7.2,25.7,32.9,123.0,18.9,81.1,0.97,0,0,0.00,0.00,0.0,0.0,0.00,0.00,0.00,0.0,0,0.0,1068385,134,1.0000,2000.0,3957419,3949258,524304,0
1782883381,5393257760,5229035520,536870912,1085634,0,2000,2445,250484,250471,250471,1329895,796,8097,24,7.0,2.1,7.3,26.0,33.3,122.0,18.8,81.2,0.97,0,0,0.00,0.00,0.0,0.0,0.00,0.00,0.00,0.0,0,0.0,1070831,134,1.0000,2000.0,3965316,3957220,524304,524304
1782883382,5393256880,5229035520,536870912,1088078,0,1999,2445,250485,250472,250472,1332339,796,8092,24,7.3,2.3,11.1,22.0,33.1,122.0,18.8,81.2,0.97,0,0,0.00,0.00,0.0,0.0,0.00,0.00,0.00,0.0,0,0.0,1073277,134,1.0000,2000.0,3973278,3965186,524304,0
1782883384,5393236288,5229035520,536870912,1090520,0,1998,2443,250485,250472,250472,1334781,796,7975,24,6.8,4.1,1.4,32.8,34.2,61.5,18.8,81.2,0.97,0,0,0.00,0.00,0.0,0.0,0.00,0.00,0.00,0.0,0,0.0,1075721,134,1.0000,2000.0,3981117,3973142,524304,0
1782883385,5393259168,5229035520,536870912,1092960,0,1998,2441,250485,250472,250472,1337221,796,8105,24,6.9,2.3,4.9,28.2,33.1,122.0,18.7,81.3,0.97,0,0,0.00,0.00,0.0,0.0,0.00,0.00,0.00,0.0,0,0.0,1078163,134,1.0000,2000.0,3989204,3981100,524304,524304
1782883386,5393239808,5228531712,536870912,1095394,0,1998,2435,250486,250473,250473,1339655,796,7995,24,7.0,3.1,3.3,29.8,33.1,122.0,18.7,81.3,0.97,0,0,0.00,0.00,0.0,0.0,0.00,0.00,0.00,0.0,0,0.0,1080598,134,1.0000,2000.0,3997029,3989034,524304,0
1782883387,5393240336,5228531712,536870912,1097836,0,1999,2443,250486,250473,250473,1342097,796,7998,24,6.8,2.2,3.2,30.3,33.5,122.0,18.7,81.3,0.97,0,0,0.00,0.00,0.0,0.0,0.00,0.00,0.00,0.0,0,0.0,1083042,134,1.0000,2000.0,4004989,3996991,524304,0
1782883389,5393248960,5228531712,536870912,1100275,0,1999,2440,250486,250473,250473,1344536,796,8047,24,6.9,2.7,3.7,29.5,33.2,61.0,18.6,81.4,0.97,0,0,0.00,0.00,0.0,0.0,0.00,0.00,0.00,0.0,0,0.0,1085484,134,1.0000,2000.0,4012996,4004949,524304,0
1782883390,5393246496,5228531712,536870912,1102726,0,1998,2452,250486,250473,250473,1346987,796,8033,24,6.8,3.7,5.7,28.5,34.2,122.0,18.6,81.4,0.97,0,0,0.00,0.00,0.0,0.0,0.00,0.00,0.00,0.0,0,0.0,1087936,134,1.0000,2000.0,4020955,4012922,524304,0
1782883391,5393251040,5228531712,536870912,1105168,0,1999,2443,250486,250473,250473,1349429,796,8056,25,6.8,2.7,6.9,26.3,33.2,123.0,18.6,81.4,0.97,0,0,0.00,0.00,0.0,0.0,0.00,0.00,0.00,0.0,0,0.0,1090382,133,1.0000,2000.0,4028952,4020896,524304,0
1782883392,5393245616,5228531712,536870912,1107607,0,1998,2440,250487,250474,250474,1351868,796,8028,24,7.1,2.8,5.8,27.7,33.5,122.0,18.5,81.5,0.97,0,0,0.00,0.00,0.0,0.0,0.00,0.00,0.00,0.0,0,0.0,1092823,134,1.0000,2000.0,4036877,4028850,524304,524304
1782883393,5393250176,5228531712,536870912,1110045,0,1997,2439,250487,250474,250474,1354306,797,8053,25,7.4,2.0,8.7,24.9,33.6,122.0,18.5,81.5,0.97,0,0,0.00,0.00,0.0,0.0,0.00,0.00,0.00,0.0,0,0.0,1095263,133,1.0000,2000.0,4044856,4036803,524304,0
1782883395,5393252288,5228531712,536870912,1112491,0,1997,2447,250488,250475,250475,1356752,797,8065,25,6.8,2.9,1.0,32.5,33.5,61.0,18.5,81.5,0.97,0,0,0.00,0.00,0.0,0.0,0.00,0.00,0.00,0.0,0,0.0,1097709,133,1.0000,2000.0,4052843,4044778,524304,0
1782883396,5393245760,5228531712,536870912,1114919,0,1998,2429,250488,250475,250475,1359180,798,8027,26,6.9,3.9,0.0,32.1,32.1,122.0,18.4,81.6,0.97,0,0,0.00,0.00,0.0,0.0,0.00,0.00,0.00,0.0,0,0.0,1100139,132,1.0000,2000.0,4060737,4052710,524304,0
1782883397,5393252824,5228531712,536870912,1117357,0,1998,2439,250488,250475,250475,1361618,798,8067,26,7.1,2.0,4.7,29.0,33.7,122.0,18.4,81.6,0.97,0,0,0.00,0.00,0.0,0.0,0.00,0.00,0.00,0.0,0,0.0,1102581,133,1.0000,2000.0,4068733,4060666,524304,0
1782883398,5393270752,5228662784,536870912,1119802,0,1998,2446,250489,250476,250476,1364063,798,8169,26,6.8,2.5,0.0,32.7,32.7,122.0,18.4,81.6,0.97,0,0,0.00,0.00,0.0,0.0,0.00,0.00,0.00,0.0,0,0.0,1105026,132,1.0000,2000.0,4076801,4068633,524304,524304
1782883400,5393256640,5228662784,536870912,1122231,0,1998,2430,250489,250476,250476,1366492,798,8086,27,7.0,2.4,4.9,28.1,33.0,61.0,18.3,81.7,0.97,0,0,0.00,0.00,0.0,0.0,0.00,0.00,0.00,0.0,0,0.0,1107458,131,1.0000,2000.0,4084643,4076558,524304,524304
1782883401,5393271984,5228662784,536870912,1124670,0,1998,2440,250490,250477,250477,1368931,798,8176,26,6.7,2.1,3.7,28.5,32.2,121.0,18.3,81.7,0.97,0,0,0.00,0.00,0.0,0.0,0.00,0.00,0.00,0.0,0,0.0,1109899,132,1.0000,2000.0,4092698,4084523,524304,524304
1782883402,5393254208,5228662784,536870912,1127098,0,2000,2429,250490,250477,250477,1371359,798,8075,26,6.9,2.1,3.9,28.6,32.5,122.0,18.3,81.7,0.97,0,0,0.00,0.00,0.0,0.0,0.00,0.00,0.00,0.0,0,0.0,1112329,132,1.0000,2000.0,4100512,4092437,524304,0
1782883403,5393276192,5228662784,536870912,1129532,0,1998,2435,250490,250477,250477,1373793,799,8199,27,7.2,2.8,3.8,28.3,32.1,122.0,18.2,81.8,0.97,0,0,0.00,0.00,0.0,0.0,0.00,0.00,0.00,0.0,0,0.0,1114764,131,1.0000,2000.0,4108583,4100384,524304,0
1782883404,5393284992,5228662784,536870912,1131966,0,1998,2435,250491,250478,250478,1376227,799,8249,27,6.9,2.6,5.8,26.8,32.6,122.0,18.2,81.8,0.97,0,0,0.00,0.00,0.0,0.0,0.00,0.00,0.00,0.0,0,0.0,1117200,131,1.0000,2000.0,4116574,4108325,524304,0
1782883406,5393262288,5228662784,536870912,1134395,0,1998,2430,250491,250478,250478,1378656,799,8120,27,7.1,2.9,6.2,25.9,32.1,60.5,18.2,81.8,0.97,0,0,0.00,0.00,0.0,0.0,0.00,0.00,0.00,0.0,0,0.0,1119631,131,1.0000,2000.0,4124381,4116262,524304,524304
1782883407,5393254040,5228662784,536870912,1136832,0,1999,2438,250491,250478,250478,1381093,799,8073,27,6.8,2.9,3.1,30.6,33.7,122.0,18.1,81.9,0.97,0,0,0.00,0.00,0.0,0.0,0.00,0.00,0.00,0.0,0,0.0,1122071,132,1.0000,2000.0,4132290,4124218,524304,524304
1782883408,5393246448,5228662784,536870912,1139263,0,1998,2432,250492,250479,250479,1383524,799,8030,27,7.2,3.0,3.0,30.2,33.2,122.0,18.1,81.9,0.97,0,0,0.00,0.00,0.0,0.0,0.00,0.00,0.00,0.0,0,0.0,1124504,131,1.0000,2000.0,4140189,4132159,524304,0
1782883409,5393256128,5228662784,536870912,1141688,0,2000,2426,250493,250480,250480,1385949,801,8085,27,7.2,2.6,9.2,24.7,33.9,121.0,18.1,81.9,0.97,0,0,0.00,0.00,0.0,0.0,0.00,0.00,0.00,0.0,0,0.0,1126931,131,1.0000,2000.0,4148152,4140067,524304,0
1782883411,5393265240,5228662784,536870912,1144121,0,1996,2434,250494,250481,250481,1388382,801,8131,29,6.9,2.7,7.0,26.6,33.6,61.0,18.0,82.0,0.97,0,0,0.00,0.00,0.0,0.0,0.00,0.00,0.00,0.0,0,0.0,1129366,130,1.0000,2000.0,4156147,4148017,524304,524304
1782883412,5393252224,5229187072,536870912,1146547,0,2000,2427,250497,250484,250484,1390808,803,8060,28,6.9,2.7,2.6,31.3,33.9,122.0,18.0,82.0,0.97,0,0,0.00,0.00,0.0,0.0,0.00,0.00,0.00,0.0,0,0.0,1131794,130,1.0000,2000.0,4163981,4155922,524304,524304
1782883413,5393246800,5229187072,536870912,1148988,0,2000,2442,250498,250485,250485,1393249,803,8032,27,6.9,2.3,6.3,27.1,33.4,121.0,18.0,82.0,0.97,0,0,0.00,0.00,0.0,0.0,0.00,0.00,0.00,0.0,0,0.0,1134236,131,1.0000,2000.0,4171878,4163847,524304,524304
1782883414,5393253336,5229187072,536870912,1151416,0,1999,2429,250499,250486,250486,1395677,803,8069,27,7.1,2.6,6.5,26.3,32.8,122.0,17.9,82.1,0.97,0,0,0.00,0.00,0.0,0.0,0.00,0.00,0.00,0.0,0,0.0,1136668,132,1.0000,2000.0,4179822,4171753,524304,0
1782883415,5393250848,5229187072,536870912,1153845,0,1999,2430,250499,250486,250486,1398106,803,8055,27,7.2,3.0,9.8,22.5,32.3,121.0,17.9,82.1,0.97,0,0,0.00,0.00,0.0,0.0,0.00,0.00,0.00,0.0,0,0.0,1139099,131,1.0000,2000.0,4187724,4179669,524304,0
1782883417,5393256480,5228646400,536870912,1156271,0,1998,2427,250499,250486,250486,1400532,803,8087,27,7.2,2.8,10.1,22.1,32.2,61.0,17.9,82.1,0.97,0,0,0.00,0.00,0.0,0.0,0.00,0.00,0.00,0.0,0,0.0,1141526,131,1.0000,2000.0,4195653,4187566,524304,0
1782883418,5393253488,5228646400,536870912,1158705,0,1999,2435,250500,250487,250487,1402966,803,8070,27,7.2,2.1,5.8,27.8,33.6,122.0,17.9,82.1,0.97,0,0,0.00,0.00,0.0,0.0,0.00,0.00,0.00,0.0,0,0.0,1143963,131,1.0000,2000.0,4203553,4195483,524304,0
1782883419,5393258912,5228646400,536870912,1161138,0,1998,2434,250500,250487,250487,1405399,803,8098,28,7.1,2.3,6.4,26.6,33.0,122.0,17.8,82.2,0.97,0,0,0.00,0.00,0.0,0.0,0.00,0.00,0.00,0.0,0,0.0,1146397,130,1.0000,2000.0,4211502,4203404,524304,0
1782883420,5393251376,5228646400,536870912,1163572,0,2001,2435,250501,250488,250488,1407833,803,8058,27,6.9,1.3,7.3,25.5,32.8,121.0,17.8,82.2,0.97,0,0,0.00,0.00,0.0,0.0,0.00,0.00,0.00,0.0,0,0.0,1148832,131,1.0000,2000.0,4219377,4211319,524304,0
1782883421,5393244160,5228646400,536870912,1166010,0,1999,2439,250501,250488,250488,1410271,803,8017,27,7.1,2.3,4.5,29.5,34.0,123.0,17.8,82.2,0.97,0,0,0.00,0.00,0.0,0.0,0.00,0.00,0.00,0.0,0,0.0,1151273,131,1.0000,2000.0,4227263,4219247,524304,524304
1782883423,5393245240,5228646400,536870912,1168447,0,1999,2438,250502,250489,250489,1412708,803,8023,27,6.8,2.5,5.5,28.2,33.7,61.0,17.7,82.3,0.97,0,0,0.00,0.00,0.0,0.0,0.00,0.00,0.00,0.0,0,0.0,1153713,132,1.0000,2000.0,4235188,4227165,524304,0
1782883424,5393241168,5228646400,536870912,1170896,0,2000,2450,250503,250490,250490,1415157,803,8000,27,6.9,2.3,5.1,29.4,34.5,122.0,17.7,82.3,0.97,0,0,0.00,0.00,0.0,0.0,0.00,0.00,0.00,0.0,0,0.0,1156164,131,1.0000,2000.0,4243111,4235111,524304,0
1782883425,5393251552,5228646400,536870912,1173339,0,1999,2444,250503,250490,250490,1417600,803,8059,27,7.0,3.1,6.5,27.5,34.0,122.0,17.7,82.3,0.97,0,0,0.00,0.00,0.0,0.0,0.00,0.00,0.00,0.0,0,0.0,1158607,131,1.0000,2000.0,4251101,4243042,524304,0
1782883426,5393250496,5228646400,536870912,1175785,0,1999,2447,250503,250490,250490,1420046,803,8053,27,6.8,2.9,4.2,29.8,34.0,122.0,17.6,82.4,0.97,0,0,0.00,0.00,0.0,0.0,0.00,0.00,0.00,0.0,0,0.0,1161055,131,1.0000,2000.0,4259046,4250994,524304,524304
1782883428,5393260352,5228646400,536870912,1178219,0,1997,2435,250503,250490,250490,1422480,803,8109,27,6.8,2.6,4.7,28.2,32.9,61.0,17.6,82.4,0.97,0,0,0.00,0.00,0.0,0.0,0.00,0.00,0.00,0.0,0,0.0,1163491,131,1.0000,2000.0,4267028,4258919,524304,0
1782883429,5393266336,5228646400,536870912,1180651,0,1999,2433,250504,250491,250491,1424912,803,8143,27,7.0,1.9,6.0,26.5,32.5,122.0,17.6,82.4,0.97,0,0,0.00,0.00,0.0,0.0,0.00,0.00,0.00,0.0,0,0.0,1165927,131,1.0000,2000.0,4274987,4266845,524304,524304
1782883430,5393262640,5228646400,536870912,1183088,0,1998,2438,250505,250492,250492,1427349,803,8122,27,7.3,2.5,8.2,23.9,32.1,122.0,17.5,82.5,0.97,0,0,0.00,0.00,0.0,0.0,0.00,0.00,0.00,0.0,0,0.0,1168364,131,1.0000,2000.0,4282896,4274775,524304,524304
1782883431,5393255424,5228646400,536870912,1185517,0,1999,2430,250506,250493,250493,1429778,803,8081,27,6.8,2.8,2.1,30.1,32.2,122.0,17.5,82.5,0.97,0,0,0.00,0.00,0.0,0.0,0.00,0.00,0.00,0.0,0,0.0,1170795,131,1.0000,2000.0,4290766,4282686,524304,524304
1782883432,5393260320,5228646400,536870912,1187955,0,1998,2439,250506,250493,250493,1432216,803,8106,28,6.8,3.2,0.9,32.0,32.9,121.0,17.5,82.5,0.97,0,0,0.00,0.00,0.0,0.0,0.00,0.00,0.00,0.0,0,0.0,1173236,130,1.0000,2000.0,4298726,4290620,524304,0
1782883434,5393259824,5228646400,536870912,1190389,0,1999,2435,250508,250495,250495,1434650,804,8106,27,7.0,2.0,5.0,27.7,32.7,61.0,17.5,82.5,0.97,0,0,0.00,0.00,0.0,0.0,0.00,0.00,0.00,0.0,0,0.0,1175673,131,1.0000,2000.0,4306643,4298537,524304,0
1782883435,5393250144,5229170688,536870912,1192819,0,1999,2431,250510,250497,250497,1437080,804,8051,27,7.2,2.4,9.8,22.5,32.3,122.0,17.4,82.6,0.97,0,0,0.00,0.00,0.0,0.0,0.00,0.00,0.00,0.0,0,0.0,1178104,131,1.0000,2000.0,4314495,4306445,524304,524304
1782883436,5393263168,5229170688,536870912,1195250,0,2001,2432,250510,250497,250497,1439511,804,8125,27,7.2,3.1,7.1,25.5,32.6,121.0,17.4,82.6,0.97,0,0,0.00,0.00,0.0,0.0,0.00,0.00,0.00,0.0,0,0.0,1180536,131,1.0000,2000.0,4322476,4314352,524304,524304
1782883437,5393259648,5229170688,536870912,1197683,0,1998,2434,250510,250497,250497,1441944,804,8105,27,6.6,2.3,1.9,30.6,32.5,122.0,17.4,82.6,0.97,0,0,0.00,0.00,0.0,0.0,0.00,0.00,0.00,0.0,0,0.0,1182973,131,1.0000,2000.0,4330387,4322282,524304,0
1782883439,5393270208,5229170688,536870912,1200129,0,1999,2447,250510,250497,250497,1444390,804,8165,27,7.3,3.8,2.9,29.0,31.9,62.0,17.3,82.7,0.97,0,0,0.00,0.00,0.0,0.0,0.00,0.00,0.00,0.0,0,0.0,1185420,131,1.0000,2000.0,4338415,4330251,524304,524304
1782883440,5393262640,5229170688,536870912,1202611,0,1997,2483,250510,250497,250497,1446872,804,8122,27,7.1,3.3,8.9,23.4,32.3,123.0,17.3,82.7,0.97,0,0,0.00,0.00,0.0,0.0,0.00,0.00,0.00,0.0,0,0.0,1187903,131,1.0000,2000.0,4346462,4338341,524304,524304
1782883441,5393279016,5229170688,536870912,1205034,0,1999,2424,250510,250497,250497,1449295,805,8214,28,6.9,6.5,0.0,31.7,31.7,121.0,17.3,82.7,0.97,0,0,0.00,0.00,0.0,0.0,0.00,0.00,0.00,0.0,0,0.0,1190330,131,1.0000,2000.0,4354463,4346249,524304,0
1782883442,5393272656,5229170688,536870912,1207459,0,1997,2426,250510,250497,250497,1451720,805,8178,28,7.2,3.3,3.0,28.8,31.8,121.0,17.3,82.7,0.97,0,0,0.00,0.00,0.0,0.0,0.00,0.00,0.00,0.0,0,0.0,1192755,130,1.0000,2000.0,4362327,4354150,524304,524304
1782883443,5393269840,5229170688,536870912,1209882,0,1998,2424,250510,250497,250497,1454143,805,8162,28,6.9,4.4,0.0,31.9,31.9,122.0,17.2,82.8,0.97,0,0,0.00,0.00,0.0,0.0,0.00,0.00,0.00,0.0,0,0.0,1195182,130,1.0000,2000.0,4370218,4362056,524304,0
1782883445,5393243088,5229170688,536870912,1212307,0,1997,2426,250510,250497,250497,1456568,805,8010,28,6.8,3.4,1.0,31.4,32.4,60.5,17.2,82.8,0.97,0,0,0.00,0.00,0.0,0.0,0.00,0.00,0.00,0.0,0,0.0,1197607,130,1.0000,2000.0,4377966,4369957,524304,524304
1782883446,5393277232,5229170688,536870912,1214735,0,1998,2429,250510,250497,250497,1458996,805,8204,28,6.9,4.0,0.0,31.6,31.6,121.0,17.2,82.8,0.97,0,0,0.00,0.00,0.0,0.0,0.00,0.00,0.00,0.0,0,0.0,1200038,130,1.0000,2000.0,4386081,4377877,524304,0
1782883447,5393268080,5228666880,536870912,1217159,0,2000,2425,250510,250497,250497,1461420,805,8152,28,7.1,3.5,1.1,30.1,31.2,122.0,17.1,82.9,0.97,0,0,0.00,0.00,0.0,0.0,0.00,0.00,0.00,0.0,0,0.0,1202465,130,1.0000,2000.0,4393937,4385786,524304,524304
1782883448,5393261040,5228666880,536870912,1219586,0,2000,2428,250510,250497,250497,1463847,805,8112,28,6.9,2.9,2.9,29.5,32.4,121.0,17.1,82.9,0.97,0,0,0.00,0.00,0.0,0.0,0.00,0.00,0.00,0.0,0,0.0,1204894,130,1.0000,2000.0,4401814,4393703,524304,524304
1782883449,5393261392,5228666880,536870912,1222010,0,1999,2425,250510,250497,250497,1466271,805,8114,28,6.9,1.8,4.4,27.9,32.3,121.0,17.1,82.9,0.97,0,0,0.00,0.00,0.0,0.0,0.00,0.00,0.00,0.0,0,0.0,1207320,130,1.0000,2000.0,4409720,4401606,524304,0
1782883451,5393266872,5228666880,536870912,1224434,0,1997,2425,250510,250497,250497,1468695,805,8145,28,6.7,2.3,3.7,28.5,32.2,61.0,17.1,82.9,0.97,0,0,0.00,0.00,0.0,0.0,0.00,0.00,0.00,0.0,0,0.0,1209746,131,1.0000,2000.0,4417658,4409513,524304,0
1782883452,5393264736,5228666880,536870912,1226857,0,1997,2424,250511,250498,250498,1471118,805,8133,28,7.0,2.6,3.3,28.8,32.1,121.0,17.0,83.0,0.97,0,0,0.00,0.00,0.0,0.0,0.00,0.00,0.00,0.0,0,0.0,1212169,130,1.0000,2000.0,4425546,4417413,524304,0
1782883453,5393262976,5228666880,536870912,1229276,0,1998,2420,250511,250498,250498,1473537,805,8123,28,7.1,3.0,5.9,26.4,32.3,121.0,17.0,83.0,0.97,0,0,0.00,0.00,0.0,0.0,0.00,0.00,0.00,0.0,0,0.0,1214592,130,1.0000,2000.0,4433435,4425312,524304,0
1782883454,5393261416,5228666880,536870912,1231697,0,1997,2422,250511,250498,250498,1475958,805,8114,28,7.0,2.6,6.3,26.1,32.4,121.0,17.0,83.0,0.97,0,0,0.00,0.00,0.0,0.0,0.00,0.00,0.00,0.0,0,0.0,1217015,131,1.0000,2000.0,4441324,4433211,524304,524304
1782883456,5393251184,5228666880,536870912,1234117,0,1999,2421,250511,250498,250498,1478378,805,8056,28,7.1,4.0,5.7,26.6,32.3,60.5,16.9,83.1,0.97,0,0,0.00,0.00,0.0,0.0,0.00,0.00,0.00,0.0,0,0.0,1219437,130,1.0000,2000.0,4449164,4441108,524304,0
1782883457,5392210896,5228666880,536870912,1236540,0,1997,2424,250511,250498,250498,1480801,805,8103,28,6.9,3.0,3.5,28.7,32.2,121.0,16.9,83.1,0.97,0,0,0.00,0.00,0.0,0.0,0.00,0.00,0.00,0.0,0,0.0,1221860,130,1.0000,2000.0,4457107,4449005,524304,524304
1782883458,5393266496,5228666880,536870912,1238961,0,2000,2422,250511,250498,250498,1483222,805,8143,28,7.4,3.3,6.1,25.7,31.8,121.0,16.9,83.1,0.97,0,0,0.00,0.00,0.0,0.0,0.00,0.00,0.00,0.0,0,0.0,1224283,130,1.0000,2000.0,4465051,4456909,524304,524304
1782883459,5393270128,5228666880,536870912,1241376,0,1997,2416,250511,250498,250498,1485637,805,8158,30,7.2,2.4,6.4,25.6,32.0,121.0,16.9,83.1,0.97,0,0,0.00,0.00,0.0,0.0,0.00,0.00,0.00,0.0,0,0.0,1226700,128,1.0000,2000.0,4472957,4464799,524304,0
1782883460,5393262208,5229715456,536870912,1243797,0,1999,2422,250514,250501,250501,1488058,805,8113,30,7.4,2.1,8.8,24.6,33.4,122.0,16.8,83.2,0.97,0,0,0.00,0.00,0.0,0.0,0.00,0.00,0.00,0.0,0,0.0,1229124,128,1.0000,2000.0,4480803,4472691,524304,524304
1782883462,5393257664,5229715456,536870912,1246217,0,1996,2421,250516,250503,250503,1490478,805,8090,29,9.9,2.7,6.3,27.0,33.3,60.5,16.8,83.2,0.97,0,0,0.00,0.00,0.0,0.0,0.00,0.00,0.00,0.0,0,0.0,1231546,129,1.0000,2000.0,4488567,4480478,524304,524304
1782883463,5393259808,5229715456,536870912,1248661,0,1999,2445,250517,250504,250504,1492922,805,8105,28,7.3,3.1,7.7,26.3,34.0,123.0,16.8,83.2,0.97,0,0,0.00,0.00,0.0,0.0,0.00,0.00,0.00,0.0,0,0.0,1233993,130,1.0000,2000.0,4496531,4488426,524304,0
1782883464,5393252768,5229715456,536870912,1251113,0,1999,2453,250517,250504,250504,1495374,805,8065,28,6.8,2.0,4.3,29.3,33.6,122.0,16.8,83.2,0.97,0,0,0.00,0.00,0.0,0.0,0.00,0.00,0.00,0.0,0,0.0,1236446,130,1.0000,2000.0,4504457,4496393,524304,524304
1782883465,5393254000,5229715456,536870912,1253552,0,1999,2440,250517,250504,250504,1497813,805,8072,28,6.9,2.0,5.3,27.6,32.9,122.0,16.7,83.3,0.97,0,0,0.00,0.00,0.0,0.0,0.00,0.00,0.00,0.0,0,0.0,1238888,130,1.0000,2000.0,4512403,4504332,524304,524304
1782883466,5393259280,5229715456,536870912,1255983,0,1999,2432,250517,250504,250504,1500244,805,8102,28,7.3,3.0,5.9,26.6,32.5,122.0,16.7,83.3,0.97,0,0,0.00,0.00,0.0,0.0,0.00,0.00,0.00,0.0,0,0.0,1241319,130,1.0000,2000.0,4520356,4512255,524304,524304
1782883468,5393264560,5229113344,536870912,1258412,0,2000,2430,250518,250505,250505,1502673,805,8132,28,7.3,4.1,6.8,25.5,32.3,60.5,16.7,83.3,0.97,0,0,0.00,0.00,0.0,0.0,0.00,0.00,0.00,0.0,0,0.0,1243752,130,1.0000,2000.0,4528304,4520173,524304,524304
1782883469,5393273888,5229113344,536870912,1260843,0,2000,2432,250518,250505,250505,1505104,805,8185,28,7.3,4.3,3.8,27.9,31.7,122.0,16.6,83.4,0.97,0,0,0.00,0.00,0.0,0.0,0.00,0.00,0.00,0.0,0,0.0,1246184,130,1.0000,2000.0,4536284,4528100,524304,524304
1782883470,5393258576,5229113344,536870912,1263276,0,1998,2434,250518,250505,250505,1507537,805,8098,28,7.4,3.5,6.2,26.5,32.7,122.0,16.6,83.4,0.97,0,0,0.00,0.00,0.0,0.0,0.00,0.00,0.00,0.0,0,0.0,1248619,130,1.0000,2000.0,4544119,4536021,524304,0
1782883471,5393263296,5229113344,536870912,1265705,0,1997,2430,250518,250505,250505,1509966,805,8122,29,7.0,2.6,9.5,23.0,32.5,121.0,16.6,83.4,0.97,0,0,0.00,0.00,0.0,0.0,0.00,0.00,0.00,0.0,0,0.0,1251051,129,1.0000,2000.0,4552070,4543948,524304,0
1782883473,5393253472,5229113344,536870912,1268142,0,1998,2438,250519,250506,250506,1512403,805,8069,28,6.9,3.3,4.3,29.5,33.8,61.0,16.6,83.4,0.97,0,0,0.00,0.00,0.0,0.0,0.00,0.00,0.00,0.0,0,0.0,1253488,130,1.0000,2000.0,4559939,4551870,524304,0
1782883474,5393247664,5229113344,536870912,1270572,0,1998,2431,250519,250506,250506,1514833,805,8036,28,7.0,2.3,7.0,26.6,33.6,122.0,16.5,83.5,0.97,0,0,0.00,0.00,0.0,0.0,0.00,0.00,0.00,0.0,0,0.0,1255921,130,1.0000,2000.0,4567830,4559794,524304,0
1782883475,5393248544,5229113344,536870912,1273015,0,1998,2444,250519,250506,250506,1517276,805,8041,28,7.2,2.4,9.6,24.4,34.0,122.0,16.5,83.5,0.97,0,0,0.00,0.00,0.0,0.0,0.00,0.00,0.00,0.0,0,0.0,1258365,130,1.0000,2000.0,4575784,4567744,524304,524304
1782883476,5393243088,5229113344,536870912,1275453,0,1998,2439,250519,250506,250506,1519714,805,8010,28,6.8,2.4,2.5,31.8,34.3,122.0,16.5,83.5,0.97,0,0,0.00,0.00,0.0,0.0,0.00,0.00,0.00,0.0,0,0.0,1260806,130,1.0000,2000.0,4583684,4575674,524304,0
1782883477,5393245696,5229113344,536870912,1277887,0,1998,2435,250519,250506,250506,1522148,805,8022,29,7.1,2.1,9.4,23.7,33.1,122.0,16.5,83.5,0.97,0,0,0.00,0.00,0.0,0.0,0.00,0.00,0.00,0.0,0,0.0,1263242,129,1.0000,2000.0,4591624,4583603,524304,524304
1782883479,5393242912,5229113344,536870912,1280326,0,1999,2440,250520,250507,250507,1524587,805,8009,28,6.9,3.0,5.7,27.3,33.0,60.5,16.4,83.6,0.97,0,0,0.00,0.00,0.0,0.0,0.00,0.00,0.00,0.0,0,0.0,1265682,130,1.0000,2000.0,4599548,4591540,524304,524304
1782883480,5393277408,5229113344,536870912,1282747,0,1998,2422,250520,250507,250507,1527008,805,8205,28,6.6,3.0,1.5,29.8,31.3,122.0,16.4,83.6,0.97,0,0,0.00,0.00,0.0,0.0,0.00,0.00,0.00,0.0,0,0.0,1268106,130,1.0000,2000.0,4607655,4599450,524304,0
1782883481,5393274400,5229113344,536870912,1285167,0,1998,2421,250520,250507,250507,1529428,806,8187,29,7.0,3.7,2.3,29.2,31.5,121.0,16.4,83.6,0.97,0,0,0.00,0.00,0.0,0.0,0.00,0.00,0.00,0.0,0,0.0,1270529,129,1.0000,2000.0,4615546,4607360,524304,524304
1782883482,5393273368,5229113344,536870912,1287587,0,1998,2421,250520,250507,250507,1531848,806,8181,29,7.3,4.2,2.1,29.5,31.6,121.0,16.4,83.6,0.97,0,0,0.00,0.00,0.0,0.0,0.00,0.00,0.00,0.0,0,0.0,1272951,130,1.0000,2000.0,4623444,4615264,524304,524304
1782883484,5393273344,5229113344,536870912,1290008,0,1999,2422,250520,250507,250507,1534269,806,8181,29,6.9,3.3,0.1,31.3,31.4,60.5,16.3,83.7,0.97,0,0,0.00,0.00,0.0,0.0,0.00,0.00,0.00,0.0,0,0.0,1275374,129,1.0000,2000.0,4631351,4623170,524304,0
1782883485,5393272136,5229113344,536870912,1292427,0,1998,2420,250520,250507,250507,1536688,806,8174,29,7.6,2.2,10.6,20.8,31.4,121.0,16.3,83.7,0.97,0,0,0.00,0.00,0.0,0.0,0.00,0.00,0.00,0.0,0,0.0,1277794,130,1.0000,2000.0,4639241,4631067,524304,0
1782883486,5393264016,5229113344,536870912,1294848,0,1999,2422,250520,250507,250507,1539109,806,8128,29,7.3,2.4,6.8,25.7,32.5,122.0,16.3,83.7,0.97,0,0,0.00,0.00,0.0,0.0,0.00,0.00,0.00,0.0,0,0.0,1280216,129,1.0000,2000.0,4647097,4638970,524304,524304
1782883487,5393269808,5229113344,536870912,1297281,0,2000,2434,250521,250508,250508,1541542,807,8160,30,6.9,2.3,6.2,27.0,33.2,121.0,16.3,83.7,0.97,0,0,0.00,0.00,0.0,0.0,0.00,0.00,0.00,0.0,0,0.0,1282652,128,1.0000,2000.0,4655058,4646899,524304,524304
1782883488,5393273704,5229113344,536870912,1299699,0,1998,2419,250521,250508,250508,1543960,807,8182,30,7.0,4.2,0.0,31.2,31.2,121.0,16.2,83.8,0.97,0,0,0.00,0.00,0.0,0.0,0.00,0.00,0.00,0.0,0,0.0,1285073,129,1.0000,2000.0,4662980,4654799,524304,524304
1782883490,5393275584,5229113344,536870912,1302117,0,1997,2419,250522,250509,250509,1546378,807,8190,31,7.2,3.1,3.2,27.9,31.1,60.5,16.2,83.8,0.97,0,0,0.00,0.00,0.0,0.0,0.00,0.00,0.00,0.0,0,0.0,1287491,127,1.0000,2000.0,4670885,4662695,524304,0
1782883491,5393274208,5229113344,536870912,1304537,0,1998,2421,250523,250510,250510,1548798,807,8185,30,6.8,2.9,3.8,28.2,32.0,121.0,16.2,83.8,0.97,0,0,0.00,0.00,0.0,0.0,0.00,0.00,0.00,0.0,0,0.0,1289913,128,1.0000,2000.0,4678780,4670595,524304,0
1782883492,5393267520,5228900352,536870912,1306956,0,1997,2420,250523,250510,250510,1551217,807,8147,30,7.0,2.7,1.8,29.4,31.2,121.0,16.1,83.9,0.97,0,0,0.00,0.00,0.0,0.0,0.00,0.00,0.00,0.0,0,0.0,1292335,128,1.0000,2000.0,4686646,4678500,524304,524304
1782883493,5393271920,5228900352,536870912,1309377,0,1999,2422,250523,250510,250510,1553638,807,8172,30,6.7,3.6,0.0,31.7,31.7,121.0,16.1,83.9,0.97,0,0,0.00,0.00,0.0,0.0,0.00,0.00,0.00,0.0,0,0.0,1294757,128,1.0000,2000.0,4694572,4686401,524304,524304
1782883494,5393275264,5228900352,536870912,1311798,0,1999,2422,250523,250510,250510,1556059,807,8191,30,6.9,5.8,0.0,31.7,31.7,122.0,16.1,83.9,0.97,0,0,0.00,0.00,0.0,0.0,0.00,0.00,0.00,0.0,0,0.0,1297180,128,1.0000,2000.0,4702495,4694304,524304,0
1782883496,5392225632,5228900352,536870912,1314217,0,1999,2420,250523,250510,250510,1558478,807,8185,30,7.1,4.3,0.0,31.5,31.5,60.5,16.1,83.9,0.97,0,0,0.00,0.00,0.0,0.0,0.00,0.00,0.00,0.0,0,0.0,1299601,128,1.0000,2000.0,4710385,4702201,524304,524304
1782883497,5393272096,5228900352,536870912,1316638,0,1997,2422,250523,250510,250510,1560899,807,8173,30,6.9,2.1,1.1,30.5,31.6,121.0,16.0,84.0,0.97,0,0,0.00,0.00,0.0,0.0,0.00,0.00,0.00,0.0,0,0.0,1302026,128,1.0000,2000.0,4718286,4710113,524304,0
1782883498,5393271568,5228900352,536870912,1319066,0,1998,2429,250523,250510,250510,1563327,807,8170,30,7.4,3.4,6.8,25.2,32.0,122.0,16.0,84.0,0.97,0,0,0.00,0.00,0.0,0.0,0.00,0.00,0.00,0.0,0,0.0,1304454,128,1.0000,2000.0,4726203,4718033,524304,0
1782883499,5393260304,5228900352,536870912,1321533,0,1998,2468,250523,250510,250510,1565794,807,8106,30,7.4,3.7,4.5,27.7,32.2,123.0,16.0,84.0,0.97,0,0,0.00,0.00,0.0,0.0,0.00,0.00,0.00,0.0,0,0.0,1306923,128,1.0000,2000.0,4734200,4726094,524304,0
1782883501,5393262560,5228900352,536870912,1323960,0,1996,2428,250523,250510,250510,1568221,807,8116,31,7.1,3.1,3.1,30.5,33.6,121.0,16.0,84.0,0.97,0,0,0.00,0.00,0.0,0.0,0.00,0.00,0.00,0.0,0,0.0,1309353,127,1.0000,2000.0,4742120,4734004,524304,0
1782883502,5393248160,5228900352,536870912,1326385,0,1999,2426,250525,250512,250512,1570646,808,8037,30,6.9,2.0,4.7,28.4,33.1,61.0,15.9,84.1,0.97,0,0,0.00,0.00,0.0,0.0,0.00,0.00,0.00,0.0,0,0.0,1311781,128,1.0000,2000.0,4749943,4741906,524304,0
1782883503,5393253816,5228900352,536870912,1328816,0,1999,2432,250525,250512,250512,1573077,808,8069,30,7.2,2.4,9.4,23.8,33.2,121.0,15.9,84.1,0.97,0,0,0.00,0.00,0.0,0.0,0.00,0.00,0.00,0.0,0,0.0,1314213,129,1.0000,2000.0,4757903,4749834,524304,0
1782883504,5393265408,5228900352,536870912,1331236,0,1999,2421,250525,250512,250512,1575497,808,8135,30,7.0,2.1,5.1,27.6,32.7,121.0,15.9,84.1,0.97,0,0,0.00,0.00,0.0,0.0,0.00,0.00,0.00,0.0,0,0.0,1316635,128,1.0000,2000.0,4765871,4757736,524304,0
1782883505,5393270160,5228900352,536870912,1333660,0,1999,2425,250525,250512,250512,1577921,808,8162,30,7.5,2.8,7.3,24.4,31.7,122.0,15.9,84.1,0.97,0,0,0.00,0.00,0.0,0.0,0.00,0.00,0.00,0.0,0,0.0,1319061,128,1.0000,2000.0,4773815,4765654,524304,524304
1782883507,5393257136,5228900352,536870912,1336080,0,1998,2421,250525,250512,250512,1580341,808,8088,30,7.0,3.0,5.8,25.9,31.7,60.5,15.9,84.1,0.97,0,0,0.00,0.00,0.0,0.0,0.00,0.00,0.00,0.0,0,0.0,1321484,128,1.0000,2000.0,4781650,4773563,524304,524304
1782883508,5393271920,5228900352,536870912,1338502,0,2000,2423,250525,250512,250512,1582763,808,8172,30,7.6,5.3,5.6,26.1,31.7,121.0,15.8,84.2,0.97,0,0,0.00,0.00,0.0,0.0,0.00,0.00,0.00,0.0,0,0.0,1323906,128,1.0000,2000.0,4789639,4781468,524304,524304
1782883509,5393262440,5228900352,536870912,1340927,0,2000,2426,250525,250512,250512,1585188,808,8118,30,6.9,2.3,4.6,27.9,32.5,121.0,15.8,84.2,0.97,0,0,0.00,0.00,0.0,0.0,0.00,0.00,0.00,0.0,0,0.0,1326334,129,1.0000,2000.0,4797508,4789390,524304,0
1782883510,5393264352,5228900352,536870912,1343349,0,2000,2423,250525,250512,250512,1587610,808,8129,30,7.2,3.8,3.3,28.6,31.9,122.0,15.8,84.2,0.97,0,0,0.00,0.00,0.0,0.0,0.00,0.00,0.00,0.0,0,0.0,1328759,128,1.0000,2000.0,4805434,4797306,524304,524304
1782883511,5393262768,5228900352,536870912,1345774,0,1998,2426,250525,250512,250512,1590035,808,8120,30,6.9,1.8,7.3,25.3,32.6,121.0,15.8,84.2,0.97,0,0,0.00,0.00,0.0,0.0,0.00,0.00,0.00,0.0,0,0.0,1331186,128,1.0000,2000.0,4813348,4805228,524304,0
1782883513,5393264880,5228900352,536870912,1348196,0,2000,2423,250526,250513,250513,1592457,808,8132,30,7.0,3.4,3.6,28.3,31.9,60.5,15.7,84.3,0.97,0,0,0.00,0.00,0.0,0.0,0.00,0.00,0.00,0.0,0,0.0,1333609,128,1.0000,2000.0,4821269,4813137,524304,0
1782883514,5393265408,5228900352,536870912,1350617,0,1999,2422,250526,250513,250513,1594878,808,8135,30,7.1,2.4,6.8,25.2,32.0,121.0,15.7,84.3,0.97,0,0,0.00,0.00,0.0,0.0,0.00,0.00,0.00,0.0,0,0.0,1336031,128,1.0000,2000.0,4829173,4821038,524304,0
1782883515,5393263792,5228900352,536870912,1353036,0,1997,2420,250526,250513,250513,1597297,808,8123,31,7.2,3.5,3.3,28.5,31.8,121.0,15.7,84.3,0.97,0,0,0.00,0.00,0.0,0.0,0.00,0.00,0.00,0.0,0,0.0,1338454,127,1.0000,2000.0,4837073,4828951,524304,524304
1782883516,5393264000,5228900352,536870912,1355461,0,1999,2426,250528,250515,250515,1599722,808,8127,30,7.2,3.3,6.2,25.3,31.5,121.0,15.7,84.3,0.97,0,0,0.00,0.00,0.0,0.0,0.00,0.00,0.00,0.0,0,0.0,1340881,128,1.0000,2000.0,4844993,4836867,524304,524304
1782883517,5393266992,5228900352,536870912,1357881,0,1999,2421,250528,250515,250515,1602142,808,8144,30,6.8,2.0,5.4,26.8,32.2,122.0,15.6,84.4,0.97,0,0,0.00,0.00,0.0,0.0,0.00,0.00,0.00,0.0,0,0.0,1343302,128,1.0000,2000.0,4852909,4844765,524304,0
1782883519,5393277728,5228900352,536870912,1360302,0,1998,2422,250528,250515,250515,1604563,808,8205,30,7.2,2.8,7.7,23.6,31.3,60.5,15.6,84.4,0.97,0,0,0.00,0.00,0.0,0.0,0.00,0.00,0.00,0.0,0,0.0,1345725,128,1.0000,2000.0,4860879,4852674,524304,0
1782883520,5393267664,5228900352,536870912,1362722,0,1999,2421,250528,250515,250515,1606983,808,8145,31,7.3,3.8,4.6,27.1,31.7,121.0,15.6,84.4,0.97,0,0,0.00,0.00,0.0,0.0,0.00,0.00,0.00,0.0,0,0.0,1348148,127,1.0000,2000.0,4868725,4860580,524304,0
1782883521,5393262768,5228900352,536870912,1365158,0,1998,2437,250529,250516,250516,1609419,808,8120,30,6.9,2.7,4.0,29.0,33.0,122.0,15.6,84.4,0.97,0,0,0.00,0.00,0.0,0.0,0.00,0.00,0.00,0.0,0,0.0,1350586,128,1.0000,2000.0,4876640,4868521,524304,524304
1782883522,5393265232,5228900352,536870912,1367584,0,1998,2427,250529,250516,250516,1611845,808,8134,30,7.3,3.3,8.9,23.4,32.3,121.0,15.5,84.5,0.97,0,0,0.00,0.00,0.0,0.0,0.00,0.00,0.00,0.0,0,0.0,1353012,128,1.0000,2000.0,4884564,4876431,524304,524304
1782883524,5393275264,5228900352,536870912,1370014,0,1999,2431,250529,250516,250516,1614275,808,8191,30,7.2,2.1,6.8,25.9,32.7,61.0,15.5,84.5,0.97,0,0,0.00,0.00,0.0,0.0,0.00,0.00,0.00,0.0,0,0.0,1355446,128,1.0000,2000.0,4892553,4884362,524304,0
1782883525,5393255048,5228900352,536870912,1372444,0,1999,2431,250529,250516,250516,1616705,808,8076,30,7.2,2.6,11.0,21.9,32.9,121.0,15.5,84.5,0.97,0,0,0.00,0.00,0.0,0.0,0.00,0.00,0.00,0.0,0,0.0,1357878,129,1.0000,2000.0,4900363,4892287,524304,0
1782883526,5393259600,5228900352,536870912,1374869,0,1999,2426,250529,250516,250516,1619130,808,8102,30,7.2,3.7,7.0,25.2,32.2,122.0,15.5,84.5,0.97,0,0,0.00,0.00,0.0,0.0,0.00,0.00,0.00,0.0,0,0.0,1360305,128,1.0000,2000.0,4908301,4900200,524304,524304
1782883527,5393251152,5228900352,536870912,1377299,0,1999,2431,250529,250516,250516,1621560,808,8054,30,6.7,1.2,4.4,27.9,32.3,121.0,15.4,84.6,0.97,0,0,0.00,0.00,0.0,0.0,0.00,0.00,0.00,0.0,0,0.0,1362736,128,1.0000,2000.0,4916176,4908122,524304,0
1782883528,5393266840,5228900352,536870912,1379727,0,1999,2429,250529,250516,250516,1623988,808,8143,30,6.7,1.6,6.9,25.2,32.1,122.0,15.4,84.6,0.97,0,0,0.00,0.00,0.0,0.0,0.00,0.00,0.00,0.0,0,0.0,1365166,129,1.0000,2000.0,4924184,4916041,524304,0
1782883530,5393255552,5228900352,536870912,1382155,0,1999,2429,250529,250516,250516,1626416,808,8079,30,7.0,3.5,3.4,29.2,32.6,60.5,15.4,84.6,0.97,0,0,0.00,0.00,0.0,0.0,0.00,0.00,0.00,0.0,0,0.0,1367597,128,1.0000,2000.0,4932044,4923965,524304,0
1782883531,5393247616,5228900352,536870912,1384580,0,1998,2426,250530,250517,250517,1628841,809,8033,31,7.2,3.1,4.0,28.1,32.1,122.0,15.4,84.6,0.97,0,0,0.00,0.00,0.0,0.0,0.00,0.00,0.00,0.0,0,0.0,1370022,127,1.0000,2000.0,4939905,4931873,524304,524304
1782883532,5392213304,5228900352,536870912,1387001,0,1999,2422,250530,250517,250517,1631262,809,8114,31,7.5,4.1,4.1,27.9,32.0,121.0,15.4,84.6,0.97,0,0,0.00,0.00,0.0,0.0,0.00,0.00,0.00,0.0,0,0.0,1372446,127,1.0000,2000.0,4947886,4939773,524304,524304
1782883533,5393265216,5228900352,536870912,1389432,0,1997,2432,250530,250517,250517,1633693,809,8133,31,7.3,2.7,7.1,25.3,32.4,122.0,15.3,84.7,0.97,0,0,0.00,0.00,0.0,0.0,0.00,0.00,0.00,0.0,0,0.0,1374879,127,1.0000,2000.0,4955830,4947697,524304,0
1782883534,5393271928,5228900352,536870912,1391862,0,1999,2431,250530,250517,250517,1636123,809,8171,31,6.9,3.2,1.0,31.3,32.3,121.0,15.3,84.7,0.97,0,0,0.00,0.00,0.0,0.0,0.00,0.00,0.00,0.0,0,0.0,1377312,128,1.0000,2000.0,4963796,4955625,524304,0
1782883536,5393263104,5228900352,536870912,1394292,0,1998,2431,250530,250517,250517,1638553,809,8121,31,7.4,3.1,5.2,27.2,32.4,61.0,15.3,84.7,0.97,0,0,0.00,0.00,0.0,0.0,0.00,0.00,0.00,0.0,0,0.0,1379742,127,1.0000,2000.0,4971661,4963541,524304,524304
1782883537,5393283872,5228396544,536870912,1396723,0,1998,2432,250530,250517,250517,1640984,809,8239,31,7.0,3.3,3.3,28.6,31.9,121.0,15.3,84.7,0.97,0,0,0.00,0.00,0.0,0.0,0.00,0.00,0.00,0.0,0,0.0,1382176,127,1.0000,2000.0,4979711,4971472,524304,0
1782883538,5393268528,5228396544,536870912,1399148,0,1998,2426,250530,250517,250517,1643409,809,8149,32,6.8,2.7,2.6,29.1,31.7,122.0,15.2,84.8,0.97,0,0,0.00,0.00,0.0,0.0,0.00,0.00,0.00,0.0,0,0.0,1384602,126,1.0000,2000.0,4987538,4979390,524304,524304
1782883539,5393246560,5228396544,536870912,1401570,0,1999,2423,250531,250518,250518,1645831,809,8027,31,7.0,2.6,3.1,29.6,32.7,121.0,15.2,84.8,0.97,0,0,0.00,0.00,0.0,0.0,0.00,0.00,0.00,0.0,0,0.0,1387026,127,1.0000,2000.0,4995326,4987300,524304,524304
1782883541,5393265744,5228396544,536870912,1403994,0,1998,2425,250532,250519,250519,1648255,809,8136,31,7.0,2.8,2.9,29.6,32.5,60.5,15.2,84.8,0.97,0,0,0.00,0.00,0.0,0.0,0.00,0.00,0.00,0.0,0,0.0,1389452,127,1.0000,2000.0,5003361,4995226,524304,524304
1782883542,5393269816,5228396544,536870912,1406416,0,1998,2423,250532,250519,250519,1650677,809,8159,31,6.9,2.4,2.1,30.3,32.4,121.0,15.2,84.8,0.97,0,0,0.00,0.00,0.0,0.0,0.00,0.00,0.00,0.0,0,0.0,1391878,128,1.0000,2000.0,5011310,5003151,524304,0
1782883543,5393264184,5228396544,536870912,1408844,0,2000,2429,250532,250519,250519,1653105,809,8127,31,6.8,1.6,4.8,27.7,32.5,122.0,15.2,84.8,0.97,0,0,0.00,0.00,0.0,0.0,0.00,0.00,0.00,0.0,0,0.0,1394307,128,1.0000,2000.0,5019210,5011083,524304,0
1782883544,5393274192,5228396544,536870912,1411278,0,2000,2435,250532,250519,250519,1655539,809,8184,31,7.1,1.1,4.8,27.8,32.6,123.0,15.1,84.9,0.97,0,0,0.00,0.00,0.0,0.0,0.00,0.00,0.00,0.0,0,0.0,1396744,127,1.0000,2000.0,5027224,5019041,524304,524304
1782883545,5392200976,5228396544,536870912,1413702,0,1997,2425,250533,250520,250520,1657963,809,8044,31,6.9,3.0,1.6,31.0,32.6,120.0,15.1,84.9,0.97,0,0,0.00,0.00,0.0,0.0,0.00,0.00,0.00,0.0,0,0.0,1399169,127,1.0000,2000.0,5035000,5026957,524304,524304
1782883547,5393255184,5228396544,536870912,1416130,0,1999,2429,250533,250520,250520,1660391,809,8076,31,7.0,2.7,3.8,29.0,32.8,61.0,15.1,84.9,0.97,0,0,0.00,0.00,0.0,0.0,0.00,0.00,0.00,0.0,0,0.0,1401598,127,1.0000,2000.0,5042962,5034887,524304,524304
1782883548,5393246736,5228396544,536870912,1418554,0,1999,2425,250533,250520,250520,1662815,809,8028,31,6.7,2.5,4.6,28.2,32.8,122.0,15.1,84.9,0.97,0,0,0.00,0.00,0.0,0.0,0.00,0.00,0.00,0.0,0,0.0,1404025,127,1.0000,2000.0,5050838,5042811,524304,524304
1782883549,5393255680,5228396544,536870912,1420980,0,1998,2427,250533,250520,250520,1665241,809,8076,32,7.0,2.0,6.1,26.5,32.6,121.0,15.0,85.0,0.97,0,0,0.00,0.00,0.0,0.0,0.00,0.00,0.00,0.0,0,0.0,1406452,126,1.0000,2000.0,5058813,5050737,524304,0
1782883550,5393261168,5228396544,536870912,1423410,0,1998,2431,250534,250521,250521,1667671,809,8110,31,7.1,3.8,3.9,28.3,32.2,122.0,15.0,85.0,0.97,0,0,0.00,0.00,0.0,0.0,0.00,0.00,0.00,0.0,0,0.0,1408885,127,1.0000,2000.0,5066788,5058679,524304,524304
1782883551,5393262736,5228396544,536870912,1425836,0,1998,2427,250535,250522,250522,1670097,810,8118,32,7.1,2.5,6.0,26.0,32.0,121.0,15.0,85.0,0.97,0,0,0.00,0.00,0.0,0.0,0.00,0.00,0.00,0.0,0,0.0,1411312,126,1.0000,2000.0,5074726,5066608,524304,0
1782883553,5393266064,5228396544,536870912,1428256,0,1998,2421,250535,250522,250522,1672517,811,8136,33,7.0,1.7,3.1,29.6,32.7,60.5,15.0,85.0,0.97,0,0,0.00,0.00,0.0,0.0,0.00,0.00,0.00,0.0,0,0.0,1413735,125,1.0000,2000.0,5082656,5074521,524304,524304
1782883554,5393277328,5228396544,536870912,1430678,0,1998,2423,250536,250523,250523,1674939,811,8200,33,7.0,2.5,6.5,25.4,31.9,122.0,15.0,85.0,0.97,0,0,0.00,0.00,0.0,0.0,0.00,0.00,0.00,0.0,0,0.0,1416160,125,1.0000,2000.0,5090642,5082443,524304,524304
1782883555,5393264288,5228396544,536870912,1433098,0,1998,2421,250536,250523,250523,1677359,812,8125,34,7.1,1.8,6.9,25.4,32.3,121.0,14.9,85.1,0.97,0,0,0.00,0.00,0.0,0.0,0.00,0.00,0.00,0.0,0,0.0,1418582,124,1.0000,2000.0,5098484,5090359,524304,0
1782883556,5393274992,5228396544,536870912,1435516,0,1997,2419,250536,250523,250523,1679777,812,8183,35,7.1,2.5,5.9,25.6,31.5,121.0,14.9,85.1,0.97,0,0,0.00,0.00,0.0,0.0,0.00,0.00,0.00,0.0,0,0.0,1421001,123,1.0000,2000.0,5106446,5098264,524304,524304
1782883558,5393278192,5228396544,536870912,1437936,0,1997,2421,250537,250524,250524,1682197,812,8204,34,7.1,3.0,5.0,26.1,31.1,61.0,14.9,85.1,0.97,0,0,0.00,0.00,0.0,0.0,0.00,0.00,0.00,0.0,0,0.0,1423423,124,1.0000,2000.0,5114380,5106176,524304,0
1782883559,5393263936,5228396544,536870912,1440404,0,1998,2469,250537,250524,250524,1684665,812,8123,34,7.0,1.9,7.7,25.5,33.2,123.0,14.9,85.1,0.97,0,0,0.00,0.00,0.0,0.0,0.00,0.00,0.00,0.0,0,0.0,1425893,124,1.0000,2000.0,5122370,5114247,524304,0
1782883560,5393240496,5228396544,536870912,1442866,0,1998,2463,250537,250524,250524,1687127,812,7987,35,7.2,2.8,7.5,26.4,33.9,123.0,14.8,85.2,0.97,0,0,0.00,0.00,0.0,0.0,0.00,0.00,0.00,0.0,0,0.0,1428358,123,1.0000,2000.0,5130282,5122296,524304,524304
1782883561,5393255512,5228396544,536870912,1445298,0,1999,2433,250538,250525,250525,1689559,812,8075,34,7.2,2.2,5.5,27.5,33.0,121.0,14.8,85.2,0.97,0,0,0.00,0.00,0.0,0.0,0.00,0.00,0.00,0.0,0,0.0,1430791,125,1.0000,2000.0,5138300,5130225,524304,0
1782883562,5393262528,5228396544,536870912,1447723,0,1997,2426,250539,250526,250526,1691984,812,8115,34,7.1,2.7,4.8,28.0,32.8,122.0,14.8,85.2,0.97,0,0,0.00,0.00,0.0,0.0,0.00,0.00,0.00,0.0,0,0.0,1433217,124,1.0000,2000.0,5146255,5138140,524304,0
1782883564,5393253896,5228396544,536870912,1450146,0,1996,2424,250539,250526,250526,1694407,814,8064,36,7.0,2.1,7.8,24.7,32.5,60.5,14.8,85.2,0.97,0,0,0.00,0.00,0.0,0.0,0.00,0.00,0.00,0.0,0,0.0,1435643,123,1.0000,2000.0,5154132,5146068,524304,0
1782883565,5393262144,5228396544,536870912,1452564,0,1998,2419,250539,250526,250526,1696825,814,8111,36,7.3,2.3,4.0,28.1,32.1,121.0,14.8,85.2,0.97,0,0,0.00,0.00,0.0,0.0,0.00,0.00,0.00,0.0,0,0.0,1438062,122,1.0000,2000.0,5162081,5153971,524304,524304
1782883566,5393265664,5228396544,536870912,1454977,0,1998,2414,250540,250527,250527,1699238,814,8131,36,7.5,3.4,9.8,21.8,31.6,121.0,14.7,85.3,0.97,0,0,0.00,0.00,0.0,0.0,0.00,0.00,0.00,0.0,0,0.0,1440477,122,1.0000,2000.0,5169999,5161868,524304,0
1782883567,5393279568,5228396544,536870912,1457391,0,2000,2415,250540,250527,250527,1701652,814,8210,36,7.5,2.9,3.9,27.6,31.5,120.0,14.7,85.3,0.97,0,0,0.00,0.00,0.0,0.0,0.00,0.00,0.00,0.0,0,0.0,1442893,122,1.0000,2000.0,5177979,5169769,524304,0
1782883568,5393271264,5228396544,536870912,1459801,0,1998,2411,250540,250527,250527,1704062,814,8160,37,7.2,2.6,8.2,22.7,30.9,121.0,14.7,85.3,0.97,0,0,0.00,0.00,0.0,0.0,0.00,0.00,0.00,0.0,0,0.0,1445305,121,1.0000,2000.0,5185816,5177657,524304,524304
1782883570,5393282384,5228396544,536870912,1462217,0,1998,2417,250541,250528,250528,1706478,814,8226,36,6.9,3.3,5.4,25.8,31.2,60.5,14.7,85.3,0.97,0,0,0.00,0.00,0.0,0.0,0.00,0.00,0.00,0.0,0,0.0,1447723,122,1.0000,2000.0,5193785,5185559,524304,0
1782883571,5393277808,5228396544,536870912,1464630,0,1998,2414,250541,250528,250528,1708891,814,8200,36,7.0,3.2,3.5,27.6,31.1,121.0,14.7,85.3,0.97,0,0,0.00,0.00,0.0,0.0,0.00,0.00,0.00,0.0,0,0.0,1450140,122,1.0000,2000.0,5201659,5193460,524304,524304
1782883572,5393281328,5228396544,536870912,1467042,0,1999,2413,250541,250528,250528,1711303,814,8220,36,7.2,3.7,2.7,28.6,31.3,120.0,14.6,85.4,0.97,0,0,0.00,0.00,0.0,0.0,0.00,0.00,0.00,0.0,0,0.0,1452552,122,1.0000,2000.0,5209563,5201343,524304,0
1782883573,5393274992,5228396544,536870912,1469452,0,1998,2411,250541,250528,250528,1713713,814,8184,36,6.9,2.6,3.0,28.1,31.1,121.0,14.6,85.4,0.97,0,0,0.00,0.00,0.0,0.0,0.00,0.00,0.00,0.0,0,0.0,1454964,122,1.0000,2000.0,5217412,5209228,524304,0
1782883575,5393273936,5228396544,536870912,1471864,0,2000,2413,250541,250528,250528,1716125,814,8178,36,7.3,2.8,3.4,27.3,30.7,60.5,14.6,85.4,0.97,0,0,0.00,0.00,0.0,0.0,0.00,0.00,0.00,0.0,0,0.0,1457380,122,1.0000,2000.0,5225306,5217129,524304,524304
1782883576,5393274640,5228396544,536870912,1474277,0,1999,2414,250541,250528,250528,1718538,814,8182,36,6.9,3.6,2.2,28.9,31.1,120.0,14.6,85.4,0.97,0,0,0.00,0.00,0.0,0.0,0.00,0.00,0.00,0.0,0,0.0,1459794,122,1.0000,2000.0,5233199,5225018,524304,524304
1782883577,5393274816,5228396544,536870912,1476690,0,1999,2414,250541,250528,250528,1720951,814,8183,36,6.9,3.3,2.3,28.4,30.7,121.0,14.6,85.4,0.97,0,0,0.00,0.00,0.0,0.0,0.00,0.00,0.00,0.0,0,0.0,1462210,122,1.0000,2000.0,5241098,5232916,524304,524304
1782883578,5393274112,5228396544,536870912,1479101,0,1998,2412,250541,250528,250528,1723362,814,8179,36,7.0,3.5,5.6,25.1,30.7,121.0,14.5,85.5,0.97,0,0,0.00,0.00,0.0,0.0,0.00,0.00,0.00,0.0,0,0.0,1464621,122,1.0000,2000.0,5248984,5240806,524304,524304
1782883579,5393286432,5228396544,536870912,1481509,0,1998,2409,250541,250528,250528,1725770,814,8249,36,7.3,3.8,2.5,28.7,31.2,120.0,14.5,85.5,0.97,0,0,0.00,0.00,0.0,0.0,0.00,0.00,0.00,0.0,0,0.0,1467032,122,1.0000,2000.0,5256939,5248690,524304,0
1782883581,5393288544,5228396544,536870912,1483920,0,1998,2412,250541,250528,250528,1728181,814,8261,36,6.9,5.0,0.0,31.5,31.5,60.5,14.5,85.5,0.97,0,0,0.00,0.00,0.0,0.0,0.00,0.00,0.00,0.0,0,0.0,1469445,122,1.0000,2000.0,5264847,5256586,524304,0
1782883582,5393300288,5228396544,536870912,1486326,0,1997,2407,250541,250528,250528,1730587,815,8324,38,7.1,3.4,2.5,28.0,30.5,120.0,14.5,85.5,0.97,0,0,0.00,0.00,0.0,0.0,0.00,0.00,0.00,0.0,0,0.0,1471854,120,1.0000,2000.0,5272798,5264474,524304,0
1782883583,5393292224,5228396544,536870912,1488736,0,1999,2411,250542,250529,250529,1732997,815,8281,37,7.2,3.9,0.4,30.1,30.5,121.0,14.5,85.5,0.97,0,0,0.00,0.00,0.0,0.0,0.00,0.00,0.00,0.0,0,0.0,1474264,121,1.0000,2000.0,5280635,5272354,524304,0
1782883584,5392236608,5228396544,536870912,1491143,0,1998,2408,250542,250529,250529,1735404,815,8241,37,7.1,3.9,2.3,28.6,30.9,120.0,14.4,85.6,0.97,0,0,0.00,0.00,0.0,0.0,0.00,0.00,0.00,0.0,0,0.0,1476674,121,1.0000,2000.0,5288479,5280239,524304,524304
1782883585,5393286064,5229314048,536870912,1493550,0,1999,2408,250544,250531,250531,1737811,815,8246,37,6.7,2.9,1.2,29.7,30.9,121.0,14.4,85.6,0.97,0,0,0.00,0.00,0.0,0.0,0.00,0.00,0.00,0.0,0,0.0,1479084,121,1.0000,2000.0,5296360,5288114,524304,0
1782883587,5393288672,5229314048,536870912,1495958,0,1999,2409,250544,250531,250531,1740219,815,8258,38,6.9,2.9,1.6,29.8,31.4,60.0,14.4,85.6,0.97,0,0,0.00,0.00,0.0,0.0,0.00,0.00,0.00,0.0,0,0.0,1481492,120,1.0000,2000.0,5304242,5295985,524304,524304
1782883588,5393281104,5228756992,536870912,1498364,0,1998,2407,250545,250532,250532,1742625,815,8215,38,6.9,3.2,5.1,25.3,30.4,121.0,14.4,85.6,0.97,0,0,0.00,0.00,0.0,0.0,0.00,0.00,0.00,0.0,0,0.0,1483900,120,1.0000,2000.0,5312064,5303849,524304,0
1782883589,5393295216,5228756992,536870912,1500771,0,1999,2408,250546,250533,250533,1745032,815,8298,37,7.0,3.6,2.3,28.2,30.5,120.0,14.4,85.6,0.97,0,0,0.00,0.00,0.0,0.0,0.00,0.00,0.00,0.0,0,0.0,1486311,121,1.0000,2000.0,5320020,5311723,524304,524304
1782883590,5393280104,5228756992,536870912,1503181,0,2000,2411,250546,250533,250533,1747442,815,8212,37,7.3,2.4,6.5,23.7,30.2,121.0,14.3,85.7,0.97,0,0,0.00,0.00,0.0,0.0,0.00,0.00,0.00,0.0,0,0.0,1488723,122,1.0000,2000.0,5327813,5319601,524304,0
1782883591,5393287472,5228756992,536870912,1505589,0,2000,2409,250546,250533,250533,1749850,815,8254,37,6.9,3.1,1.3,29.3,30.6,120.0,14.3,85.7,0.97,0,0,0.00,0.00,0.0,0.0,0.00,0.00,0.00,0.0,0,0.0,1491132,121,1.0000,2000.0,5335725,5327471,524304,0
1782883593,5393279552,5228756992,536870912,1507998,0,1998,2410,250546,250533,250533,1752259,815,8209,37,7.2,3.4,5.0,25.2,30.2,60.5,14.3,85.7,0.97,0,0,0.00,0.00,0.0,0.0,0.00,0.00,0.00,0.0,0,0.0,1493542,121,1.0000,2000.0,5343552,5335343,524304,0
1782883594,5393277792,5228756992,536870912,1510402,0,1999,2405,250546,250533,250533,1754663,815,8199,37,6.8,2.9,4.8,25.8,30.6,120.0,14.3,85.7,0.97,0,0,0.00,0.00,0.0,0.0,0.00,0.00,0.00,0.0,0,0.0,1495950,121,1.0000,2000.0,5351410,5343212,524304,524304
1782883595,5393279504,5228756992,536870912,1512806,0,1996,2405,250546,250533,250533,1757067,816,8205,39,7.2,3.3,5.1,25.5,30.6,120.0,14.3,85.7,0.97,0,0,0.00,0.00,0.0,0.0,0.00,0.00,0.00,0.0,0,0.0,1498354,119,1.0000,2000.0,5359278,5351073,524304,0
1782883596,5393272672,5228756992,536870912,1515215,0,1997,2410,250547,250534,250534,1759476,816,8169,38,6.9,3.1,3.6,27.8,31.4,121.0,14.2,85.8,0.97,0,0,0.00,0.00,0.0,0.0,0.00,0.00,0.00,0.0,0,0.0,1500766,120,1.0000,2000.0,5367109,5358941,524304,524304
1782883597,5393274080,5228756992,536870912,1517622,0,1997,2408,250547,250534,250534,1761883,816,8177,38,6.8,3.1,1.0,30.7,31.7,120.0,14.2,85.8,0.97,0,0,0.00,0.00,0.0,0.0,0.00,0.00,0.00,0.0,0,0.0,1503176,120,1.0000,2000.0,5374987,5366811,524304,524304
1782883599,5393248560,5228756992,536870912,1520029,0,1998,2408,250547,250534,250534,1764290,816,8032,38,7.3,2.4,10.5,20.8,31.3,60.5,14.2,85.8,0.97,0,0,0.00,0.00,0.0,0.0,0.00,0.00,0.00,0.0,0,0.0,1505585,120,1.0000,2000.0,5382710,5374678,524304,0
1782883600,5393276528,5228756992,536870912,1522439,0,1999,2411,250547,250534,250534,1766700,817,8190,39,7.1,2.8,6.8,24.0,30.8,121.0,14.2,85.8,0.97,0,0,0.00,0.00,0.0,0.0,0.00,0.00,0.00,0.0,0,0.0,1507997,119,1.0000,2000.0,5390745,5382556,524304,524304
1782883601,5393261920,5228756992,536870912,1524847,0,1998,2409,250547,250534,250534,1769108,817,8107,39,7.2,2.4,10.0,22.1,32.1,120.0,14.2,85.8,0.97,0,0,0.00,0.00,0.0,0.0,0.00,0.00,0.00,0.0,0,0.0,1510407,119,1.0000,2000.0,5398526,5390419,524304,0
1782883602,5393256992,5228756992,536870912,1527256,0,1999,2410,250547,250534,250534,1771517,817,8079,39,6.7,2.4,4.3,28.4,32.7,121.0,14.1,85.9,0.97,0,0,0.00,0.00,0.0,0.0,0.00,0.00,0.00,0.0,0,0.0,1512818,119,1.0000,2000.0,5406364,5398286,524304,524304
1782883603,5393269136,5228756992,536870912,1529666,0,1997,2411,250547,250534,250534,1773927,817,8148,39,7.5,2.9,10.4,21.1,31.5,120.0,14.1,85.9,0.97,0,0,0.00,0.00,0.0,0.0,0.00,0.00,0.00,0.0,0,0.0,1515229,119,1.0000,2000.0,5414301,5406153,524304,0
1782883605,5393272128,5228756992,536870912,1532075,0,1998,2410,250548,250535,250535,1776336,817,8165,39,7.0,4.1,6.4,25.0,31.4,60.5,14.1,85.9,0.97,0,0,0.00,0.00,0.0,0.0,0.00,0.00,0.00,0.0,0,0.0,1517639,119,1.0000,2000.0,5422186,5414022,524304,524304
1782883606,5393281104,5228756992,536870912,1534483,0,1998,2409,250548,250535,250535,1778744,817,8216,39,7.1,2.2,10.9,20.5,31.4,120.0,14.1,85.9,0.97,0,0,0.00,0.00,0.0,0.0,0.00,0.00,0.00,0.0,0,0.0,1520051,119,1.0000,2000.0,5430108,5421893,524304,524304
1782883607,5393273008,5228756992,536870912,1536896,0,2000,2414,250548,250535,250535,1781157,817,8170,39,7.5,3.6,4.3,27.4,31.7,121.0,14.1,85.9,0.97,0,0,0.00,0.00,0.0,0.0,0.00,0.00,0.00,0.0,0,0.0,1522464,119,1.0000,2000.0,5437937,5429767,524304,0
1782883608,5393267728,5228756992,536870912,1539304,0,1998,2409,250548,250535,250535,1783565,817,8140,39,7.4,2.3,6.7,24.4,31.1,120.0,14.0,86.0,0.97,0,0,0.00,0.00,0.0,0.0,0.00,0.00,0.00,0.0,0,0.0,1524874,119,1.0000,2000.0,5445780,5437641,524304,524304
1782883609,5393279136,5228756992,536870912,1541704,0,1997,2401,250548,250535,250535,1785965,817,8202,40,7.2,2.6,5.1,25.3,30.4,121.0,14.0,86.0,0.97,0,0,0.00,0.00,0.0,0.0,0.00,0.00,0.00,0.0,0,0.0,1527278,118,1.0000,2000.0,5453700,5445499,524304,524304
1782883611,5393261040,5228756992,536870912,1544114,0,1998,2411,250549,250536,250536,1788375,818,8102,39,7.0,2.8,5.7,25.7,31.4,60.5,14.0,86.0,0.97,0,0,0.00,0.00,0.0,0.0,0.00,0.00,0.00,0.0,0,0.0,1529688,119,1.0000,2000.0,5461453,5453352,524304,524304
1782883612,5393250304,5228756992,536870912,1546558,0,1999,2445,250549,250536,250536,1790819,818,8041,39,6.9,2.6,5.4,29.0,34.4,122.0,14.0,86.0,0.97,0,0,0.00,0.00,0.0,0.0,0.00,0.00,0.00,0.0,0,0.0,1532135,119,1.0000,2000.0,5469330,5461290,524304,524304
1782883613,5393253296,5228756992,536870912,1548978,0,1997,2421,250549,250536,250536,1793239,818,8058,39,7.2,2.6,9.6,23.1,32.7,121.0,14.0,86.0,0.97,0,0,0.00,0.00,0.0,0.0,0.00,0.00,0.00,0.0,0,0.0,1534558,119,1.0000,2000.0,5477238,5469181,524304,524304
1782883614,5393254704,5228756992,536870912,1551402,0,1998,2425,250549,250536,250536,1795663,818,8066,39,7.4,2.5,9.5,22.8,32.3,121.0,14.0,86.0,0.97,0,0,0.00,0.00,0.0,0.0,0.00,0.00,0.00,0.0,0,0.0,1536983,119,1.0000,2000.0,5485147,5477082,524304,524304
1782883616,5393259776,5228756992,536870912,1553821,0,1998,2420,250549,250536,250536,1798082,818,8092,40,7.2,2.3,10.4,22.1,32.5,60.5,13.9,86.1,0.97,0,0,0.00,0.00,0.0,0.0,0.00,0.00,0.00,0.0,0,0.0,1539403,118,1.0000,2000.0,5493059,5484968,524304,524304
1782883617,5393250328,5228756992,536870912,1556241,0,1998,2421,250551,250538,250538,1800502,819,8041,39,7.0,1.4,6.1,26.6,32.7,121.0,13.9,86.1,0.97,0,0,0.00,0.00,0.0,0.0,0.00,0.00,0.00,0.0,0,0.0,1541827,120,1.0000,2000.0,5500905,5492864,524304,0
1782883618,5393265088,5228265472,536870912,1558662,0,2000,2422,250551,250538,250538,1802923,819,8125,39,7.0,2.3,7.5,24.7,32.2,123.0,13.9,86.1,0.97,0,0,0.00,0.00,0.0,0.0,0.00,0.00,0.00,0.0,0,0.0,1544249,119,1.0000,2000.0,5508889,5500764,524304,0
1782883619,5393247136,5228265472,536870912,1561137,0,2000,2476,250552,250539,250539,1805398,819,8023,39,7.0,2.4,9.4,24.2,33.6,122.0,13.9,86.1,0.97,0,0,0.00,0.00,0.0,0.0,0.00,0.00,0.00,0.0,0,0.0,1546725,119,1.0000,2000.0,5516862,5508839,524304,0
1782883620,5393274240,5228265472,536870912,1563550,0,1998,2414,250552,250539,250539,1807811,819,8177,39,7.2,2.9,5.0,27.0,32.0,121.0,13.9,86.1,0.97,0,0,0.00,0.00,0.0,0.0,0.00,0.00,0.00,0.0,0,0.0,1549141,119,1.0000,2000.0,5524904,5516727,524304,0
1782883622,5393246720,5228265472,536870912,1565977,0,1997,2428,250552,250539,250539,1810238,819,8015,41,6.9,3.1,0.8,33.7,34.5,61.0,13.8,86.2,0.97,0,0,0.00,0.00,0.0,0.0,0.00,0.00,0.00,0.0,0,0.0,1551569,117,1.0000,2000.0,5532642,5524628,524304,524304
1782883623,5393254144,5228265472,536870912,1568403,0,1996,2427,250556,250543,250543,1812664,821,8060,40,7.0,2.8,1.4,32.0,33.4,121.0,13.8,86.2,0.97,0,0,0.00,0.00,0.0,0.0,0.00,0.00,0.00,0.0,0,0.0,1553999,118,1.0000,2000.0,5540586,5532527,524304,524304
1782883624,5393257344,5228265472,536870912,1570829,0,1999,2427,250557,250544,250544,1815090,821,8081,39,7.0,2.4,4.2,28.8,33.0,121.0,13.8,86.2,0.97,0,0,0.00,0.00,0.0,0.0,0.00,0.00,0.00,0.0,0,0.0,1556427,119,1.0000,2000.0,5548524,5540443,524304,0
1782883625,5393254704,5228265472,536870912,1573250,0,1999,2422,250557,250544,250544,1817511,821,8066,39,6.9,2.2,3.2,29.2,32.4,122.0,13.8,86.2,0.97,0,0,0.00,0.00,0.0,0.0,0.00,0.00,0.00,0.0,0,0.0,1558850,119,1.0000,2000.0,5556417,5548352,524304,524304
1782883626,5393256992,5228265472,536870912,1575674,0,1998,2425,250557,250544,250544,1819935,821,8079,39,7.0,2.8,8.8,23.3,32.1,121.0,13.8,86.2,0.97,0,0,0.00,0.00,0.0,0.0,0.00,0.00,0.00,0.0,0,0.0,1561276,119,1.0000,2000.0,5564346,5556267,524304,0
1782883628,5393271096,5228265472,536870912,1578100,0,2000,2427,250557,250544,250544,1822361,821,8159,39,6.8,3.3,2.6,29.8,32.4,60.5,13.7,86.3,0.97,0,0,0.00,0.00,0.0,0.0,0.00,0.00,0.00,0.0,0,0.0,1563704,120,1.0000,2000.0,5572340,5564181,524304,0
1782883629,5393267344,5228265472,536870912,1580516,0,1998,2417,250557,250544,250544,1824777,821,8135,40,6.6,2.9,1.1,31.4,32.5,121.0,13.7,86.3,0.97,0,0,0.00,0.00,0.0,0.0,0.00,0.00,0.00,0.0,0,0.0,1566120,118,1.0000,2000.0,5580205,5572070,524304,0
1782883630,5393260512,5228265472,536870912,1582930,0,1998,2415,250558,250545,250545,1827191,821,8099,39,7.0,3.5,4.4,27.9,32.3,121.0,13.7,86.3,0.97,0,0,0.00,0.00,0.0,0.0,0.00,0.00,0.00,0.0,0,0.0,1568538,119,1.0000,2000.0,5588062,5579964,524304,524304
1782883631,5393266112,5228265472,536870912,1585356,0,1996,2427,250558,250545,250545,1829617,821,8128,40,6.8,2.3,3.2,29.7,32.9,122.0,13.7,86.3,0.97,0,0,0.00,0.00,0.0,0.0,0.00,0.00,0.00,0.0,0,0.0,1570966,118,1.0000,2000.0,5596013,5587886,524304,524304
1782883633,5393253824,5228265472,536870912,1587794,0,1998,2439,250560,250547,250547,1832055,834,8061,39,6.9,2.3,3.5,30.3,33.8,60.5,13.7,86.3,0.97,0,0,0.00,0.00,0.0,0.0,0.00,0.00,0.00,0.0,0,0.0,1573406,119,1.0000,2000.0,5603890,5595830,524304,524304
1782883634,5393247488,5228265472,536870912,1590217,0,2003,2424,250560,250547,250547,1834478,834,8025,39,7.2,3.2,4.0,30.1,34.1,122.0,13.7,86.3,0.97,0,0,0.00,0.00,0.0,0.0,0.00,0.00,0.00,0.0,0,0.0,1575829,119,1.0000,2000.0,5611748,5603723,524304,0
1782883635,5393251536,5228265472,536870912,1592638,0,2000,2422,250560,250547,250547,1836899,834,8048,39,7.2,2.6,5.9,27.7,33.6,121.0,13.6,86.4,0.97,0,0,0.00,0.00,0.0,0.0,0.00,0.00,0.00,0.0,0,0.0,1578252,119,1.0000,2000.0,5619668,5611620,524304,0
1782883636,5393252208,5228265472,536870912,1595059,0,1996,2422,250560,250547,250547,1839320,834,8049,40,6.9,2.3,2.9,30.7,33.6,121.0,13.6,86.4,0.97,0,0,0.00,0.00,0.0,0.0,0.00,0.00,0.00,0.0,0,0.0,1580677,118,1.0000,2000.0,5627579,5619531,524304,524304
1782883637,5393246776,5228265472,536870912,1597474,0,1998,2416,250562,250549,250549,1841735,834,8018,40,7.3,2.0,8.1,24.5,32.6,121.0,13.6,86.4,0.97,0,0,0.00,0.00,0.0,0.0,0.00,0.00,0.00,0.0,0,0.0,1583093,119,1.0000,2000.0,5635424,5627407,524304,524304
1782883639,5393260368,5228265472,536870912,1599891,0,2000,2418,250563,250550,250550,1844152,834,8105,39,6.8,3.0,4.3,28.6,32.9,60.5,13.6,86.4,0.97,0,0,0.00,0.00,0.0,0.0,0.00,0.00,0.00,0.0,0,0.0,1585462,69,1.0000,2000.0,5643392,5635288,524304,524304
1782883640,5146207296,5228359680,536870912,1599976,0,737,86,251034,250551,250551,1844237,834,4487,24,7.4,6.4,4.8,1.0,5.8,115.0,13.6,86.4,0.99,173,2098,21.58,250.87,0.0,0.0,4.82,0.36,1.60,12.0,0,122.8,1585463,0,1.0000,2000.0,5646651,5642164,524304,0
1782883641,3925723760,5368639488,536870912,1599976,0,9,1,253362,250551,250551,1844237,834,4716,24,5.3,8.5,1.0,0.8,1.8,105.0,13.6,86.4,1.37,4801,9107,599.54,1088.09,0.0,0.0,6.65,0.35,35.15,69.0,0,124.3,1585463,0,1.0000,2000.0,5649902,5645186,524304,0
1782883642,3224196464,5076865024,536870912,1599976,0,0,1,254700,250551,250551,1844237,834,4485,24,5.1,8.2,1.2,1.2,2.4,95.0,13.6,86.4,1.53,7222,5477,899.97,654.94,0.0,2.0,5.73,0.35,43.28,62.0,2,125.4,1585463,0,1.0000,2000.0,5652962,5648477,524304,0
1782883643,2887608512,4575985664,536870912,1599976,0,0,1,255340,250551,250551,1844237,834,4484,24,2.2,7.6,0.0,0.9,0.9,36.0,13.6,86.4,1.58,4663,2446,581.18,292.15,0.0,0.0,5.34,0.31,25.66,30.0,0,125.8,1585463,0,1.0000,2000.0,5653601,5649117,524304,0
1782883644,2887608512,4279619584,536870912,1599976,0,0,1,255340,250551,250551,1844237,834,4484,24,1.2,6.6,0.1,0.4,0.5,2.0,13.6,86.4,1.48,143,0,17.84,0.00,0.0,0.0,2.90,0.00,0.41,0.0,0,127.7,1585463,0,1.0000,2000.0,5653601,5649117,524304,0
1782883646,2887608512,3875631104,536870912,1599976,0,0,1,255340,250551,250551,1844237,834,4484,24,1.2,6.8,0.1,0.4,0.5,3.0,13.6,86.4,1.34,141,2,17.41,0.01,0.0,1.0,3.43,0.00,0.48,1.0,0,124.8,1585463,0,1.0000,2000.0,5653601,5649117,524304,0
1782883647,2887608512,3475337216,536870912,1599976,0,0,1,255340,250551,250551,1844237,834,4484,24,1.5,6.5,0.1,0.4,0.5,2.0,13.6,86.4,1.20,142,0,17.39,0.00,0.0,0.0,3.58,0.00,0.51,1.0,0,125.4,1585463,0,1.0000,1500.0,5653601,5649117,524304,0
1782883648,2887608512,3145650176,536870912,1599976,0,0,1,255340,250551,250551,1844237,834,4484,24,1.0,6.7,0.1,0.5,0.6,3.0,13.6,86.4,1.09,139,0,17.27,0.00,0.0,0.0,2.79,0.00,0.39,0.0,0,127.2,1585463,0,1.0000,1500.0,5653601,5649117,524304,0
1782883649,2887608512,2924986368,536870912,1599976,0,0,1,255340,250551,250551,1844237,834,4484,24,1.5,6.4,0.1,0.5,0.6,4.0,13.6,86.4,1.01,140,0,17.12,0.00,0.0,0.0,3.37,0.00,0.47,0.0,0,125.2,1585463,0,1.0000,1500.0,5653601,5649117,524304,0
1782883650,2887608512,2825056256,536870912,1599976,0,0,1,255340,250551,250551,1844237,834,4484,24,1.3,6.2,0.5,0.0,0.5,2.0,13.6,86.4,0.98,140,0,17.39,0.00,0.0,0.0,2.89,0.00,0.41,0.0,0,127.2,1585463,0,1.0000,1500.0,5653601,5649117,524304,0
1782883651,2887608512,2805243904,536870912,1599976,0,0,1,255340,250551,250551,1844237,834,4484,24,1.1,6.6,0.5,0.0,0.5,3.0,13.6,86.4,0.97,139,0,17.14,0.00,0.0,0.0,3.54,0.00,0.49,0.0,0,126.3,1585463,0,1.0000,1500.0,5653601,5649117,524304,0
1782883652,2887608512,2805243904,536870912,1599976,0,0,1,255340,250551,250551,1844237,834,4484,24,1.4,6.1,0.5,0.0,0.5,3.0,13.6,86.4,0.97,139,0,17.33,0.00,0.0,0.0,2.95,0.00,0.41,0.0,0,127.7,1585463,0,1.0000,1500.0,5653601,5649117,524304,0
1782883654,2887608512,2805321728,536870912,1599976,0,0,1,255340,250551,250551,1844237,834,4484,24,1.3,6.4,0.5,0.0,0.5,1.5,13.6,86.4,0.97,136,0,16.98,0.00,0.0,0.0,2.71,0.00,0.37,0.0,0,127.8,1585463,0,1.0000,1500.0,5653601,5649117,524304,0
1782883655,2887608512,2805321728,536870912,1599976,0,0,1,255340,250551,250551,1844237,834,4484,24,1.3,6.3,0.5,0.0,0.5,4.0,13.6,86.4,0.97,137,0,17.08,0.00,0.0,0.0,2.78,0.00,0.38,0.0,0,127.6,1585463,0,1.0000,1500.0,5653601,5649117,524304,0
1782883656,2887608512,2805456896,536870912,1599976,0,0,1,255340,250551,250551,1844237,834,4484,24,1.5,6.1,0.3,0.3,0.6,3.0,13.6,86.4,0.97,137,0,17.08,0.00,0.0,0.0,2.94,0.00,0.40,1.0,0,127.6,1585463,0,1.0000,1500.0,5653601,5649117,524304,0
1782883657,2887608512,2805456896,536870912,1599976,0,0,1,255340,250551,250551,1844237,834,4484,24,1.0,6.3,0.1,0.4,0.5,3.0,13.6,86.4,0.97,138,0,17.01,0.00,0.0,0.0,3.45,0.00,0.48,0.0,0,126.2,1585463,0,1.0000,1500.0,5653601,5649117,524304,0
1782883658,2887608512,2805456896,536870912,1599976,0,0,1,255340,250551,250551,1844237,834,4484,24,0.9,6.6,0.1,0.4,0.5,3.0,13.6,86.4,0.97,138,0,16.90,0.00,0.0,0.0,3.29,0.00,0.45,1.0,0,125.4,1585463,0,1.0000,1500.0,5653601,5649117,524304,0
1782883659,2887608512,2805506048,536870912,1599976,0,0,1,255340,250551,250551,1844237,834,4484,24,1.0,6.6,0.5,0.0,0.5,3.0,13.6,86.4,0.97,131,0,16.26,0.00,0.0,0.0,2.90,0.00,0.38,0.0,0,127.1,1585463,0,1.0000,1500.0,5653601,5649117,524304,0
1782883660,2887608512,2805555200,536870912,1599976,0,0,1,255340,250551,250551,1844237,834,4484,24,1.2,6.7,0.5,0.0,0.5,3.0,13.6,86.4,0.97,138,0,17.04,0.00,0.0,0.0,2.92,0.00,0.40,1.0,0,126.5,1585463,0,1.0000,1500.0,5653601,5649117,524304,0
1782883662,2887608512,2803425280,536870912,1599976,0,0,1,255340,250551,250551,1844237,834,4484,24,1.4,6.6,0.1,0.4,0.5,2.0,13.6,86.4,0.97,68,0,8.39,0.00,0.0,0.0,2.90,0.00,0.20,0.5,0,125.5,1585463,0,1.0000,1500.0,5653601,5649117,524304,0
1782883663,2887608512,2803548160,536870912,1599976,0,0,1,255340,250551,250551,1844237,834,4484,24,1.7,6.2,0.1,0.4,0.5,3.0,13.6,86.4,0.97,268,0,33.07,0.00,0.0,0.0,3.09,0.00,0.83,1.0,0,126.4,1585463,0,1.0000,1500.0,5653601,5649117,524304,0
1782883664,2887608512,2803548160,536870912,1599976,0,0,1,255340,250551,250551,1844237,834,4484,24,0.9,6.7,0.1,0.4,0.5,3.0,13.6,86.4,0.97,135,0,16.68,0.00,0.0,0.0,3.30,0.00,0.45,0.0,0,126.5,1585463,0,1.0000,1500.0,5653601,5649117,524304,0
1782883665,2887608512,2803548160,536870912,1599976,0,0,1,255340,250551,250551,1844237,834,4484,24,2.0,6.1,0.1,0.5,0.6,3.0,13.6,86.4,0.97,134,0,16.70,0.00,0.0,0.0,2.81,0.00,0.38,0.0,0,127.6,1585463,0,1.0000,1500.0,5653601,5649117,524304,0
1782883666,2887608512,2803548160,536870912,1599976,0,0,1,255340,250551,250551,1844237,834,4484,24,1.1,6.6,0.5,0.0,0.5,3.0,13.6,86.4,0.97,135,0,16.68,0.00,0.0,0.0,2.83,0.00,0.38,0.0,0,126.5,1585463,0,1.0000,1500.0,5653601,5649117,524304,0
1782883667,2887608512,2803548160,536870912,1599976,0,0,1,255340,250551,250551,1844237,834,4484,24,1.4,6.2,0.3,0.2,0.5,4.0,13.6,86.4,0.97,134,0,16.62,0.00,0.0,0.0,2.75,0.00,0.37,1.0,0,127.0,1585463,0,1.0000,1500.0,5653601,5649117,524304,0
1782883668,2887608512,2803572736,536870912,1599976,0,0,1,255340,250551,250551,1844237,834,4484,24,0.9,6.9,0.5,0.0,0.5,3.0,13.6,86.4,0.97,133,0,16.50,0.00,0.0,0.0,2.76,0.00,0.37,1.0,0,127.1,1585463,0,1.0000,1500.0,5653601,5649117,524304,0
1782883670,2887608512,2803572736,536870912,1599976,0,0,1,255340,250551,250551,1844237,834,4484,24,1.4,6.6,0.3,0.2,0.5,1.5,13.6,86.4,0.97,90,0,11.20,0.00,0.0,0.0,2.44,0.00,0.22,0.0,42,126.7,1585463,0,1.0000,1500.0,5653601,5649117,524304,0
1782883671,2887608512,2802921472,536870912,1599976,0,0,1,255340,250551,250551,1844237,834,4484,24,1.4,6.5,0.5,0.0,0.5,3.0,13.6,86.4,0.97,212,0,26.42,0.00,0.0,0.0,3.10,0.00,0.66,0.0,0,127.6,1585463,0,1.0000,1500.0,5653601,5649117,524304,0
1782883672,2887608512,2803314688,536870912,1599976,0,0,1,255340,250551,250551,1844237,834,4484,24,1.1,6.5,0.5,0.0,0.5,3.0,13.6,86.4,0.97,130,0,16.05,0.00,0.0,0.0,2.85,0.00,0.37,0.0,0,126.4,1585463,0,1.0000,1500.0,5653601,5649117,524304,0
1782883673,2887608512,2803314688,536870912,1599976,0,0,1,255340,250551,250551,1844237,834,4484,24,1.5,6.1,0.5,0.0,0.5,3.0,13.6,86.4,0.97,130,0,16.18,0.00,0.0,0.0,2.80,0.00,0.36,0.0,0,127.4,1585463,0,1.0000,1500.0,5653601,5649117,524304,0
1782883674,2887608512,2803396608,536870912,1599976,0,0,1,255340,250551,250551,1844237,834,4484,24,1.1,6.7,0.4,0.1,0.5,2.0,13.6,86.4,0.97,128,0,15.78,0.00,0.0,0.0,3.30,0.00,0.42,0.0,0,126.2,1585463,0,1.0000,1500.0,5653601,5649117,524304,0
1782883675,2887608512,2803396608,536870912,1599976,0,0,1,255340,250551,250551,1844237,834,4484,24,1.4,6.3,0.0,0.5,0.5,3.0,13.6,86.4,0.97,131,0,16.33,0.00,0.0,0.0,2.79,0.00,0.36,1.0,0,127.7,1585463,0,1.0000,1500.0,5653601,5649117,524304,0
1782883676,2887608512,2803396608,536870912,1599976,0,0,1,255340,250551,250551,1844237,834,4484,24,1.6,6.3,0.0,0.6,0.6,4.0,13.6,86.4,0.97,130,1,15.84,0.00,0.0,0.0,3.80,0.00,0.49,1.0,0,123.8,1585463,0,1.0000,1500.0,5653601,5649117,524304,0
1782883678,2887608512,2803396608,536870912,1599976,0,0,1,255340,250551,250551,1844237,834,4484,24,1.3,6.5,0.0,0.5,0.5,2.0,13.6,86.4,0.97,126,0,15.75,0.00,0.0,0.0,2.60,0.00,0.33,0.5,0,127.5,1585463,0,1.0000,1500.0,5653601,5649117,524304,0
1782883679,2887608512,2803396608,536870912,1599976,0,0,1,255340,250551,250551,1844237,834,4484,24,1.3,6.5,0.0,0.6,0.6,3.0,13.6,86.4,0.97,129,0,16.05,0.00,0.0,0.0,2.57,0.00,0.33,1.0,0,127.4,1585463,0,1.0000,1500.0,5653601,5649117,524304,0
1782883680,2887608512,2803396608,536870912,1599976,0,0,1,255340,250551,250551,1844237,834,4484,24,1.2,6.8,0.0,0.6,0.6,2.0,13.6,86.4,0.97,127,0,15.85,0.00,0.0,0.0,2.61,0.00,0.33,1.0,0,127.8,1585463,0,1.0000,1500.0,5653601,5649117,524304,0
1782883681,2887608512,2803396608,536870912,1599976,0,0,1,255340,250551,250551,1844237,834,4484,24,1.4,6.2,0.0,0.5,0.5,3.0,13.6,86.4,0.97,126,0,15.61,0.00,0.0,0.0,2.79,0.00,0.35,0.0,0,126.9,1585463,0,1.0000,1500.0,5653601,5649117,524304,0
1782883682,2887608512,2802892800,536870912,1599976,0,0,1,255340,250551,250551,1844237,834,4484,24,1.4,6.1,0.0,0.5,0.5,3.0,13.6,86.4,0.97,123,0,15.32,0.00,0.0,0.0,2.65,0.00,0.33,0.0,0,127.6,1585463,0,1.0000,1500.0,5653601,5649117,524304,0
1782883683,2887608512,2803396608,536870912,1599976,0,0,1,255340,250551,250551,1844237,834,4484,24,1.0,6.6,0.0,0.5,0.5,4.0,13.6,86.4,0.97,128,0,15.96,0.00,0.0,0.0,2.58,0.00,0.33,0.0,0,127.7,1585463,0,1.0000,1500.0,5653601,5649117,524304,0
1782883685,2887608512,2803507200,536870912,1599976,0,0,1,255340,250551,250551,1844237,834,4484,24,1.2,6.7,0.5,0.0,0.5,1.5,13.6,86.4,0.97,62,0,7.79,0.00,0.0,0.0,2.55,0.00,0.16,0.0,0,127.7,1585463,0,1.0000,1500.0,5653601,5649117,524304,0
1782883686,2887608512,2803617792,536870912,1599976,0,0,1,255340,250551,250551,1844237,834,4484,24,1.3,6.3,0.5,0.0,0.5,3.0,13.6,86.4,0.97,252,0,31.31,0.00,0.0,0.0,2.57,0.00,0.65,1.0,0,127.2,1585463,0,1.0000,1500.0,5653601,5649117,524304,0
1782883687,2887608512,2803617792,536870912,1599976,0,0,1,255340,250551,250551,1844237,834,4484,24,1.0,6.5,0.5,0.0,0.5,3.0,13.6,86.4,0.97,126,0,15.63,0.00,0.0,0.0,2.64,0.00,0.33,0.0,0,127.0,1585463,0,1.0000,1500.0,5653601,5649117,524304,0
1782883688,2887608512,2803617792,536870912,1599976,0,0,1,255340,250551,250551,1844237,834,4484,24,1.2,6.4,0.5,0.0,0.5,3.0,13.6,86.4,0.97,125,0,15.55,0.00,0.0,0.0,2.54,0.00,0.32,0.0,0,127.4,1585463,0,1.0000,1500.0,5653601,5649117,524304,0
1782883689,2887608512,2803617792,536870912,1599976,0,0,1,255340,250551,250551,1844237,834,4484,24,1.1,6.6,0.1,0.4,0.5,3.0,13.6,86.4,0.97,124,0,15.44,0.00,0.0,0.0,2.48,0.00,0.31,0.0,0,127.5,1585463,0,1.0000,1500.0,5653601,5649117,524304,0
1782883690,2887608512,2803617792,536870912,1599976,0,0,1,255340,250551,250551,1844237,834,4484,24,1.4,6.2,0.1,0.4,0.5,3.0,13.6,86.4,0.97,123,0,15.27,0.00,0.0,0.0,2.49,0.00,0.30,1.0,0,127.2,1585463,0,1.0000,1500.0,5653601,5649117,524304,0
1782883691,2887608512,2803617792,536870912,1599976,0,0,1,255340,250551,250551,1844237,834,4484,24,1.3,6.5,0.0,0.5,0.5,3.0,13.6,86.4,0.97,125,0,15.55,0.00,0.0,0.0,2.58,0.00,0.32,0.0,0,127.4,1585463,0,1.0000,1500.0,5653601,5649117,524304,0
1782883693,2887608512,2803617792,536870912,1599976,0,0,1,255340,250551,250551,1844237,834,4484,24,1.4,6.1,0.0,0.5,0.5,1.5,13.6,86.4,0.97,123,0,15.38,0.00,0.0,0.0,2.55,0.00,0.32,0.5,0,127.5,1585463,0,1.0000,1500.0,5653601,5649117,524304,0
1782883694,2887608512,2803617792,536870912,1599976,0,0,1,255340,250551,250551,1844237,834,4484,24,1.0,6.8,0.0,0.5,0.5,3.0,13.6,86.4,0.97,122,0,15.13,0.00,0.0,0.0,2.59,0.00,0.32,0.0,0,127.0,1585463,0,1.0000,1500.0,5653601,5649117,524304,0
1782883695,2887608512,2803617792,536870912,1599976,0,0,1,255340,250551,250551,1844237,834,4484,24,1.1,6.4,0.5,0.0,0.5,4.0,13.6,86.4,0.97,122,0,15.22,0.00,0.0,0.0,2.51,0.00,0.31,0.0,0,127.8,1585463,0,1.0000,1500.0,5653601,5649117,524304,0
1782883696,2887608512,2803617792,536870912,1599976,0,0,1,255340,250551,250551,1844237,834,4484,24,1.0,6.7,0.2,0.3,0.5,2.0,13.6,86.4,0.97,123,0,15.28,0.00,0.0,0.0,2.43,0.00,0.30,0.0,0,127.2,1585463,0,1.0000,1500.0,5653601,5649117,524304,0
1782883697,2887608512,2803617792,536870912,1599976,0,0,1,255340,250551,250551,1844237,834,4484,24,1.4,6.3,0.1,0.4,0.5,3.0,13.6,86.4,0.97,123,0,15.29,0.00,0.0,0.0,2.46,0.00,0.30,0.0,0,127.3,1585463,0,1.0000,1500.0,5653601,5649117,524304,0
1782883698,2887608512,2803617792,536870912,1599976,0,0,1,255340,250551,250551,1844237,834,4484,24,1.1,6.7,0.1,0.4,0.5,3.0,13.6,86.4,0.97,123,0,15.25,0.00,0.0,0.0,2.47,0.00,0.30,0.0,0,127.0,1585463,0,1.0000,1500.0,5653601,5649117,524304,0
1782883700,2887608512,2803617792,536870912,1599976,0,0,1,255340,250551,250551,1844237,834,4484,24,1.1,6.8,0.0,0.5,0.5,1.5,13.6,86.4,0.97,122,0,15.17,0.00,0.0,0.0,2.50,0.00,0.30,0.0,0,127.3,1585463,0,1.0000,1500.0,5653601,5649117,524304,0
1782883701,2887608512,2803617792,536870912,1599976,0,0,1,255340,250551,250551,1844237,834,4484,24,1.5,6.3,0.5,0.0,0.5,3.0,13.6,86.4,0.97,120,0,14.97,0.00,0.0,0.0,2.44,0.00,0.29,0.0,0,127.2,1585463,0,1.0000,1500.0,5653601,5649117,524304,0
1782883702,2887608512,2803617792,536870912,1599976,0,0,1,255340,250551,250551,1844237,834,4484,24,1.7,6.1,0.2,0.3,0.5,3.0,13.6,86.4,0.97,118,0,14.67,0.00,0.0,0.0,2.43,0.00,0.29,0.0,0,127.3,1585463,0,1.0000,1500.0,5653601,5649117,524304,0
1782883703,2887608512,2803617792,536870912,1599976,0,0,1,255340,250551,250551,1844237,834,4484,24,1.2,6.7,0.1,0.4,0.5,4.0,13.6,86.4,0.97,120,0,14.90,0.00,0.0,0.0,2.47,0.00,0.30,0.0,0,127.1,1585463,0,1.0000,1500.0,5653601,5649117,524304,0
1782883704,2887608512,2803617792,536870912,1599976,0,0,1,255340,250551,250551,1844237,834,4484,24,1.2,6.6,0.0,0.5,0.5,3.0,13.6,86.4,0.97,119,0,14.61,0.00,0.0,0.0,2.89,0.00,0.34,1.0,0,125.7,1585463,0,1.0000,1500.0,5653601,5649117,524304,0
1782883705,2887608512,2803617792,536870912,1599976,0,0,1,255340,250551,250551,1844237,834,4484,24,1.2,6.8,0.6,0.0,0.6,2.0,13.6,86.4,0.97,119,0,14.75,0.00,0.0,0.0,2.39,0.00,0.28,0.0,0,126.9,1585463,0,1.0000,1500.0,5653601,5649117,524304,0
1782883706,2887608512,2803617792,536870912,1599976,0,0,1,255340,250551,250551,1844237,834,4484,24,1.3,6.2,0.4,0.1,0.5,3.0,13.6,86.4,0.97,115,0,14.37,0.00,0.0,0.0,2.40,0.00,0.28,0.0,0,127.9,1585463,0,1.0000,1500.0,5653601,5649117,524304,0
1782883708,2887608512,2803617792,536870912,1599976,0,0,1,255340,250551,250551,1844237,834,4484,24,1.2,6.8,0.1,0.4,0.5,2.0,13.6,86.4,0.97,60,0,7.46,0.00,0.0,0.0,2.49,0.00,0.15,0.0,0,127.3,1585463,0,1.0000,1500.0,5653601,5649117,524304,0
1782883709,2887608512,2803617792,536870912,1599976,0,0,1,255340,250551,250551,1844237,834,4484,24,1.1,6.8,0.0,0.5,0.5,3.0,13.6,86.4,0.97,232,0,28.87,0.00,0.0,0.0,2.40,0.00,0.56,0.0,0,127.4,1585463,0,1.0000,1500.0,5653601,5649117,524304,0
1782883710,2887608512,2803617792,536870912,1599976,0,0,1,255340,250551,250551,1844237,834,4484,24,1.3,6.6,0.0,0.5,0.5,2.0,13.6,86.4,0.97,111,0,13.87,0.00,0.0,0.0,2.41,0.00,0.27,0.0,0,128.0,1585463,0,1.0000,1500.0,5653601,5649117,524304,0
1782883711,2887608512,2803617792,536870912,1599976,0,0,1,255340,250551,250551,1844237,834,4484,24,1.0,6.8,0.1,0.4,0.5,3.0,13.6,86.4,0.97,119,0,14.75,0.00,0.0,0.0,2.41,0.00,0.29,1.0,0,126.9,1585463,0,1.0000,1500.0,5653601,5649117,524304,0
1782883712,2887608512,2803740672,536870912,1599976,0,0,1,255340,250551,250551,1844237,834,4484,24,1.1,6.6,0.5,0.0,0.5,3.0,13.6,86.4,0.97,117,0,14.60,0.00,0.0,0.0,2.49,0.00,0.29,1.0,0,127.8,1585463,0,1.0000,1500.0,5653601,5649117,524304,0
1782883713,2887608512,2803740672,536870912,1599976,0,0,1,255340,250551,250551,1844237,834,4484,24,1.4,6.2,0.3,0.2,0.5,3.0,13.6,86.4,0.97,116,0,14.40,0.00,0.0,0.0,2.36,0.00,0.27,1.0,0,127.1,1585463,0,1.0000,1500.0,5653601,5649117,524304,0
1782883714,2887608512,2803740672,536870912,1599976,0,0,1,255340,250551,250551,1844237,834,4484,24,1.1,6.5,0.1,0.4,0.5,4.0,13.6,86.4,0.97,114,0,14.16,0.00,0.0,0.0,2.34,0.00,0.27,1.0,0,127.2,1585463,0,1.0000,1500.0,5653601,5649117,524304,0
1782883716,2887608512,2803740672,536870912,1599976,0,0,1,255340,250551,250551,1844237,834,4484,24,1.5,6.1,0.5,0.0,0.5,1.5,13.6,86.4,0.97,94,0,11.57,0.00,0.0,0.0,2.50,0.00,0.23,0.5,22,126.0,1585463,0,1.0000,1500.0,5653601,5649117,524304,0
1782883717,2887608512,2803806208,536870912,1599976,0,0,1,255340,250551,250551,1844237,834,4484,24,1.1,6.6,0.5,0.1,0.6,3.0,13.6,86.4,0.97,157,0,19.48,0.00,0.0,0.0,2.66,0.00,0.42,2.0,0,127.0,1585463,0,1.0000,1500.0,5653601,5649117,524304,0
1782883718,2887608512,2803740672,536870912,1599976,0,0,1,255340,250551,250551,1844237,834,4484,24,1.1,6.8,0.1,0.5,0.6,3.0,13.6,86.4,0.97,116,0,14.26,0.00,0.0,0.0,2.36,0.00,0.27,1.0,0,125.9,1585463,0,1.0000,1500.0,5653601,5649117,524304,0
1782883719,2887608512,2803740672,536870912,1599976,0,0,1,255340,250551,250551,1844237,834,4484,24,1.0,7.1,0.5,0.0,0.5,3.0,13.6,86.4,0.97,115,0,14.30,0.00,0.0,0.0,2.34,0.00,0.27,1.0,0,127.3,1585463,0,1.0000,1500.0,5653601,5649117,524304,0
1782883720,2887608512,2803740672,536870912,1599976,0,0,1,255340,250551,250551,1844237,834,4484,24,1.0,6.6,0.5,0.1,0.6,2.0,13.6,86.4,0.97,115,0,14.30,0.00,0.0,0.0,2.49,0.00,0.29,1.0,0,127.3,1585463,0,1.0000,1500.0,5653601,5649117,524304,0
1782883721,2887608512,2803740672,536870912,1599976,0,0,1,255340,250551,250551,1844237,834,4484,24,1.1,6.5,0.5,0.0,0.5,3.0,13.6,86.4,0.97,116,0,14.26,0.00,0.0,0.0,2.87,0.00,0.33,1.0,0,125.9,1585463,0,1.0000,1500.0,5653601,5649117,524304,0
1782883723,2887608512,2803740672,536870912,1599976,0,0,1,255340,250551,250551,1844237,834,4484,24,1.7,6.1,0.5,0.0,0.5,1.5,13.6,86.4,0.97,114,0,14.17,0.00,0.0,0.0,2.32,0.00,0.26,1.0,0,127.3,1585463,0,1.0000,1500.0,5653601,5649117,524304,0
1782883724,2887608512,2803740672,536870912,1599976,0,0,1,255340,250551,250551,1844237,834,4484,24,1.1,6.7,0.1,0.4,0.5,4.0,13.6,86.4,0.97,110,0,13.72,0.00,0.0,0.0,2.30,0.00,0.25,1.0,0,127.2,1585463,0,1.0000,1500.0,5653601,5649117,524304,0
1782883725,2887608512,2803740672,536870912,1599976,0,0,1,255340,250551,250551,1844237,834,4484,24,1.1,6.5,0.1,0.5,0.6,3.0,13.6,86.4,0.97,115,0,14.18,0.00,0.0,0.0,2.35,0.00,0.27,1.0,0,126.2,1585463,0,1.0000,1500.0,5653601,5649117,524304,0
1782883726,2887608512,2803740672,536870912,1599976,0,0,1,255340,250551,250551,1844237,834,4484,24,1.3,6.9,0.1,0.4,0.5,3.0,13.6,86.4,0.97,112,0,13.93,0.00,0.0,0.0,2.23,0.00,0.25,1.0,0,127.4,1585463,0,1.0000,1500.0,5653601,5649117,524304,0
1782883727,2887608512,2803740672,536870912,1599976,0,0,1,255340,250551,250551,1844237,834,4484,24,1.1,6.4,0.5,0.0,0.5,2.0,13.6,86.4,0.97,110,0,13.65,0.00,0.0,0.0,2.22,0.00,0.24,1.0,0,127.1,1585463,0,1.0000,1500.0,5653601,5649117,524304,0
1782883728,2887608512,2803740672,536870912,1599976,0,0,1,255340,250551,250551,1844237,834,4484,24,1.5,6.4,0.5,0.0,0.5,3.0,13.6,86.4,0.97,112,0,13.80,0.00,0.0,0.0,2.69,0.00,0.30,1.0,0,126.2,1585463,0,1.0000,1500.0,5653601,5649117,524304,0
1782883729,2887608512,2803617792,536870912,1599976,0,0,1,255340,250551,250551,1844237,834,4484,24,1.3,6.3,0.1,0.4,0.5,4.0,13.6,86.4,0.97,112,0,13.92,0.00,0.0,0.0,2.46,0.00,0.28,1.0,0,127.2,1585463,0,1.0000,1500.0,5653601,5649117,524304,0
1782883731,2887608512,2803617792,536870912,1599976,0,0,1,255340,250551,250551,1844237,834,4484,24,1.4,6.5,0.5,0.0,0.5,1.5,13.6,86.4,0.97,54,0,6.76,0.00,0.0,0.0,2.23,0.00,0.12,0.5,0,127.0,1585463,0,1.0000,1500.0,5653601,5649117,524304,0
1782883732,2887608512,2803617792,536870912,1599976,0,0,1,255340,250551,250551,1844237,834,4484,24,1.5,6.3,0.5,0.0,0.5,3.0,13.6,86.4,0.97,218,0,27.10,0.00,0.0,0.0,2.24,0.00,0.49,2.0,0,127.3,1585463,0,1.0000,1500.0,5653601,5649117,524304,0
1782883733,2887608512,2803617792,536870912,1599976,0,0,1,255340,250551,250551,1844237,834,4484,24,1.0,6.5,0.5,0.0,0.5,3.0,13.6,86.4,0.97,109,0,13.51,0.00,0.0,0.0,2.17,0.00,0.24,1.0,0,126.9,1585463,0,1.0000,1500.0,5653601,5649117,524304,0
1782883734,2887608512,2803617792,536870912,1599976,0,0,1,255340,250551,250551,1844237,834,4484,24,1.4,6.4,0.5,0.0,0.5,3.0,13.6,86.4,0.97,108,0,13.42,0.00,0.0,0.0,2.18,0.00,0.23,1.0,0,127.3,1585463,0,1.0000,1500.0,5653601,5649117,524304,0
1782883735,2887608512,2803617792,536870912,1599976,0,0,1,255340,250551,250551,1844237,834,4484,24,1.6,6.3,0.1,0.4,0.5,3.0,13.6,86.4,0.97,107,0,13.30,0.00,0.0,0.0,2.14,0.00,0.23,1.0,0,127.3,1585463,0,1.0000,1500.0,5653601,5649117,524304,0
1782883736,2887608512,2803617792,536870912,1599976,0,0,1,255340,250551,250551,1844237,834,4484,24,1.4,6.2,0.1,0.4,0.5,2.0,13.6,86.4,0.97,110,0,13.63,0.00,0.0,0.0,2.25,0.00,0.25,1.0,0,126.9,1585463,0,1.0000,1500.0,5653601,5649117,524304,0
1782883737,2887608512,2803617792,536870912,1599976,0,0,1,255340,250551,250551,1844237,834,4484,24,1.4,6.2,0.1,0.4,0.5,3.0,13.6,86.4,0.97,108,0,13.43,0.00,0.0,0.0,2.24,0.00,0.24,1.0,0,127.3,1585463,0,1.0000,1500.0,5653601,5649117,524304,0
1782883739,2887608512,2803617792,536870912,1599976,0,0,1,255340,250551,250551,1844237,834,4484,24,1.2,6.5,0.0,0.5,0.5,1.5,13.6,86.4,0.97,105,0,13.05,0.00,0.0,0.0,2.15,0.00,0.23,1.0,0,127.3,1585463,0,1.0000,1500.0,5653601,5649117,524304,0
1782883740,2887608512,2803617792,536870912,1599976,0,0,1,255340,250551,250551,1844237,834,4484,24,1.2,6.7,0.0,0.6,0.6,3.0,13.6,86.4,0.97,109,0,13.59,0.00,0.0,0.0,2.18,0.00,0.24,1.0,0,127.7,1585463,0,1.0000,1500.0,5653601,5649117,524304,0
1782883741,2887608512,2803617792,536870912,1599976,0,0,1,255340,250551,250551,1844237,834,4484,24,1.0,6.8,0.1,0.4,0.5,3.0,13.6,86.4,0.97,107,0,13.24,0.00,0.0,0.0,2.25,0.00,0.24,1.0,0,126.7,1585463,0,1.0000,1500.0,5653601,5649117,524304,0
1782883742,2887608512,2803617792,536870912,1599976,0,0,1,255340,250551,250551,1844237,834,4484,24,1.5,5.9,0.1,0.4,0.5,4.0,13.6,86.4,0.97,107,0,13.33,0.00,0.0,0.0,2.23,0.00,0.24,1.0,0,127.6,1585463,0,1.0000,1500.0,5653601,5649117,524304,0
1782883743,2887608512,2803617792,536870912,1599976,0,0,1,255340,250551,250551,1844237,834,4484,24,1.6,5.9,0.5,0.0,0.5,3.0,13.6,86.4,0.97,108,0,13.38,0.00,0.0,0.0,2.27,0.00,0.24,1.0,0,126.9,1585463,0,1.0000,1500.0,5653601,5649117,524304,0
1782883744,2887608512,2803617792,536870912,1599976,0,0,1,255340,250551,250551,1844237,834,4484,24,1.1,6.5,0.5,0.0,0.5,2.0,13.6,86.4,0.97,104,0,12.91,0.00,0.0,0.0,2.29,0.00,0.24,1.0,0,127.2,1585463,0,1.0000,1500.0,5653601,5649117,524304,0
1782883746,2887608512,2803617792,536870912,1599976,0,0,1,255340,250551,250551,1844237,834,4484,24,1.4,6.1,0.1,0.4,0.5,2.0,13.6,86.4,0.97,52,0,6.46,0.00,0.0,0.0,2.56,0.00,0.13,0.5,0,126.0,1585463,0,1.0000,1500.0,5653601,5649117,524304,0
1782883747,2887608512,2803617792,536870912,1599976,0,0,1,255340,250551,250551,1844237,834,4484,24,1.0,6.5,0.1,0.5,0.6,2.0,13.6,86.4,0.97,215,0,26.62,0.00,0.0,0.0,2.19,0.00,0.47,2.0,0,126.8,1585463,0,1.0000,1500.0,5653601,5649117,524304,0
1782883748,2887608512,2803617792,536870912,1599976,0,0,1,255340,250551,250551,1844237,834,4484,24,1.4,6.4,0.0,0.5,0.5,3.0,13.6,86.4,0.97,106,0,13.12,0.00,0.0,0.0,2.23,0.00,0.23,1.0,0,126.8,1585463,0,1.0000,1500.0,5653601,5649117,524304,0
1782883749,2887608512,2803617792,536870912,1599976,0,0,1,255340,250551,250551,1844237,834,4484,24,1.5,6.0,0.0,0.5,0.5,3.0,13.6,86.4,0.97,104,0,12.95,0.00,0.0,0.0,2.11,0.00,0.22,1.0,0,127.5,1585463,0,1.0000,1500.0,5653601,5649117,524304,0
1782883750,2887608512,2803617792,536870912,1599976,0,0,1,255340,250551,250551,1844237,834,4484,24,1.3,6.4,0.0,0.5,0.5,3.0,13.6,86.4,0.97,103,0,12.74,0.00,0.0,0.0,2.12,0.00,0.22,1.0,0,126.6,1585463,0,1.0000,1500.0,5653601,5649117,524304,0
1782883751,2887608512,2803617792,536870912,1599976,0,0,1,255340,250551,250551,1844237,834,4484,24,1.1,6.5,0.0,0.5,0.5,3.0,13.6,86.4,0.97,104,0,12.96,0.00,0.0,0.0,2.14,0.00,0.22,1.0,0,127.7,1585463,0,1.0000,1500.0,5653601,5649117,524304,0
1782883752,2887608512,2803617792,536870912,1599976,0,0,1,255340,250551,250551,1844237,834,4484,24,1.3,6.4,0.5,0.0,0.5,3.0,13.6,86.4,0.97,102,0,12.68,0.00,0.0,0.0,2.09,0.00,0.21,1.0,0,127.3,1585463,0,1.0000,1500.0,5653601,5649117,524304,0
1782883754,2887608512,2803507200,536870912,1599976,0,0,1,255340,250551,250551,1844237,834,4484,24,1.2,6.2,0.5,0.0,0.5,2.0,13.6,86.4,0.97,51,0,6.42,0.00,0.0,0.0,2.11,0.00,0.11,0.5,0,127.6,1585463,0,1.0000,1500.0,5653601,5649117,524304,0
1782883755,2887608512,2803589120,536870912,1599976,0,0,1,255340,250551,250551,1844237,834,4484,24,1.4,6.5,0.1,0.4,0.5,2.0,13.6,86.4,0.97,205,0,25.52,0.00,0.0,0.0,2.13,0.00,0.44,2.0,0,127.5,1585463,0,1.0000,1500.0,5653601,5649117,524304,0
1782883756,2887608512,2803716096,536870912,1599976,0,0,1,255340,250551,250551,1844237,834,4484,24,1.0,6.6,0.1,0.4,0.5,3.0,13.6,86.4,0.97,101,0,12.60,0.00,0.0,0.0,2.08,0.00,0.21,1.0,0,127.8,1585463,0,1.0000,1500.0,5653601,5649117,524304,0
1782883757,2887608512,2803716096,536870912,1599976,0,0,1,255340,250551,250551,1844237,834,4484,24,1.4,6.5,0.5,0.0,0.5,3.0,13.6,86.4,0.97,102,0,12.61,0.00,0.0,0.0,2.33,0.00,0.24,1.0,0,126.6,1585463,0,1.0000,1500.0,5653601,5649117,524304,0
1782883758,2887608512,2803826688,536870912,1599976,0,0,1,255340,250551,250551,1844237,834,4484,24,1.4,6.4,0.5,0.0,0.5,3.0,13.6,86.4,0.97,101,0,12.59,0.00,0.0,0.0,2.06,0.00,0.21,1.0,0,127.6,1585463,0,1.0000,1500.0,5653601,5649117,524304,0
1782883759,2887608512,2803867648,536870912,1599976,0,0,1,255340,250551,250551,1844237,834,4484,24,0.9,6.7,0.5,0.0,0.5,3.0,13.6,86.4,0.97,101,0,12.52,0.00,0.0,0.0,2.01,0.00,0.20,1.0,0,126.9,1585463,0,1.0000,1500.0,5653601,5649117,524304,0
1782883760,2887608512,2803867648,536870912,1599976,0,0,1,255340,250551,250551,1844237,834,4484,24,0.9,6.9,0.5,0.0,0.5,3.0,13.6,86.4,0.97,100,0,12.42,0.00,0.0,0.0,2.09,0.00,0.21,1.0,0,127.2,1585463,0,1.0000,1500.0,5653601,5649117,524304,0
1782883762,2887608512,2803867648,536870912,1599976,0,0,1,255340,250551,250551,1844237,834,4484,24,1.3,6.7,0.5,0.0,0.5,1.5,13.6,86.4,0.97,102,0,12.68,0.00,0.0,0.0,2.04,0.00,0.21,1.0,0,126.7,1585463,0,1.0000,1500.0,5653601,5649117,524304,0
1782883763,2887608512,2804097024,536870912,1599976,0,0,1,255340,250551,250551,1844237,834,4484,24,1.0,6.6,0.5,0.0,0.5,3.0,13.6,86.4,0.97,100,0,12.39,0.00,0.0,0.0,2.04,0.00,0.20,1.0,0,126.8,1585463,0,1.0000,1500.0,5653601,5649117,524304,0
1782883764,2887608512,2803986432,536870912,1599976,0,0,1,255340,250551,250551,1844237,834,4484,24,0.7,7.0,0.6,0.0,0.6,2.0,13.6,86.4,0.97,102,0,12.62,0.00,0.0,0.0,2.09,0.00,0.21,1.0,0,126.7,1585463,0,1.0000,1500.0,5653601,5649117,524304,0
1782883765,2887608512,2803986432,536870912,1599976,0,0,1,255340,250551,250551,1844237,834,4484,24,1.0,6.7,0.5,0.0,0.5,3.0,13.6,86.4,0.97,99,0,12.34,0.00,0.0,0.0,2.00,0.00,0.20,1.0,0,127.7,1585463,0,1.0000,1500.0,5653601,5649117,524304,0
1782883766,2887608512,2804015104,536870912,1599976,0,0,1,255340,250551,250551,1844237,834,4484,24,1.1,6.5,0.5,0.0,0.5,3.0,13.6,86.4,0.97,102,0,12.51,0.00,0.0,0.0,2.06,0.00,0.21,1.0,0,125.6,1585463,0,1.0000,1500.0,5653601,5649117,524304,0
1782883767,2887608512,2804015104,536870912,1599976,0,0,1,255340,250551,250551,1844237,834,4484,24,1.3,6.3,0.5,0.0,0.5,3.0,13.6,86.4,0.97,98,0,12.16,0.00,0.0,0.0,1.99,0.00,0.20,1.0,0,127.0,1585463,0,1.0000,1500.0,5653601,5649117,524304,0
1782883769,2887608512,2803896320,536870912,1599976,0,0,1,255340,250551,250551,1844237,834,4484,24,1.3,6.4,0.3,0.2,0.5,1.5,13.6,86.4,0.97,99,0,12.25,0.00,0.0,0.0,2.02,0.00,0.20,1.0,0,126.7,1585463,0,1.0000,1500.0,5653601,5649117,524304,0
1782883770,2887608512,2803896320,536870912,1599976,0,0,1,255340,250551,250551,1844237,834,4484,24,1.4,6.6,0.1,0.4,0.5,4.0,13.6,86.4,0.97,99,0,12.32,0.00,0.0,0.0,2.12,0.00,0.21,1.0,0,127.4,1585463,0,1.0000,1500.0,5653601,5649117,524304,0
1782883771,2887608512,2803814400,536870912,1599976,0,0,1,255340,250551,250551,1844237,834,4484,24,1.3,6.4,0.5,0.0,0.5,2.0,13.6,86.4,0.97,99,0,12.32,0.00,0.0,0.0,2.00,0.00,0.20,1.0,0,127.4,1585463,0,1.0000,1500.0,5653601,5649117,524304,0
1782883772,2887608512,2803814400,536870912,1599976,0,0,1,255340,250551,250551,1844237,834,4484,24,1.5,6.5,0.5,0.0,0.5,3.0,13.6,86.4,0.97,99,0,12.27,0.00,0.0,0.0,1.99,0.00,0.20,1.0,0,126.9,1585463,0,1.0000,1500.0,5653601,5649117,524304,0
1782883773,2887608512,2803814400,536870912,1599976,0,0,1,255340,250551,250551,1844237,834,4484,24,1.3,6.5,0.5,0.0,0.5,3.0,13.6,86.4,0.97,98,0,12.20,0.00,0.0,0.0,2.01,0.00,0.20,1.0,0,127.4,1585463,0,1.0000,1500.0,5653601,5649117,524304,0
1782883774,2887608512,2803814400,536870912,1599976,0,0,1,255340,250551,250551,1844237,834,4484,24,1.0,6.5,0.5,0.0,0.5,3.0,13.6,86.4,0.97,97,0,12.08,0.00,0.0,0.0,1.97,0.00,0.19,1.0,0,127.5,1585463,0,1.0000,1500.0,5653601,5649117,524304,0
1782883775,2887608512,2803814400,536870912,1599976,0,0,1,255340,250551,250551,1844237,834,4484,24,1.5,6.3,0.1,0.4,0.5,2.0,13.6,86.4,0.97,96,0,11.93,0.00,0.0,0.0,1.92,0.00,0.18,1.0,0,127.2,1585463,0,1.0000,1500.0,5653601,5649117,524304,0
1782883777,2887608512,2803814400,536870912,1599976,0,0,1,255340,250551,250551,1844237,834,4484,24,1.2,6.2,0.1,0.4,0.5,1.5,13.6,86.4,0.97,98,0,12.22,0.00,0.0,0.0,2.02,0.00,0.20,1.0,0,127.7,1585463,0,1.0000,1500.0,5653601,5649117,524304,0
1782883778,2887608512,2803814400,536870912,1599976,0,0,1,255340,250551,250551,1844237,834,4484,24,1.3,6.5,0.5,0.0,0.5,3.0,13.6,86.4,0.97,96,0,11.87,0.00,0.0,0.0,1.99,0.00,0.19,1.0,0,126.6,1585463,0,1.0000,1500.0,5653601,5649117,524304,0
1782883779,2887608512,2803814400,536870912,1599976,0,0,1,255340,250551,250551,1844237,834,4484,24,1.4,6.2,0.5,0.0,0.5,3.0,13.6,86.4,0.97,96,0,11.93,0.00,0.0,0.0,2.01,0.00,0.19,1.0,0,127.3,1585463,0,1.0000,1500.0,5653601,5649117,524304,0
1782883780,2887608512,2803814400,536870912,1599976,0,0,1,255340,250551,250551,1844237,834,4484,24,1.0,6.4,0.1,0.4,0.5,3.0,13.6,86.4,0.97,97,0,12.09,0.00,0.0,0.0,2.01,0.00,0.20,1.0,0,127.7,1585463,0,1.0000,1500.0,5653601,5649117,524304,0
1782883781,2887608512,2803814400,536870912,1599976,0,0,1,255340,250551,250551,1844237,834,4484,24,1.4,6.2,0.1,0.4,0.5,3.0,13.6,86.4,0.97,95,0,11.73,0.00,0.0,0.0,1.89,0.00,0.18,1.0,0,126.5,1585463,0,1.0000,1500.0,5653601,5649117,524304,0
1782883782,2887608512,2803773440,536870912,1599976,0,0,1,255340,250551,250551,1844237,834,4484,24,1.4,6.6,0.1,0.4,0.5,3.0,13.6,86.4,0.97,95,0,11.82,0.00,0.0,0.0,2.16,0.00,0.20,1.0,0,127.5,1585463,0,1.0000,1500.0,5653601,5649117,524304,0
1782883783,2887608512,2803773440,536870912,1599976,0,0,1,255340,250551,250551,1844237,834,4484,24,1.1,6.8,0.1,0.4,0.5,3.0,13.6,86.4,0.97,96,0,11.88,0.00,0.0,0.0,2.31,0.00,0.22,1.0,0,126.7,1585463,0,1.0000,1500.0,5653601,5649117,524304,0
1782883785,2887608512,2803773440,536870912,1599976,0,0,1,255340,250551,250551,1844237,834,4484,24,1.0,6.5,0.1,0.4,0.5,1.0,13.6,86.4,0.97,96,0,11.90,0.00,0.0,0.0,2.18,0.00,0.21,1.0,0,126.9,1585463,0,1.0000,1500.0,5653601,5649117,524304,0
1782883786,2887608512,2803773440,536870912,1599976,0,0,1,255340,250551,250551,1844237,834,4484,24,1.8,6.1,0.1,0.4,0.5,4.0,13.6,86.4,0.97,95,0,11.86,0.00,0.0,0.0,2.25,0.00,0.21,1.0,0,127.2,1585463,0,1.0000,1500.0,5653601,5649117,524304,0
1782883787,2887608512,2803773440,536870912,1599976,0,0,1,255340,250551,250551,1844237,834,4484,24,0.9,6.8,0.1,0.5,0.6,3.0,13.6,86.4,0.97,95,0,11.76,0.00,0.0,0.0,2.18,0.00,0.21,1.0,0,126.8,1585463,0,1.0000,1500.0,5653601,5649117,524304,0
1782883788,2887608512,2803773440,536870912,1599976,0,0,1,255340,250551,250551,1844237,834,4484,24,1.3,6.6,0.1,0.4,0.5,2.0,13.6,86.4,0.97,94,0,11.65,0.00,0.0,0.0,2.28,0.00,0.21,1.0,0,126.9,1585463,0,1.0000,1500.0,5653601,5649117,524304,0
1782883789,2887608512,2803773440,536870912,1599976,0,0,1,255340,250551,250551,1844237,834,4484,24,1.4,6.2,0.1,0.5,0.6,3.0,13.6,86.4,0.97,89,0,11.02,0.00,0.0,0.0,2.49,0.00,0.22,1.0,0,126.8,1585463,0,1.0000,1500.0,5653601,5649117,524304,0
1782883790,2887608512,2803773440,536870912,1599976,0,0,1,255340,250551,250551,1844237,834,4484,24,1.3,6.4,0.0,0.5,0.5,3.0,13.6,86.4,0.97,95,0,11.80,0.00,0.0,0.0,2.31,0.00,0.22,1.0,0,127.2,1585463,0,1.0000,1500.0,5653601,5649117,524304,0
1782883791,2887608512,2803773440,536870912,1599976,0,0,1,255340,250551,250551,1844237,834,4484,24,1.2,6.5,0.0,0.5,0.5,3.0,13.6,86.4,0.97,93,0,11.59,0.00,0.0,0.0,2.05,0.00,0.19,1.0,0,127.7,1585463,0,1.0000,1500.0,5653601,5649117,524304,0
1782883793,2887608512,2803744768,536870912,1599976,0,0,1,255340,250551,250551,1844237,834,4484,24,1.0,6.6,0.1,0.4,0.5,2.0,13.6,86.4,0.97,45,0,5.67,0.00,0.0,0.0,1.98,0.00,0.09,0.5,0,127.7,1585463,0,1.0000,1500.0,5653601,5649117,524304,0
1782883794,2887608512,2803634176,536870912,1599976,0,0,1,255340,250551,250551,1844237,834,4484,24,1.1,6.6,0.1,0.4,0.5,3.0,13.6,86.4,0.97,184,0,22.79,0.00,0.0,0.0,1.94,0.00,0.36,2.0,0,126.8,1585463,0,1.0000,1500.0,5653601,5649117,524304,0
1782883795,2887608512,2803634176,536870912,1599976,0,0,1,255340,250551,250551,1844237,834,4484,24,1.5,6.3,0.5,0.0,0.5,2.0,13.6,86.4,0.97,92,0,11.37,0.00,0.0,0.0,1.89,0.00,0.17,1.0,0,126.6,1585463,0,1.0000,1500.0,5653601,5649117,524304,0
1782883796,2887608512,2803634176,536870912,1599976,0,0,1,255340,250551,250551,1844237,834,4484,24,1.3,6.5,0.5,0.0,0.5,2.0,13.6,86.4,0.97,88,0,10.99,0.00,0.0,0.0,1.99,0.00,0.17,1.0,0,127.9,1585463,0,1.0000,1500.0,5653601,5649117,524304,0
1782883797,2887608512,2803634176,536870912,1599976,0,0,1,255340,250551,250551,1844237,834,4484,24,1.4,6.3,0.5,0.0,0.5,4.0,13.6,86.4,0.97,93,0,11.57,0.00,0.0,0.0,2.66,0.00,0.25,1.0,0,127.4,1585463,0,1.0000,1500.0,5653601,5649117,524304,0
1782883798,2887608512,2803634176,536870912,1599976,0,0,1,255340,250551,250551,1844237,834,4484,24,1.0,6.8,0.5,0.0,0.5,3.0,13.6,86.4,0.97,90,0,11.13,0.00,0.0,0.0,2.04,0.00,0.18,1.0,0,126.7,1585463,0,1.0000,1500.0,5653601,5649117,524304,0
1782883799,2887608512,2803634176,536870912,1599976,0,0,1,255340,250551,250551,1844237,834,4484,24,1.0,7.2,0.5,0.0,0.5,2.0,13.6,86.4,0.97,90,0,11.14,0.00,0.0,0.0,1.97,0.00,0.18,1.0,0,126.7,1585463,0,1.0000,1500.0,5653601,5649117,524304,0
1782883801,2887608512,2803634176,536870912,1599976,0,0,1,255340,250551,250551,1844237,834,4484,24,1.6,5.9,0.5,0.0,0.5,2.0,13.6,86.4,0.97,89,0,11.08,0.00,0.0,0.0,2.11,0.00,0.19,1.0,0,126.8,1585463,0,1.0000,1500.0,5653601,5649117,524304,0
