timestamp,used_memory,used_memory_rss,maxmemory,keyspace_hits,keyspace_misses,ops_per_sec,total_commands_delta,total_num_items_spilled_to_ext_storage,total_num_items_fetched_from_ext_storage,completion_read_ok,dram_value_hits,kbc_fetching_block,num_items_spilling_to_ext_storage,blocked_clients,cpu_user,cpu_sys,valkey_cpu_user,valkey_cpu_sys,valkey_cpu_total,asio_cpu_pct,disk_hit_pct,mem_hit_pct,mem_frag_ratio,disk_read_iops,disk_write_iops,disk_read_mb,disk_write_mb,disk_read_merges_ps,disk_write_merges_ps,disk_r_await_ms,disk_w_await_ms,disk_aqu_sz,disk_util_pct,disk_in_flight,disk_req_sz_kb,throttle_total_throttled,throttle_queued_clients,throttle_current_rate,throttle_allowed_tps,spill_submitted_count,spill_serialized_count,mean_spill_ram,inflight_spill_ram_bytes
1782873560,1799880,6791168,1073741824,0,0,0,0,0,0,0,0,0,0,0,1.0,0.5,0.0,0.3,0.3,0,0.0,0.0,3.87,0,0,0,0,0,0,0,0,0,0,0,0,0,0,0.0000,200000.0,0,0,0,0
1782873561,121131176,125149184,1073741824,0,0,92916,151282,0,0,0,0,0,0,0,2.7,8.3,33.7,75.4,109.1,2.0,0.0,0.0,1.05,0,0,0.00,0.00,0.0,0.0,0.00,0.00,0.00,0.0,0,0.0,0,0,0.0000,200000.0,0,0,0,0
1782873562,242440296,245997568,1073741824,0,0,137853,155822,0,0,0,0,0,0,0,3.3,8.4,36.2,75.3,111.5,2.0,0.0,0.0,1.03,0,0,0.00,0.00,0.0,0.0,0.00,0.00,0.00,0.0,0,0.0,0,0,0.0000,200000.0,0,0,0,0
1782873563,371809216,367108096,1073741824,0,0,139672,156564,0,0,0,0,0,0,0,3.0,7.8,34.9,76.9,111.8,2.0,0.0,0.0,1.03,0,0,0.00,0.00,0.0,0.0,0.00,0.00,0.00,0.0,0,0.0,0,0,0.0000,200000.0,0,0,0,0
1782873564,487081000,488087552,1073741824,0,0,137485,155917,0,0,0,0,0,0,0,2.8,7.8,31.9,79.9,111.8,2.0,0.0,0.0,1.02,0,0,0.00,0.00,0.0,0.0,0.00,0.00,0.00,0.0,0,0.0,0,0,0.0000,200000.0,0,0,0,0
1782873565,609726184,619159552,1073741824,0,0,140170,158136,0,0,0,0,0,0,0,3.0,8.6,33.9,77.8,111.7,2.0,0.0,0.0,1.02,0,0,0.00,0.00,0.0,0.0,0.00,0.00,0.00,0.0,0,0.0,0,0,0.0000,200000.0,0,0,0,0
1782873566,743128576,749445120,1073741824,0,0,137420,151904,0,0,0,0,0,0,0,3.5,7.5,41.8,70.4,112.2,3.0,0.0,0.0,1.01,0,0,0.00,0.00,0.0,0.0,0.00,0.00,0.00,0.0,0,0.0,0,0,0.0000,200000.0,0,0,0,0
1782873568,850549800,859283456,1073741824,0,0,132728,152172,0,0,0,0,0,0,0,3.3,7.2,35.0,77.0,112.0,1.0,0.0,0.0,1.02,0,0,0.00,0.00,0.0,0.0,0.00,0.00,0.00,0.0,0,0.0,0,0,0.0000,200000.0,0,0,0,0
1782873569,970586536,987865088,1073741824,0,0,137962,155281,0,0,0,0,0,0,0,3.5,7.8,46.6,65.1,111.7,1.0,0.0,0.0,1.02,0,0,0.00,0.00,0.0,0.0,0.00,0.00,0.00,0.0,0,0.0,0,0,0.0000,200000.0,0,0,0,0
1782873570,1075631776,1100455936,1073741824,0,0,135908,152776,21111,0,0,0,0,12,0,3.4,7.5,34.6,77.2,111.8,11.0,0.0,0.0,1.02,2,126,0.01,14.05,0.0,0.0,0.00,0.22,0.03,0.0,0,112.5,0,0,0.0088,198259.7,21123,21121,656,6560
1782873571,1089046096,1123786752,1073741824,0,0,126940,139978,171793,0,0,0,0,18,0,6.9,6.2,61.8,51.3,113.1,43.0,0.0,0.0,1.03,60,882,1.43,98.38,0.0,0.0,0.17,0.22,0.21,1.0,0,108.5,0,0,0.0712,185899.5,171811,171811,656,11808
1782873572,1102603336,1146855424,1073741824,0,0,123443,139468,321892,0,0,0,0,16,0,6.3,7.0,54.1,59.0,113.1,43.0,0.0,0.0,1.04,202,891,3.59,99.39,0.0,0.0,0.14,0.23,0.23,6.0,0,96.5,0,0,0.1344,173398.6,321908,321906,656,9184
1782873573,1116141208,1175035904,1073741824,0,0,122862,138563,471064,0,0,0,0,21,0,5.3,6.8,51.1,62.1,113.2,43.0,0.0,0.0,1.05,207,891,4.53,99.39,0.0,0.0,0.18,0.23,0.24,5.0,2,96.9,0,0,0.1974,160908.1,471085,471085,656,13776
1782873574,1129641952,1201774592,1073741824,0,0,121632,137504,619084,0,0,0,0,19,0,5.6,7.4,45.1,68.1,113.2,41.0,0.0,0.0,1.06,216,900,5.48,100.39,0.0,0.0,0.26,0.23,0.26,4.0,0,97.1,0,0,0.2603,148462.1,619103,619103,656,12464
1782873575,1143075264,1228120064,1073741824,0,0,120881,136468,766001,0,0,0,0,3,0,6.9,6.3,61.1,52.1,113.2,45.0,0.0,0.0,1.08,217,902,6.33,100.40,0.0,1.0,0.28,0.22,0.26,5.0,0,97.7,0,0,0.3229,136073.9,766004,766004,656,1968
1782873577,1156509344,1261150208,1073741824,0,0,119908,136115,912499,0,0,0,0,18,0,6.4,6.1,61.0,52.8,113.8,22.0,0.0,0.0,1.09,112,450,3.62,50.20,0.0,0.0,0.35,0.22,0.14,2.5,0,98.0,0,0,0.3854,123691.5,912517,912517,656,11808
1782873578,1169848960,1286176768,1073741824,0,0,119737,135343,1058174,0,0,0,0,18,0,6.9,6.5,65.7,47.4,113.1,42.0,0.0,0.0,1.10,291,972,15.69,108.42,0.0,0.0,0.62,0.22,0.40,5.0,0,100.6,0,0,0.4475,111391.4,1058192,1058192,656,11808
1782873579,1180474264,1307303936,1073741824,0,0,112746,122962,1192873,0,0,0,0,10,0,5.4,6.6,47.3,57.4,104.7,40.0,0.0,0.0,1.11,227,855,9.27,95.37,0.0,0.0,0.52,0.22,0.31,6.0,0,99.0,4000,0,0.4970,101593.6,1192883,1192883,656,6560
1782873580,1188349400,1321508864,1073741824,0,0,99604,110747,1316864,0,0,0,0,1,0,5.8,5.3,51.4,44.5,95.9,45.0,0.0,0.0,1.11,205,794,9.12,88.36,0.0,2.0,0.57,0.22,0.29,3.0,0,99.9,12150,0,0.5337,94332.4,1316865,1316865,656,656
1782873581,1194761072,1337024512,1073741824,0,0,92777,103525,1434265,0,0,0,0,12,0,5.5,5.6,44.6,46.4,91.0,39.0,0.0,0.0,1.12,191,756,9.21,84.33,0.0,0.0,0.62,0.22,0.29,5.0,0,101.1,22751,0,0.5635,88424.8,1434277,1434272,656,4592
1782873582,1200169912,1345249280,1073741824,0,0,87229,97528,1545851,0,0,0,0,21,0,5.5,5.6,41.7,46.2,87.9,36.0,0.0,0.0,1.12,181,720,9.28,80.31,0.0,0.0,0.70,0.24,0.30,8.0,0,101.8,34852,0,0.5887,83434.1,1545872,1545872,656,13776
1782873583,1204425480,1360670720,1073741824,0,0,82679,92498,1653080,0,0,0,0,18,0,5.5,4.4,50.8,33.4,84.2,34.0,0.0,0.0,1.13,176,702,9.40,78.30,0.0,0.0,0.74,0.24,0.30,3.0,0,102.3,48703,0,0.6085,79514.2,1653098,1653098,656,11808
1782873585,1207784760,1374134272,1073741824,0,0,78716,88409,1756668,0,0,0,0,13,0,4.5,4.6,41.2,40.2,81.4,16.0,0.0,0.0,1.14,170,675,9.54,75.29,0.0,0.0,0.99,0.24,0.33,5.0,0,102.8,63803,0,0.6242,76415.8,1756681,1756681,656,8528
1782873586,1210567720,1386602496,1073741824,0,0,75807,85131,1857136,0,0,0,0,4,0,4.9,4.5,43.4,35.7,79.1,35.0,0.0,0.0,1.15,122,374,9.46,41.67,0.0,0.5,1.06,0.24,0.22,3.0,0,105.3,80003,0,0.6371,73849.2,1857140,1857140,656,2624
1782873587,1212720264,1400676352,1073741824,0,0,73410,82662,1955550,0,0,0,0,1,0,4.6,5.3,43.0,33.8,76.8,33.0,0.0,0.0,1.16,169,657,10.15,73.29,0.0,0.0,1.18,0.22,0.35,5.0,0,103.4,97304,0,0.6472,71861.3,1955551,1955550,656,0
1782873588,1214216744,1415593984,1073741824,0,0,71542,80729,2052649,0,0,0,0,3,0,5.0,3.3,42.6,32.8,75.4,33.0,0.0,0.0,1.17,161,648,10.33,72.28,0.0,0.0,1.25,0.22,0.35,2.0,0,104.6,115254,0,0.6541,70479.6,2052652,2052652,656,1968
1782873589,1215395224,1429053440,1073741824,0,0,70321,79347,2148541,0,0,0,0,18,0,5.1,4.1,37.8,36.7,74.5,33.0,0.0,0.0,1.18,168,648,10.71,72.28,0.0,0.0,1.67,0.23,0.43,1.0,0,104.2,133605,0,0.6596,69404.4,2148559,2148559,656,11808
1782873590,1216710576,1443176448,1073741824,0,0,69179,77999,2242548,0,0,0,0,4,0,4.4,4.1,44.3,29.5,73.8,32.0,0.0,0.0,1.19,168,641,10.91,71.29,0.0,1.0,1.20,0.22,0.34,5.0,0,104.0,152255,0,0.6657,68186.5,2242552,2242552,656,2624
1782873591,1217867416,1457082368,1073741824,0,0,67846,76901,2335469,0,0,0,0,2,0,4.6,4.4,40.1,33.3,73.4,31.0,0.0,0.0,1.20,167,630,11.10,70.27,0.0,0.0,1.08,0.23,0.33,0.0,0,104.5,171205,0,0.6711,67115.8,2335471,2335469,656,0
1782873592,1218833848,1469730816,1073741824,0,0,66896,75600,2427082,0,0,0,0,15,0,4.9,4.5,41.6,31.2,72.8,32.0,0.0,0.0,1.21,165,630,11.36,70.27,0.0,0.0,1.10,0.22,0.32,6.0,0,105.1,190355,0,0.6757,66220.3,2427097,2427097,656,9840
1782873594,1219559832,1481969664,1073741824,0,0,66030,74625,2517885,0,0,0,0,10,0,4.5,4.3,44.3,29.0,73.3,16.0,0.0,0.0,1.22,84,310,5.81,34.63,0.0,0.0,1.39,0.23,0.19,1.5,0,105.0,209257,0,0.6790,65556.7,2517895,2517895,656,6560
1782873595,1220153608,1503244288,1073741824,0,0,65461,73995,2608113,0,0,0,0,1,0,5.0,3.8,38.9,34.0,72.9,32.0,0.0,0.0,1.23,261,731,23.45,81.33,0.0,1.0,1.69,0.22,0.60,3.0,0,108.2,228357,0,0.6818,65006.8,2608114,2608113,656,0
1782873596,1220989600,1512972288,1073741824,0,0,64807,73280,2697096,0,0,0,0,15,0,5.5,4.0,39.6,33.3,72.9,54.0,0.0,0.0,1.24,165,621,12.30,69.27,0.0,0.0,1.30,0.22,0.35,4.0,0,106.3,247508,0,0.6856,64245.4,2697111,2697110,656,9184
1782873597,1221825752,1525174272,1073741824,0,0,64080,72470,2785051,0,0,0,0,5,0,4.1,4.8,39.8,32.5,72.3,29.0,0.0,0.0,1.25,168,621,12.57,69.27,0.0,0.0,1.30,0.22,0.36,1.0,0,106.2,266908,0,0.6896,63464.2,2785056,2785051,656,0
1782873598,1222888880,1537748992,1073741824,0,0,63287,71543,2871502,0,0,0,0,5,0,4.6,3.8,46.7,25.9,72.6,30.0,0.0,0.0,1.26,169,612,12.70,68.27,0.0,0.0,1.35,0.22,0.36,4.0,0,106.2,286259,0,0.6945,62479.5,2871507,2871507,656,3280
1782873599,1223543728,1550344192,1073741824,0,0,62307,72149,2959356,0,0,0,0,8,0,4.5,4.3,42.6,31.5,74.1,33.0,0.0,0.0,1.27,169,612,12.82,68.27,0.0,0.0,1.58,0.22,0.40,3.0,0,106.3,306110,0,0.6976,61869.5,2959364,2959364,656,5248
1782873600,1222622248,1556045824,1073741824,0,0,42319,34647,3003367,0,0,0,0,3,0,2.5,2.9,20.4,17.4,37.8,18.0,0.0,0.0,1.27,139,362,12.97,40.17,0.0,1.0,1.84,0.22,0.34,4.0,0,108.6,315813,0,0.6979,61824.0,3003370,3003370,656,1968
1782873602,1220659080,1559453696,1073741824,0,0,0,1,3006473,0,0,0,0,2,0,0.7,1.2,4.8,0.0,4.8,2.0,0.0,0.0,1.28,13,27,1.57,3.01,0.0,0.0,0.67,0.24,0.01,0.5,0,115.9,315813,0,0.6979,61824.0,3006475,3006474,656,656
1782873603,1193843096,1576099840,1073741824,33614,0,25787,45951,3089383,34981,34981,45945,1,2,58,5.4,3.8,53.6,17.1,70.7,56.0,76.1,23.9,1.32,36789,603,179.45,67.26,0.0,0.0,0.22,0.32,8.39,45.0,0,6.8,315813,0,0.5593,89267.0,3089385,3089385,656,1312
1782873604,1142965512,1604177920,1073741824,89141,0,65928,75546,3223958,93308,93308,121490,1,1,15,7.8,5.5,65.3,48.2,113.5,79.0,76.8,23.2,1.40,59794,972,290.66,108.42,0.0,0.0,0.19,0.22,11.39,63.0,0,6.7,315813,0,0.3223,136179.1,3223959,3223959,656,656
1782873605,1097985528,1628467200,1073741824,143371,0,65362,74242,3353136,151785,151785,195731,2,6,55,8.5,5.0,77.8,35.7,113.5,78.0,77.5,22.5,1.48,60193,935,292.99,103.92,0.0,1.0,0.16,0.22,9.88,60.0,5,6.6,315813,0,0.1129,177645.4,3353142,3353142,656,3936
1782873606,1073754832,1651490816,1073741824,200502,0,66956,78297,3454690,215013,215013,274027,2,1,19,7.2,6.2,63.9,49.9,113.8,68.0,78.5,21.5,1.54,64955,760,314.09,84.83,0.0,0.0,0.12,0.22,7.93,63.0,6,6.2,315813,0,0.0000,200000.0,3454691,3454691,656,656
1782873607,1073751480,1679048704,1073741824,262642,0,73736,84851,3523401,283724,283724,358877,2,2,18,7.3,5.6,69.9,43.9,113.8,64.0,79.1,20.9,1.56,70551,495,330.12,55.21,0.0,0.0,0.11,0.22,7.85,55.0,0,5.6,315813,0,0.0000,199994.8,3523403,3523403,656,1312
1782873608,1073754800,1706745856,1073741824,324719,0,74084,84704,3591867,352184,352184,443580,2,1,32,6.3,6.8,59.6,54.5,114.1,62.0,79.4,20.6,1.59,70277,495,328.66,55.21,0.0,0.0,0.11,0.22,7.79,51.0,0,5.6,315813,0,0.0000,200000.0,3591868,3591868,656,656
1782873610,1073755376,1730228224,1073741824,386446,0,74176,84503,3660374,420699,420699,528082,4,0,18,6.7,6.9,64.0,50.0,114.0,31.5,79.7,20.3,1.61,70257,495,329.61,55.21,0.0,0.0,0.11,0.23,7.83,60.0,0,5.6,315813,0,0.0000,199993.1,3660374,3660374,656,0
1782873611,1073732776,1749876736,1073741824,447890,0,73906,83807,3728214,488508,488508,611888,4,0,26,6.7,6.7,66.7,46.7,113.4,66.0,79.8,20.2,1.63,34855,293,169.05,32.63,0.0,0.5,0.17,0.23,6.00,30.0,0,5.9,315813,0,0.0000,200000.0,3728214,3728214,656,0
1782873612,1073748848,1752465408,1073741824,510383,0,74186,85385,3797596,557918,557918,697272,5,1,13,6.8,6.5,66.6,46.6,113.2,67.0,80.0,20.0,1.63,71179,495,334.10,55.21,0.0,0.0,0.16,0.22,11.80,58.0,19,5.6,315813,0,0.0000,199998.7,3797597,3797597,656,656
1782873613,1073761112,1736642560,1073741824,574234,0,76147,87134,3868133,628453,628453,784405,5,3,25,7.1,6.4,65.9,46.9,112.8,70.0,80.1,19.9,1.62,72304,504,339.57,56.22,0.0,0.0,0.17,0.23,12.23,76.0,23,5.6,315813,0,0.0001,199986.0,3868136,3868136,656,1968
1782873614,1073735800,1693114368,1073741824,638370,0,76744,87885,3939443,699747,699747,872289,6,0,21,6.9,6.6,66.8,46.8,113.6,68.0,80.2,19.8,1.58,73217,513,344.55,57.22,0.0,0.0,0.13,0.22,9.58,61.0,18,5.6,315813,0,0.0000,200000.0,3939443,3939443,656,0
1782873615,1073757552,1638064128,1073741824,703062,0,77319,88575,4011231,771565,771565,960863,7,1,15,7.3,6.5,68.0,45.9,113.9,64.0,80.3,19.7,1.53,73660,515,346.36,57.23,0.0,1.0,0.11,0.22,8.06,64.0,20,5.6,315813,0,0.0001,199990.0,4011232,4011232,656,656
1782873616,1073749896,1577725952,1073741824,767711,0,77547,88265,4082817,843135,843135,1049127,8,1,22,7.3,5.7,67.9,45.9,113.8,67.0,80.4,19.6,1.47,73509,513,346.02,57.22,0.0,0.0,0.14,0.23,10.04,69.0,15,5.6,315813,0,0.0000,199997.4,4082818,4082818,656,656
1782873618,1073747552,1527701504,1073741824,831929,0,76780,87730,4153861,914166,914166,1136856,9,0,38,7.2,6.5,64.4,49.4,113.8,33.5,80.4,19.6,1.42,36443,256,172.02,28.61,0.0,0.0,0.13,0.22,4.67,32.0,23,5.6,315813,0,0.0000,200000.0,4153861,4153861,656,0
1782873619,1073758584,1487175680,1073741824,896592,0,77526,88178,4225416,985744,985744,1225033,9,3,20,7.4,6.6,65.3,48.3,113.6,70.0,80.5,19.5,1.38,73634,603,361.23,67.26,0.0,0.0,0.14,0.22,10.18,56.0,15,5.9,315813,0,0.0000,199990.8,4225419,4225419,656,1968
1782873620,1073750112,1462468608,1073741824,960923,0,77109,87995,4296654,1056969,1056969,1313027,9,2,30,6.5,7.3,56.7,56.7,113.4,66.0,80.5,19.5,1.36,73066,515,344.37,57.23,0.0,1.0,0.13,0.22,9.52,56.0,10,5.6,315813,0,0.0000,199996.8,4296656,4296656,656,1312
1782873621,1073745712,1457610752,1073741824,1025349,0,76964,88117,4368113,1128421,1128421,1401143,9,0,34,7.9,5.3,71.5,42.5,114.0,68.0,80.5,19.5,1.36,73258,504,344.98,56.22,0.0,0.0,0.12,0.24,8.58,56.0,21,5.6,315813,0,0.0000,200000.0,4368113,4368113,656,0
1782873622,1073716560,1457045504,1073741824,1087745,0,74828,84891,4436653,1196942,1196942,1486033,9,0,8,7.2,7.8,68.5,43.6,112.1,72.0,80.5,19.5,1.36,70267,486,332.14,54.21,0.0,0.0,0.26,0.23,18.56,66.0,0,5.6,315813,0,0.0000,200000.0,4436653,4436653,656,0
1782873623,1073756608,1457364992,1073741824,1150728,0,74238,85628,4506198,1266524,1266524,1571660,10,0,15,7.6,6.0,67.7,44.7,112.4,71.0,80.6,19.4,1.36,71486,495,336.88,55.21,0.0,0.0,0.24,0.23,17.45,67.0,15,5.6,315813,0,0.0000,199991.4,4506198,4506198,656,0
1782873624,1073753744,1459642368,1073741824,1215420,0,77256,88339,4577782,1338091,1338091,1659998,10,1,27,6.4,7.5,62.9,51.0,113.9,65.0,80.6,19.4,1.36,73444,504,347.60,56.22,0.0,0.0,0.11,0.22,8.22,59.0,11,5.6,315813,0,0.0000,199996.6,4577783,4577783,656,656
1782873626,1073751336,1454182400,1073741824,1279616,0,77114,87699,4648816,1409135,1409135,1747696,10,1,18,7.5,6.1,65.9,47.9,113.8,34.0,80.6,19.4,1.35,36483,253,172.43,28.12,0.0,0.5,0.12,0.24,4.43,31.0,6,5.6,315813,0,0.0000,199995.2,4648817,4648817,656,656
1782873627,1073749848,1443684352,1073741824,1345442,0,77867,89869,4721784,1482096,1482096,1837564,11,1,32,7.3,6.7,60.2,53.3,113.5,72.0,80.7,19.3,1.34,75026,612,370.53,68.27,0.0,0.0,0.14,0.23,10.38,61.0,0,5.9,315813,0,0.0000,200000.0,4721785,4721785,656,656
1782873628,1073749584,1431044096,1073741824,1411899,1,79366,90824,4795476,1555790,1555790,1928386,12,1,18,6.9,7.1,53.8,59.8,113.6,69.0,80.7,19.3,1.33,75613,522,358.41,58.23,0.0,0.0,0.12,0.23,9.31,61.0,0,5.6,315813,0,0.0000,199996.9,4795477,4795477,656,656
1782873629,1073729792,1417097216,1073741824,1478583,1,78889,91005,4869259,1629557,1629557,2019390,13,0,13,6.3,7.5,55.0,59.0,114.0,70.0,80.7,19.3,1.32,75822,513,358.94,57.22,0.0,0.0,0.12,0.23,9.25,61.0,0,5.6,315813,0,0.0000,200000.0,4869259,4869259,656,0
1782873630,1073747680,1399975936,1073741824,1545942,1,80560,92052,4943688,1703992,1703992,2111441,13,0,39,6.0,8.2,55.3,58.4,113.7,68.0,80.7,19.3,1.30,76353,533,362.09,59.24,0.0,1.0,0.11,0.22,8.65,60.0,0,5.6,315813,0,0.0000,200000.0,4943688,4943688,656,0
1782873631,1073754848,1384169472,1073741824,1613494,1,80401,92188,5018208,1778534,1778534,2203628,13,4,26,7.3,6.8,56.8,56.8,113.6,68.0,80.7,19.3,1.29,76494,522,361.96,58.23,0.0,0.0,0.11,0.24,8.71,67.0,6,5.6,315813,0,0.0000,199995.1,5018212,5018212,656,2624
1782873632,1073750280,1374687232,1073741824,1680102,2,80200,91077,5091952,1852260,1852260,2294703,13,1,42,7.2,6.7,59.9,53.9,113.8,67.0,80.7,19.3,1.28,75667,513,359.64,57.22,0.0,0.0,0.12,0.22,8.89,65.0,10,5.6,315813,0,0.0000,200000.0,5091953,5091953,656,656
1782873634,1073753472,1369583616,1073741824,1746586,2,79060,90824,5165540,1925858,1925858,2385526,14,1,22,7.8,6.1,69.6,44.7,114.3,34.0,80.7,19.3,1.28,37708,256,178.93,28.61,0.0,0.0,0.12,0.22,4.51,37.0,14,5.6,315813,0,0.0000,199992.2,5165541,5165541,656,656
1782873635,1073754616,1391132672,1073741824,1812625,2,79634,90161,5238430,1998762,1998762,2475686,15,1,10,7.1,6.9,59.7,53.7,113.4,72.0,80.7,19.3,1.30,75016,605,373.89,67.27,0.0,1.0,0.13,0.25,10.18,70.0,2,6.0,315813,0,0.0000,199997.5,5238431,5238431,656,656
1782873636,1073748696,1368047616,1073741824,1879743,2,79444,91667,5312609,2072924,2072924,2567352,15,1,14,7.3,5.8,65.5,48.5,114.0,67.0,80.7,19.3,1.27,76150,513,362.22,57.22,0.0,0.0,0.11,0.22,8.71,60.0,0,5.6,315813,0,0.0000,199996.3,5312610,5312610,656,656
1782873637,1073720224,1369808896,1073741824,1947342,2,80339,92299,5387274,2147558,2147558,2659650,15,0,14,6.9,7.0,60.9,52.9,113.8,68.0,80.7,19.3,1.28,76568,513,364.07,57.22,0.0,0.0,0.11,0.22,8.58,67.0,0,5.6,315813,0,0.0000,200000.0,5387274,5387274,656,0
1782873638,1073754056,1369501696,1073741824,2014776,2,80599,92239,5462050,2222350,2222350,2751888,15,1,36,7.5,5.8,61.3,52.3,113.6,67.0,80.8,19.2,1.28,76706,522,365.59,58.23,0.0,0.0,0.11,0.22,8.69,68.0,7,5.6,315813,0,0.0000,199996.1,5462051,5462051,656,656
1782873639,1073754008,1370390528,1073741824,2081331,3,79906,91046,5535701,2296023,2296023,2842932,16,1,18,7.7,6.2,64.8,48.8,113.6,70.0,80.8,19.2,1.28,75608,513,359.22,57.22,0.0,0.0,0.13,0.24,9.61,72.0,0,5.6,315813,0,0.0000,199993.6,5535702,5535702,656,656
1782873640,1073731744,1368965120,1073741824,2148563,3,79944,92004,5610327,2370617,2370617,2934935,17,0,32,7.2,6.9,62.0,52.0,114.0,69.0,80.8,19.2,1.27,76568,515,364.35,57.23,0.0,1.0,0.11,0.22,8.88,63.0,0,5.6,315813,0,0.0000,200000.0,5610327,5610327,656,0
1782873642,1073751904,1372766208,1073741824,2216036,3,80910,92324,5684928,2445247,2445247,3027258,17,0,17,7.4,6.1,62.4,51.4,113.8,33.5,80.8,19.2,1.28,38270,256,182.50,28.61,0.0,0.0,0.11,0.22,4.33,32.0,9,5.6,315813,0,0.0000,200000.0,5684928,5684928,656,0
1782873643,1073747896,1390186496,1073741824,2282616,3,80257,91005,5758581,2518895,2518895,3118262,18,1,11,6.7,6.8,60.1,53.1,113.2,71.0,80.8,19.2,1.29,75718,594,379.41,66.26,0.0,0.0,0.12,0.23,9.38,56.0,11,6.0,315813,0,0.0000,199995.6,5758582,5758582,656,656
1782873644,1073750136,1372581888,1073741824,2348957,3,79299,90752,5832159,2592477,2592477,3209013,19,1,15,7.0,6.8,61.4,52.4,113.8,68.0,80.8,19.2,1.28,75538,504,360.52,56.22,0.0,0.0,0.11,0.23,8.60,67.0,0,5.6,315813,0,0.0000,199996.9,5832160,5832160,656,656
1782873645,1073746832,1369251840,1073741824,2414874,3,78774,90148,5905061,2665367,2665367,3299160,19,0,28,7.4,6.2,66.4,47.4,113.8,69.0,80.8,19.2,1.28,74791,497,357.52,55.23,0.0,1.0,0.12,0.23,9.18,65.0,0,5.6,315813,0,0.0000,200000.0,5905061,5905061,656,0
1782873646,1073752632,1366081536,1073741824,2481041,3,78704,90322,5978201,2738517,2738517,3389481,20,1,19,7.3,6.7,68.9,44.9,113.8,68.0,80.8,19.2,1.27,75074,495,357.92,55.21,0.0,0.0,0.12,0.23,8.87,59.0,3,5.6,315813,0,0.0000,199993.1,5978202,5978202,656,656
1782873647,1073753776,1368342528,1073741824,2547015,3,78490,90001,6051130,2811452,2811452,3479481,20,1,11,6.5,7.3,56.5,57.5,114.0,70.0,80.8,19.2,1.27,74892,504,357.16,56.22,0.0,0.0,0.11,0.22,8.67,64.0,0,5.6,315813,0,0.0000,199992.5,6051131,6051131,656,656
1782873648,1073750528,1365024768,1073741824,2613344,3,79288,90493,6124466,2884775,2884775,3569973,20,2,32,6.6,7.0,53.9,59.9,113.8,68.0,80.8,19.2,1.27,75249,495,360.08,55.21,0.0,0.0,0.11,0.23,8.55,58.0,11,5.6,315813,0,0.0000,200000.0,6124468,6124468,656,1312
1782873650,1073745240,1367269376,1073741824,2679502,3,78980,90301,6197568,2957880,2957880,3660273,22,0,23,7.2,6.5,56.5,57.5,114.0,33.5,80.8,19.2,1.27,37530,247,179.78,27.61,0.0,0.0,0.11,0.22,4.23,27.5,11,5.6,315813,0,0.0000,200000.0,6197568,6197568,656,0
1782873651,1073751376,1378668544,1073741824,2744737,4,78102,88855,6269619,3029942,3029942,3749126,22,2,14,7.0,7.2,59.2,54.2,113.4,73.0,80.8,19.2,1.28,74144,565,373.87,62.91,0.0,1.0,0.14,0.24,10.23,61.0,10,6.0,315813,0,0.0000,199994.6,6269621,6269621,656,1312
1782873652,1073750392,1354719232,1073741824,2810612,4,78074,89902,6342314,3102625,3102625,3839027,22,1,23,7.2,6.5,65.8,47.8,113.6,70.0,80.8,19.2,1.26,74526,495,356.20,55.21,0.0,0.0,0.17,0.23,12.54,72.0,125,5.6,315813,0,0.0000,200000.0,6342315,6342315,656,656
1782873653,1073734352,1351696384,1073741824,2874926,4,76407,87188,6413008,3173297,3173297,3926214,22,0,34,7.3,7.2,61.7,50.8,112.5,78.0,80.8,19.2,1.26,72789,477,347.28,53.21,0.0,0.0,0.34,0.23,24.53,81.0,1,5.6,315813,0,0.0000,200000.0,6413008,6413008,656,0
1782873654,1073753544,1348550656,1073741824,2939373,4,75724,87407,6483782,3244100,3244100,4013620,22,2,14,7.3,6.5,61.4,50.5,111.9,75.0,80.8,19.2,1.26,72642,468,347.48,52.20,0.0,0.0,0.30,0.23,21.58,73.0,0,5.6,315813,0,0.0000,199993.6,6483784,6483784,656,1312
1782873655,1073751336,1345400832,1073741824,3005522,4,78430,90284,6556802,3317115,3317115,4103903,23,1,13,7.2,5.7,60.9,52.9,113.8,69.0,80.8,19.2,1.25,74999,497,359.02,55.23,0.0,1.0,0.12,0.23,8.79,58.0,12,5.6,315813,0,0.0000,199993.4,6556803,6556803,656,656
1782873656,1073731000,1341730816,1073741824,3070993,4,78317,89244,6628924,3389211,3389211,4193146,24,0,32,7.8,5.6,72.5,41.6,114.1,70.0,80.8,19.2,1.25,74048,486,355.62,54.21,0.0,0.0,0.13,0.24,9.44,63.0,13,5.6,315813,0,0.0000,200000.0,6628924,6628924,656,0
1782873658,1073758080,1337298944,1073741824,3136161,4,77783,88966,6701031,3461348,3461348,4282111,24,1,24,6.8,7.2,63.0,51.0,114.0,36.0,80.8,19.2,1.25,37084,243,177.82,27.11,0.0,0.0,0.13,0.24,4.70,30.5,6,5.6,315813,0,0.0000,199997.4,6701032,6701032,656,656
1782873659,1073752120,1328525312,1073741824,3203403,4,77746,91560,6775174,3535490,3535490,4373670,24,1,28,6.5,7.5,57.8,58.8,116.6,71.0,80.8,19.2,1.24,76113,558,385.71,62.24,0.0,0.0,0.12,0.23,9.40,58.0,19,6.0,315813,0,0.0000,199998.7,6775175,6775175,656,656
1782873660,1073740368,1323954176,1073741824,3270189,4,78824,91222,6849043,3609340,3609340,4464891,24,0,38,6.9,6.9,60.6,53.7,114.3,67.0,80.8,19.2,1.23,75839,497,364.41,55.23,0.0,1.0,0.11,0.22,8.69,66.0,12,5.6,315813,0,0.0000,200000.0,6849043,6849043,656,0
1782873661,1073725248,1319636992,1073741824,3336630,4,78998,90658,6922386,3682672,3682672,4555548,25,0,23,6.8,6.7,61.0,53.0,114.0,69.0,80.8,19.2,1.23,75389,486,361.91,54.21,0.0,0.0,0.11,0.23,8.69,62.0,0,5.6,315813,0,0.0000,200000.0,6922386,6922386,656,0
1782873662,1073748784,1315483648,1073741824,3402342,4,78129,89592,6994876,3755182,3755182,4645139,26,0,44,7.2,6.1,62.6,51.5,114.1,69.0,80.8,19.2,1.23,74450,477,357.70,53.21,0.0,0.0,0.12,0.28,9.36,61.0,0,5.6,315813,0,0.0000,199999.2,6994876,6994876,656,0
1782873663,1073745736,1311244288,1073741824,3468790,4,78936,90635,7068320,3828623,3828623,4735773,26,0,32,6.2,7.5,57.0,57.0,114.0,68.0,80.8,19.2,1.22,75280,486,361.60,54.21,0.0,0.0,0.12,0.23,8.82,64.0,16,5.6,315813,0,0.0000,200000.0,7068320,7068320,656,0
1782873665,1073730584,1307140096,1073741824,3535118,4,79154,90602,7141589,3901880,3901880,4826374,26,0,29,7.1,6.5,59.9,53.9,113.8,34.5,80.8,19.2,1.22,75219,486,362.20,54.21,0.0,0.0,0.11,0.23,8.73,58.0,9,5.6,315813,0,0.0000,200000.0,7141589,7141589,656,0
1782873666,1073749840,1301852160,1073741824,3600490,4,78730,89243,7213652,3973955,3973955,4915616,26,8,41,7.3,6.8,66.8,46.7,113.5,73.0,80.8,19.2,1.21,37083,257,189.55,28.62,0.0,0.5,0.15,0.24,5.49,35.5,0,6.0,315813,0,0.0000,199994.3,7213660,7213660,656,5248
1782873667,1073747016,1292124160,1073741824,3666155,4,78021,89480,7286010,4046321,4046321,5005094,27,1,14,7.5,6.0,63.0,51.0,114.0,70.0,80.8,19.2,1.20,74198,504,357.06,56.22,0.0,0.0,0.13,0.26,9.94,66.0,0,5.7,315813,0,0.0000,199999.0,7286011,7286011,656,656
1782873668,1073753928,1286729728,1073741824,3731725,4,77939,89492,7358361,4118673,4118673,5094585,28,1,27,6.6,6.6,62.1,52.1,114.2,69.0,80.8,19.2,1.20,74358,468,358.03,52.20,0.0,0.0,0.13,0.24,9.73,63.0,10,5.6,315813,0,0.0000,199999.3,7358362,7358362,656,656
1782873669,1073749344,1282572288,1073741824,3797296,4,77821,89484,7430893,4191202,4191202,5184068,28,2,38,6.3,6.8,56.0,58.0,114.0,69.0,80.8,19.2,1.19,74597,477,359.07,53.21,0.0,0.0,0.13,0.24,9.69,61.0,0,5.6,315813,0,0.0000,199997.2,7430895,7430895,656,1312
1782873670,1073751856,1278095360,1073741824,3863602,4,78486,90576,7504449,4264769,4264769,5274643,28,1,15,7.4,6.3,68.5,45.5,114.0,69.0,80.9,19.1,1.19,75509,488,364.69,54.22,0.0,1.0,0.11,0.22,8.73,68.0,0,5.6,315813,0,0.0000,199993.1,7504450,7504450,656,656
1782873671,1073749360,1273364480,1073741824,3930195,4,79618,90964,7578013,4338329,4338329,5365606,28,1,12,7.1,6.6,62.4,51.5,113.9,68.0,80.9,19.1,1.19,75495,477,363.77,53.21,0.0,0.0,0.11,0.22,8.73,58.0,11,5.6,315813,0,0.0000,199997.0,7578014,7578014,656,656
1782873673,1073749384,1269080064,1073741824,3997585,4,80241,92073,7652587,4412910,4412910,5457678,28,1,11,7.5,6.4,59.4,54.4,113.8,34.0,80.9,19.1,1.18,76583,486,368.66,54.21,0.0,0.0,0.11,0.22,8.85,61.0,0,5.6,315813,0,0.0000,199996.9,7652588,7652588,656,656
1782873674,1073745088,1265143808,1073741824,4064985,4,81039,91929,7727063,4487366,4487366,5549606,28,3,38,7.1,6.2,64.1,49.1,113.2,73.0,80.9,19.1,1.18,38302,270,196.75,30.12,0.0,0.0,0.13,0.23,5.00,32.5,0,6.0,315813,0,0.0000,199997.7,7727066,7727066,656,1968
1782873675,1073753896,1257299968,1073741824,4132834,4,80674,92645,7802219,4562543,4562543,5642250,29,1,13,7.0,6.7,62.4,51.4,113.8,69.0,80.9,19.1,1.17,77252,488,372.50,54.22,0.0,1.0,0.12,0.22,8.99,66.0,0,5.6,315813,0,0.0000,199992.8,7802220,7802220,656,656
1782873676,1073752248,1255206912,1073741824,4201204,4,81134,93359,7877787,4638091,4638091,5735607,30,1,32,6.9,6.9,58.9,54.9,113.8,68.0,80.9,19.1,1.17,77609,495,375.10,55.21,0.0,0.0,0.12,0.22,9.08,62.0,0,5.6,315813,0,0.0000,200000.0,7877788,7877788,656,656
1782873677,1073748352,1255555072,1073741824,4269525,5,81644,93420,7953194,4713507,4713507,5829025,31,5,23,6.5,7.6,57.3,56.2,113.5,70.0,80.9,19.1,1.17,77381,486,374.41,54.21,0.0,0.0,0.12,0.22,9.03,64.0,0,5.6,315813,0,0.0000,199996.2,7953199,7953199,656,3280
1782873678,1073749144,1249832960,1073741824,4338126,5,81758,93784,8029092,4789391,4789391,5922808,31,2,40,7.0,6.8,60.2,53.2,113.4,70.0,80.9,19.1,1.16,78017,495,376.55,55.21,0.0,0.0,0.12,0.22,9.13,65.0,0,5.6,315813,0,0.0000,200000.0,8029094,8029094,656,1312
1782873679,1073749568,1245757440,1073741824,4406381,6,81971,93287,8104755,4865058,4865058,6016093,32,2,30,7.0,7.2,65.8,47.9,113.7,69.0,80.9,19.1,1.16,77676,486,375.58,54.21,0.0,0.0,0.12,0.23,9.56,65.0,0,5.6,315813,0,0.0000,200000.0,8104757,8104757,656,1312
1782873681,1073751792,1245986816,1073741824,4474431,6,81348,93038,8180124,4940441,4940441,6109130,33,1,16,7.2,6.3,56.4,57.4,113.8,35.5,80.9,19.1,1.16,38692,244,187.22,27.11,0.0,0.5,0.12,0.23,4.85,33.0,0,5.6,315813,0,0.0000,199994.0,8180125,8180125,656,656
1782873682,1073748880,1268838400,1073741824,4541900,6,81277,92067,8254581,5014883,5014883,6201196,33,7,41,7.0,6.6,65.9,46.9,112.8,73.0,80.9,19.1,1.18,76545,522,395.29,58.23,0.0,0.0,0.14,0.23,10.98,65.0,11,6.0,315813,0,0.0000,199995.4,8254588,8254588,656,4592
1782873683,1073751320,1239789568,1073741824,4609495,6,80129,92263,8329304,5089623,5089623,6293458,33,1,14,7.3,6.5,63.9,49.9,113.8,71.0,80.9,19.1,1.15,76741,486,371.29,54.21,0.0,0.0,0.13,0.23,10.22,66.0,0,5.6,315813,0,0.0000,200000.0,8329305,8329305,656,656
1782873684,1073753360,1240039424,1073741824,4677475,6,80909,92830,8404691,5164995,5164995,6386287,34,1,33,6.7,6.1,60.3,53.2,113.5,69.0,80.9,19.1,1.15,77336,477,374.51,53.21,0.0,0.0,0.12,0.22,9.71,60.0,0,5.6,315813,0,0.0000,199996.1,8404692,8404692,656,656
1782873685,1073749544,1240133632,1073741824,4745507,6,81016,92862,8479702,5240021,5240021,6479148,34,1,16,7.4,6.4,70.3,43.3,113.6,71.0,80.9,19.1,1.15,77090,479,374.21,53.22,0.0,1.0,0.12,0.25,9.73,65.0,0,5.6,315813,0,0.0000,199996.7,8479703,8479703,656,656
1782873686,1073751696,1240317952,1073741824,4813858,6,81034,93298,8555295,5315601,5315601,6572445,34,2,32,6.5,6.1,57.8,55.8,113.6,69.0,80.9,19.1,1.16,77639,486,376.00,54.21,0.0,0.0,0.12,0.24,9.33,57.0,0,5.6,315813,0,0.0000,199998.2,8555297,8555297,656,1312
1782873687,1073747624,1233817600,1073741824,4882307,6,81899,93432,8630998,5391309,5391309,6665876,34,1,30,7.0,6.8,60.3,53.3,113.6,70.0,80.9,19.1,1.15,77680,486,377.42,54.21,0.0,0.0,0.12,0.23,9.30,66.0,0,5.7,315813,0,0.0000,200000.0,8630999,8630999,656,656
1782873689,1073749424,1233838080,1073741824,4950153,6,81582,92621,8706153,5466456,5466456,6758496,34,1,37,6.8,6.9,59.8,53.8,113.6,35.0,80.9,19.1,1.15,38601,238,187.06,26.60,0.0,0.0,0.12,0.22,4.65,32.0,0,5.6,315813,0,0.0000,199996.9,8706154,8706154,656,656
1782873690,1073779776,1262051328,1073741824,5017773,6,81094,92271,8781096,5541386,5541386,6850766,35,4,55,7.3,6.8,57.5,55.4,112.9,73.0,80.9,19.1,1.18,77055,515,399.39,57.23,0.0,1.0,0.14,0.23,10.70,67.0,0,6.0,315813,0,0.0002,199964.9,8781100,8781100,656,2624
1782873691,1073760120,1228251136,1073741824,5085879,6,81190,93018,8856530,5616851,5616851,6943783,35,1,17,6.5,6.5,48.3,65.2,113.5,71.0,80.9,19.1,1.14,77518,486,376.66,54.21,0.0,0.0,0.14,0.23,10.62,64.0,2,5.7,315813,0,0.0000,199992.8,8856531,8856531,656,656
1782873692,1073755336,1228300288,1073741824,5153935,6,81278,93059,8932234,5692549,5692549,7036841,35,2,20,7.2,6.5,62.2,51.2,113.4,70.0,80.9,19.1,1.14,77776,477,377.57,53.21,0.0,0.0,0.12,0.22,9.27,60.0,13,5.6,315813,0,0.0000,199994.6,8932236,8932236,656,1312
1782873693,1073727760,1228496896,1073741824,5222393,6,81485,93647,9007790,5768072,5768072,7130487,35,0,31,6.2,7.6,59.3,54.3,113.6,71.0,80.9,19.1,1.14,77489,477,375.78,53.21,0.0,0.0,0.12,0.22,9.35,62.0,8,5.6,315813,0,0.0000,200000.0,9007790,9007790,656,0
1782873694,1073745928,1222053888,1073741824,5290521,6,81258,93034,9083250,5843552,5843552,7223520,35,0,32,6.7,7.1,51.8,61.8,113.6,71.0,80.9,19.1,1.14,77484,477,376.99,53.21,0.0,0.0,0.12,0.22,9.74,67.0,10,5.7,315813,0,0.0000,200000.0,9083250,9083250,656,0
1782873695,1073746976,1222119424,1073741824,5358742,6,81398,93175,9158683,5918994,5918994,7316694,35,1,28,7.0,6.5,62.2,51.2,113.4,70.0,80.9,19.1,1.14,77426,470,376.73,52.21,0.0,1.0,0.12,0.22,9.59,69.0,0,5.6,315813,0,0.0000,199999.8,9158684,9158684,656,656
1782873697,1073744992,1222217728,1073741824,5426769,6,81341,93040,9233951,5994265,5994265,7409733,35,0,21,7.3,7.1,55.4,58.3,113.7,35.0,80.9,19.1,1.14,38655,238,187.60,26.60,0.0,0.0,0.13,0.24,4.99,33.5,0,5.6,315813,0,0.0000,200000.0,9233951,9233951,656,0
1782873698,1073746648,1221373952,1073741824,5494292,6,81307,92095,9308489,6068794,6068794,7501827,36,0,26,7.1,6.7,57.9,54.8,112.7,74.0,80.9,19.1,1.14,76823,504,400.67,56.22,0.0,0.0,0.14,0.23,11.22,65.0,0,6.1,315813,0,0.0000,200000.0,9308489,9308489,656,0
1782873699,1073747928,1216806912,1073741824,5563074,6,81737,93888,9384240,6144545,6144545,7595714,36,1,34,8.0,5.9,65.7,47.7,113.4,69.0,80.9,19.1,1.13,77772,477,378.11,53.21,0.0,0.0,0.12,0.23,9.24,67.0,0,5.6,315813,0,0.0000,199999.1,9384241,9384241,656,656
1782873700,1073743464,1216102400,1073741824,5631503,6,81685,93366,9459979,6220268,6220268,7689079,36,0,44,7.0,6.7,61.2,52.2,113.4,70.0,80.9,19.1,1.13,77772,479,378.97,53.22,0.0,1.0,0.12,0.22,9.43,67.0,0,5.7,315813,0,0.0000,200000.0,9459979,9459979,656,0
1782873701,1073749624,1216303104,1073741824,5699937,6,81556,93383,9535764,6295944,6295944,7782461,36,7,171,7.3,6.8,62.3,51.2,113.5,70.0,80.9,19.1,1.13,77629,468,377.39,52.20,0.0,0.0,0.12,0.23,9.75,64.0,0,5.6,315813,0,0.0000,199998.9,9535771,9535767,656,1968
1782873702,1073721064,1211187200,1073741824,5767085,6,80607,91327,9609589,6369869,6369869,7873787,36,0,16,7.0,7.2,58.0,54.1,112.1,75.0,80.9,19.1,1.13,75863,468,369.32,52.20,0.0,0.0,0.20,0.23,15.30,67.0,53,5.7,315813,0,0.0000,200000.0,9609589,9609589,656,0
1782873703,1073747312,1211281408,1073741824,5834925,6,80867,92631,9684647,6444964,6444964,7966417,36,1,15,8.1,5.7,66.6,46.5,113.1,71.0,80.9,19.1,1.13,77220,468,375.77,52.20,0.0,0.0,0.13,0.22,10.41,59.0,0,5.6,315813,0,0.0000,200000.0,9684648,9684648,656,656
1782873705,1073754752,1210929152,1073741824,5903404,6,82149,93609,9760384,6520705,6520705,8060025,37,1,23,7.6,5.7,65.1,48.1,113.2,35.0,80.9,19.1,1.13,38889,234,189.95,26.10,0.0,0.0,0.12,0.22,4.77,34.5,0,5.7,315813,0,0.0000,199999.8,9760385,9760385,656,656
1782873706,1073728656,1217527808,1073741824,5970314,6,80455,91144,9834512,6594801,6594801,8151168,39,0,23,7.6,6.6,68.1,45.1,113.2,74.0,80.9,19.1,1.13,76394,497,399.27,55.23,0.0,1.0,0.15,0.24,11.53,66.0,0,6.1,315813,0,0.0000,200000.0,9834512,9834512,656,0
1782873707,1073750408,1206984704,1073741824,6038299,6,80675,92844,9909594,6669914,6669914,8244011,39,0,11,6.9,6.9,61.7,51.7,113.4,70.0,80.9,19.1,1.12,77092,468,376.24,52.20,0.0,0.0,0.12,0.22,9.32,64.0,0,5.7,315813,0,0.0000,199994.4,9909594,9909594,656,0
1782873708,1073749200,1207136256,1073741824,6105843,6,80363,92244,9984249,6744558,6744558,8336254,39,1,24,6.4,6.8,58.8,54.7,113.5,70.0,80.9,19.1,1.12,76706,468,374.18,52.20,0.0,0.0,0.13,0.23,9.98,61.0,0,5.7,315813,0,0.0000,200000.0,9984250,9984250,656,656
1782873709,1073753552,1203326976,1073741824,6173580,6,80469,92479,10059126,6819443,6819443,8428732,39,1,19,7.3,6.3,61.7,51.8,113.5,71.0,80.9,19.1,1.12,76892,468,375.09,52.20,0.0,0.0,0.13,0.23,9.81,62.0,2,5.7,315813,0,0.0000,200000.0,10059127,10059127,656,656
1782873710,1073740632,1203339264,1073741824,6241288,6,81073,92446,10134148,6894438,6894438,8521177,39,0,46,7.9,6.0,67.7,45.6,113.3,69.0,80.9,19.1,1.12,77004,461,375.39,51.21,0.0,1.0,0.13,0.23,9.75,66.0,2,5.6,315813,0,0.0000,200000.0,10134148,10134148,656,0
1782873711,1073750888,1203380224,1073741824,6309226,6,81234,92655,10209132,6969434,6969434,8613831,39,1,35,6.7,6.9,61.3,52.2,113.5,70.0,80.9,19.1,1.12,76960,468,376.12,52.20,0.0,0.0,0.13,0.23,9.74,60.0,0,5.7,315813,0,0.0000,199997.0,10209133,10209133,656,656
1782873713,1073752856,1203437568,1073741824,6377088,6,81284,92740,10284248,7044567,7044567,8706570,39,1,12,6.8,6.5,50.7,62.8,113.5,35.0,80.9,19.1,1.12,38631,234,188.36,26.10,0.0,0.0,0.13,0.23,4.90,32.5,0,5.7,315813,0,0.0000,199995.7,10284249,10284249,656,656
1782873714,1073721352,1233850368,1073741824,6444355,6,80795,91853,10358575,7118856,7118856,8798422,39,0,19,7.0,7.9,58.4,54.3,112.7,73.0,80.9,19.1,1.15,76490,495,401.46,55.21,0.0,0.0,0.14,0.22,11.09,69.0,0,6.1,315813,0,0.0000,200000.0,10358575,10358575,656,0
1782873715,1073753736,1203548160,1073741824,6512182,6,80705,92685,10433560,7193852,7193852,8891106,39,1,49,7.2,6.5,65.7,47.8,113.5,71.0,80.9,19.1,1.12,77093,461,376.14,51.21,0.0,1.0,0.13,0.23,9.78,58.0,0,5.6,315813,0,0.0000,199999.1,10433561,10433561,656,656
1782873716,1073744680,1203679232,1073741824,6580024,6,80788,92677,10508467,7268764,7268764,8983782,39,1,45,7.7,6.0,66.3,47.2,113.5,71.0,80.9,19.1,1.12,76911,468,375.12,52.20,0.0,0.0,0.13,0.23,10.02,68.0,0,5.7,315813,0,0.0000,199999.3,10508468,10508468,656,656
1782873717,1073746416,1203412992,1073741824,6647759,6,80659,92532,10583366,7343677,7343677,9076313,40,0,19,7.4,6.7,56.1,57.1,113.2,69.0,80.9,19.1,1.12,76994,459,376.61,51.20,0.0,0.0,0.13,0.24,9.88,61.0,0,5.7,315813,0,0.0000,200000.0,10583366,10583366,656,0
1782873718,1073748656,1203507200,1073741824,6714968,6,80131,91783,10657833,7418150,7418150,9168095,40,2,15,6.4,7.3,56.8,56.8,113.6,71.0,80.9,19.1,1.12,76513,468,374.09,52.20,0.0,0.0,0.12,0.23,9.29,64.0,0,5.7,315813,0,0.0000,200000.0,10657835,10657835,656,1312
1782873719,1073750576,1196646400,1073741824,6784299,6,81032,94696,10734441,7494745,7494745,9262790,42,1,35,6.9,6.6,60.0,56.0,116.0,70.0,80.9,19.1,1.11,78593,468,383.67,52.20,0.0,0.0,0.12,0.22,9.77,61.0,0,5.6,315813,0,0.0000,200000.0,10734442,10734442,656,656
1782873721,1073727088,1196134400,1073741824,6852317,6,81255,92905,10809638,7569924,7569924,9355693,43,0,19,7.4,6.6,57.2,56.2,113.4,36.5,80.9,19.1,1.11,38460,235,202.74,26.11,0.0,0.5,0.14,0.23,5.47,34.0,29,6.1,315813,0,0.0000,200000.0,10809638,10809638,656,0
1782873722,1073754592,1227612160,1073741824,6920069,6,81416,92472,10884565,7644874,7644874,9448164,43,1,28,8.0,6.1,62.7,49.7,112.4,71.0,80.9,19.1,1.14,77581,495,380.48,55.21,0.0,0.0,0.12,0.22,9.49,67.0,0,5.7,315813,0,0.0000,199996.4,10884566,10884566,656,656
1782873723,1073749000,1196208128,1073741824,6988520,6,81332,93521,10960362,7720674,7720674,9541684,44,2,16,7.1,7.0,58.7,54.7,113.4,70.0,80.9,19.1,1.11,77759,463,380.77,51.66,0.0,0.0,0.12,0.22,9.35,64.0,0,5.7,315813,0,0.0000,199996.6,10960364,10960364,656,1312
1782873724,1073750384,1196343296,1073741824,7055932,6,80702,92106,11035219,7795505,7795505,9633789,44,1,47,6.5,6.9,53.2,60.2,113.4,71.0,80.9,19.1,1.11,76972,468,376.89,52.20,0.0,0.0,0.13,0.24,10.21,58.0,1,5.7,315813,0,0.0000,199997.9,11035220,11035220,656,656
1782873725,1073720216,1196355584,1073741824,7122769,6,79255,91214,11109209,7869486,7869486,9725002,46,0,21,7.4,6.4,65.3,48.3,113.6,72.0,80.9,19.1,1.11,75939,452,371.20,50.21,0.0,1.0,0.14,0.23,10.68,65.0,0,5.6,315813,0,0.0000,200000.0,11109209,11109209,656,0
1782873726,1073757968,1196380160,1073741824,7189641,6,79777,91173,11183057,7943372,7943372,9816174,46,1,20,7.9,6.1,68.8,44.8,113.6,71.0,80.9,19.1,1.11,75848,459,371.00,51.20,0.0,0.0,0.14,0.25,10.69,67.0,0,5.7,315813,0,0.0000,199991.8,11183058,11183058,656,656
1782873728,1073761048,1196380160,1073741824,7256367,6,79741,91050,11256923,8017243,8017243,9907223,47,2,23,7.4,6.2,63.8,49.8,113.6,36.0,80.9,19.1,1.11,75879,459,371.25,51.20,0.0,0.0,0.14,0.25,10.77,68.0,0,5.7,315813,0,0.0000,199992.2,11256925,11256925,656,1312
1782873729,1073834560,1196154880,1073741824,7322489,7,79816,90279,11330136,8090383,8090383,9997500,47,134,200,6.8,7.2,58.3,54.3,112.6,74.0,80.9,19.1,1.11,37663,225,198.87,25.10,0.0,0.0,0.16,0.24,5.99,34.0,1,6.1,315813,0,0.0006,199881.7,11330270,11330136,656,0
1782873730,1073749024,1191620608,1073741824,7389234,7,79415,91038,11403752,8164064,8164064,10088537,47,1,13,7.3,6.8,64.7,48.6,113.3,72.0,80.9,19.1,1.11,75756,479,371.21,53.22,0.0,1.0,0.14,0.24,10.61,65.0,0,5.7,315813,0,0.0000,199997.1,11403753,11403753,656,656
1782873731,1073734120,1191751680,1073741824,7455925,7,79344,91108,11477561,8237849,8237849,10179644,47,0,25,7.0,6.5,60.3,53.3,113.6,71.0,80.9,19.1,1.11,75781,459,370.80,51.20,0.0,0.0,0.14,0.27,10.71,66.0,0,5.7,315813,0,0.0000,200000.0,11477561,11477561,656,0
1782873732,1073750432,1191464960,1073741824,7522890,7,79358,91409,11551521,8311822,8311822,10271052,49,1,37,6.9,7.3,65.3,48.2,113.5,72.0,80.9,19.1,1.11,76036,459,372.25,51.20,0.0,0.0,0.13,0.24,10.32,66.0,0,5.7,315813,0,0.0000,200000.0,11551522,11551522,656,656
1782873733,1073757608,1191596032,1073741824,7590856,7,80463,93050,11626896,8387208,8387208,10364101,49,2,25,7.3,7.0,61.9,51.8,113.7,70.0,80.9,19.1,1.11,77357,459,379.23,51.20,0.0,0.0,0.12,0.24,9.70,68.0,0,5.7,315813,0,0.0000,199993.5,11626898,11626898,656,1312
1782873734,1073747448,1191596032,1073741824,7659254,7,82099,93661,11702463,8462771,8462771,10457761,51,0,22,6.4,7.0,56.1,57.1,113.2,70.0,80.9,19.1,1.11,77692,468,382.05,52.20,0.0,0.0,0.12,0.22,9.52,65.0,0,5.7,315813,0,0.0000,200000.0,11702463,11702463,656,0
1782873736,1073745776,1188794368,1073741824,7727507,7,81991,93380,11777958,8538253,8538253,10551140,52,0,41,6.6,7.0,66.2,47.1,113.3,35.5,80.9,19.1,1.11,77611,461,381.14,51.21,0.0,1.0,0.12,0.22,9.65,65.0,0,5.7,315813,0,0.0000,200000.0,11777958,11777958,656,0
1782873737,1073713712,1189457920,1073741824,7794430,7,81140,91343,11852182,8612465,8612465,10642482,52,0,1,7.0,6.4,67.9,44.8,112.7,74.0,80.9,19.1,1.11,38239,238,203.02,26.60,0.0,0.0,0.15,0.25,5.80,31.0,20,6.1,315813,0,0.0002,199954.6,11852182,11852182,656,0
1782873738,1073760544,1190215680,1073741824,7862759,7,80820,93454,11927759,8688083,8688083,10735935,52,1,13,7.4,6.2,66.8,46.8,113.6,71.0,80.9,19.1,1.11,77647,477,380.83,53.21,0.0,0.0,0.12,0.23,9.63,63.0,0,5.7,315813,0,0.0001,199986.6,11927760,11927760,656,656
1782873739,1073750864,1190502400,1073741824,7930184,7,80815,92383,12002696,8763012,8763012,10828317,52,1,15,7.4,6.1,61.7,51.8,113.5,70.0,80.9,19.1,1.11,77006,459,377.71,51.20,0.0,0.0,0.13,0.25,10.05,64.0,0,5.7,315813,0,0.0000,199995.5,12002697,12002697,656,656
1782873740,1073757528,1187254272,1073741824,7998311,7,80937,93030,12077754,8838075,8838075,10921346,52,1,14,6.8,7.0,59.0,53.9,112.9,71.0,80.9,19.1,1.11,77235,461,379.04,51.21,0.0,1.0,0.15,0.23,11.44,68.0,0,5.7,315813,0,0.0001,199988.1,12077755,12077755,656,656
1782873741,1073757432,1187209216,1073741824,8065717,7,80391,91916,12152146,8912450,8912450,11013261,53,0,38,6.5,7.6,54.7,58.8,113.5,72.0,80.9,19.1,1.11,76428,459,376.03,51.20,0.0,0.0,0.14,0.23,10.77,65.0,0,5.7,315813,0,0.0000,199996.1,12152146,12152146,656,0
1782873742,1073752072,1187209216,1073741824,8133107,7,80540,91878,12226499,8986811,8986811,11105138,54,1,16,7.8,5.8,69.2,44.2,113.4,72.0,80.9,19.1,1.11,76426,459,375.72,51.20,0.0,0.0,0.14,0.23,10.56,64.0,2,5.7,315813,0,0.0000,199994.3,12226500,12226500,656,656
1782873744,1073752560,1187209216,1073741824,8200402,8,80521,91829,12300865,9061178,9061178,11196965,55,2,24,7.6,6.8,66.8,46.7,113.5,35.5,80.9,19.1,1.11,76444,450,375.31,50.20,0.0,0.0,0.14,0.24,10.46,65.0,0,5.7,315813,0,0.0000,199998.3,12300867,12300867,656,1312
1782873745,1073743400,1187209216,1073741824,8269348,8,82186,94334,12377076,9137376,9137376,11291298,55,0,38,6.0,7.4,48.3,64.3,112.6,75.0,80.9,19.1,1.11,39303,244,208.98,27.11,0.0,0.5,0.15,0.24,6.12,28.0,25,6.1,315813,0,0.0000,200000.0,12377076,12377076,656,0
1782873746,1073750360,1187233792,1073741824,8340059,8,84283,97007,12455565,9215883,9215883,11388304,55,0,11,5.7,7.7,53.5,59.6,113.1,70.0,80.9,19.1,1.11,80520,495,396.18,55.21,0.0,0.0,0.12,0.22,10.01,43.0,0,5.7,315813,0,0.0000,199997.0,12455565,12455565,656,0
1782873747,1073752136,1187233792,1073741824,8409044,8,83136,94596,12532335,9292646,9292646,11482899,56,1,20,8.7,4.9,84.6,28.5,113.1,73.0,80.9,19.1,1.11,78850,468,387.32,52.20,0.0,0.0,0.14,0.26,10.80,69.0,12,5.7,315813,0,0.0000,199999.8,12532336,12532336,656,656
1782873748,1073749648,1187233792,1073741824,8478212,8,82168,94701,12609219,9369524,9369524,11577599,57,2,27,6.9,7.3,60.7,52.7,113.4,74.0,80.9,19.1,1.11,78907,468,388.65,52.20,0.0,0.0,0.14,0.24,10.85,67.0,22,5.7,315813,0,0.0000,200000.0,12609221,12609221,656,1312
1782873749,1073726744,1185353728,1073741824,8547765,8,82573,95245,12686407,9446691,9446691,11672843,57,0,26,7.5,6.8,64.3,49.3,113.6,73.0,80.9,19.1,1.10,79341,477,390.12,53.21,0.0,0.0,0.14,0.25,10.99,72.0,6,5.7,315813,0,0.0000,200000.0,12686407,12686407,656,0
1782873750,1073724080,1185280000,1073741824,8616888,8,83207,94876,12763428,9523710,9523710,11767718,58,0,18,6.9,7.2,57.7,55.8,113.5,75.0,80.9,19.1,1.10,79113,470,389.20,52.21,0.0,1.0,0.14,0.24,11.44,62.0,19,5.7,315813,0,0.0000,200000.0,12763428,12763428,656,0
1782873752,1073745160,1185136640,1073741824,8687011,8,83624,96010,12841167,9601465,9601465,11863727,58,0,39,6.3,7.0,48.2,65.2,113.4,35.5,80.9,19.1,1.10,39938,238,196.21,26.60,0.0,0.0,0.13,0.23,5.35,23.5,0,5.7,315813,0,0.0000,200000.0,12841167,12841167,656,0
1782873753,1073717976,1220657152,1073741824,8756994,8,84430,95905,12918836,9679122,9679122,11959631,58,0,3,7.5,5.7,68.7,43.6,112.3,75.0,80.9,19.1,1.14,80158,495,426.88,55.21,0.0,0.0,0.15,0.22,11.77,76.0,0,6.1,315813,0,0.0000,200000.0,12918836,12918836,656,0
1782873754,1073756296,1185316864,1073741824,8826747,8,83739,95702,12996415,9756732,9756732,12055332,58,2,20,7.1,6.6,60.5,52.4,112.9,71.0,80.9,19.1,1.10,79561,477,391.97,53.21,0.0,0.0,0.13,0.23,10.35,62.0,55,5.7,315813,0,0.0000,199992.3,12996417,12996417,656,1312
1782873755,1073726472,1184616448,1073741824,8894654,8,81509,92606,13071259,9831546,9831546,12147937,58,0,21,7.8,6.7,64.8,46.9,111.7,76.0,80.9,19.1,1.10,77033,461,380.13,51.21,0.0,1.0,0.22,0.23,17.38,76.0,7,5.7,315813,0,0.0000,200000.0,13071259,13071259,656,0
1782873756,1073750208,1184616448,1073741824,8963361,8,81642,94003,13147274,9907587,9907587,12241939,58,1,16,7.3,6.2,60.9,52.7,113.6,72.0,80.9,19.1,1.10,78057,468,384.70,52.20,0.0,0.0,0.14,0.25,10.75,67.0,18,5.7,315813,0,0.0000,199994.0,13147275,13147275,656,656
1782873757,1073754328,1184616448,1073741824,9033170,8,83009,95604,13224769,9985088,9985088,12337542,59,2,17,6.8,6.7,56.7,56.6,113.3,72.0,80.9,19.1,1.10,79635,468,391.99,52.20,0.0,0.0,0.14,0.22,11.27,54.0,18,5.7,315813,0,0.0000,199996.6,13224771,13224771,656,1312
1782873758,1073750592,1184616448,1073741824,9101988,8,82943,94217,13301200,10061516,10061516,12431758,59,1,15,7.2,6.6,58.1,55.1,113.2,73.0,80.9,19.1,1.10,78507,468,387.05,52.20,0.0,0.0,0.15,0.25,11.95,64.0,0,5.7,315813,0,0.0000,199995.9,13301201,13301201,656,656
1782873760,1073737024,1183907840,1073741824,9171618,8,83019,95289,13378426,10138712,10138712,12527046,59,0,42,6.8,7.0,55.2,58.2,113.4,37.0,80.9,19.1,1.10,39698,234,195.26,26.10,0.0,0.0,0.13,0.23,5.32,30.5,11,5.7,315813,0,0.0000,200000.0,13378426,13378426,656,0
1782873761,1073735648,1199505408,1073741824,9240581,8,83557,94303,13454897,10215192,10215192,12621348,60,0,19,7.3,7.0,62.5,49.4,111.9,77.0,80.9,19.1,1.12,79038,497,423.12,55.23,0.0,1.0,0.17,0.23,13.70,66.0,15,6.2,315813,0,0.0000,200000.0,13454897,13454897,656,0
1782873762,1073744296,1183907840,1073741824,9309708,8,82535,94637,13531582,10291871,10291871,12715984,60,0,47,6.9,6.9,65.0,48.0,113.0,72.0,80.9,19.1,1.10,78666,468,388.16,52.20,0.0,0.0,0.14,0.24,11.00,55.0,26,5.7,315813,0,0.0000,200000.0,13531582,13531582,656,0
1782873763,1073745464,1183907840,1073741824,9379555,8,82926,95728,13609079,10369375,10369375,12811711,60,0,45,7.5,6.1,64.2,49.2,113.4,72.0,80.9,19.1,1.10,79645,477,393.11,53.21,0.0,0.0,0.13,0.23,10.25,63.0,21,5.7,315813,0,0.0000,200000.0,13609079,13609079,656,0
1782873764,1073752384,1183944704,1073741824,9448961,8,82849,94846,13685837,10446154,10446154,12906556,60,1,11,7.9,5.4,68.1,45.1,113.2,73.0,80.9,19.1,1.10,78835,468,388.62,52.20,0.0,0.0,0.15,0.24,11.58,71.0,16,5.7,315813,0,0.0000,199993.3,13685838,13685838,656,656
1782873765,1073748736,1183834112,1073741824,9518828,8,83566,95719,13763524,10523835,10523835,13002274,60,2,20,6.5,6.9,50.2,63.2,113.4,71.0,80.9,19.1,1.10,79748,470,392.01,52.21,0.0,1.0,0.12,0.23,9.99,57.0,23,5.7,315813,0,0.0000,199998.0,13763526,13763526,656,1312
1782873766,1073722736,1184010240,1073741824,9588696,8,83927,95742,13841184,10601467,10601467,13098015,60,0,13,7.2,6.2,57.2,56.2,113.4,73.0,80.9,19.1,1.10,79872,477,394.16,53.21,0.0,0.0,0.13,0.23,10.35,64.0,10,5.7,315813,0,0.0000,200000.0,13841184,13841184,656,0
1782873768,1073751592,1184145408,1073741824,9658360,8,83743,95444,13918357,10678674,10678674,13193458,60,1,15,7.8,6.3,69.8,43.8,113.6,35.5,80.9,19.1,1.10,39621,234,195.60,26.10,0.0,0.0,0.12,0.24,4.99,34.0,9,5.7,315813,0,0.0000,199995.5,13918358,13918358,656,656
1782873769,1073745736,1220669440,1073741824,9727913,8,83653,95224,13995469,10755764,10755764,13288681,60,3,48,7.5,6.4,62.2,50.2,112.4,76.0,80.9,19.1,1.14,79459,495,425.26,55.21,0.0,0.0,0.15,0.22,11.94,76.0,25,6.2,315813,0,0.0000,199998.7,13995472,13995472,656,1968
1782873770,1073743848,1182621696,1073741824,9797844,8,83775,95854,14073036,10833338,10833338,13384534,60,0,34,8.2,5.6,76.5,36.5,113.0,71.0,80.9,19.1,1.10,79831,470,394.31,52.21,0.0,1.0,0.13,0.22,10.33,80.0,37,5.7,315813,0,0.0000,200000.0,14073036,14073036,656,0
1782873771,1073746216,1182670848,1073741824,9867995,8,83694,96126,14150901,10911210,10911210,13480659,60,0,20,8.1,5.6,79.1,34.1,113.2,71.0,80.9,19.1,1.10,80137,477,395.19,53.21,0.0,0.0,0.12,0.22,10.11,71.0,11,5.7,315813,0,0.0000,200000.0,14150901,14150901,656,0
1782873772,1073752720,1182932992,1073741824,9938180,8,83824,96250,14228979,10989286,10989286,13576908,61,1,22,6.8,7.4,58.7,54.6,113.3,71.0,80.9,19.1,1.10,80181,468,395.89,52.20,0.0,0.0,0.12,0.22,10.03,65.0,27,5.7,315813,0,0.0000,199996.4,14228980,14228980,656,656
1782873773,1073748752,1182879744,1073741824,10008661,8,84297,96542,14307182,11067481,11067481,13673449,61,1,47,7.4,7.1,67.6,45.6,113.2,72.0,80.9,19.1,1.10,80416,477,397.51,53.21,0.0,0.0,0.12,0.22,10.16,69.0,14,5.7,315813,0,0.0000,200000.0,14307183,14307183,656,656
1782873774,1073745560,1182879744,1073741824,10078984,8,84514,96208,14385035,11145346,11145346,13769656,62,0,19,8.4,5.8,70.1,43.1,113.2,71.0,80.9,19.1,1.10,80036,477,395.57,53.21,0.0,0.0,0.12,0.22,10.06,69.0,0,5.7,315813,0,0.0000,200000.0,14385035,14385035,656,0
1782873776,1073750248,1182879744,1073741824,10149123,8,84443,96153,14462798,11223098,11223098,13865808,64,1,38,8.0,5.9,67.1,46.1,113.2,35.5,80.9,19.1,1.10,39925,235,197.12,26.11,0.0,0.5,0.13,0.22,5.10,38.0,10,5.7,315813,0,0.0000,199995.5,14462799,14462799,656,656
1782873777,1073883960,1220026368,1073741824,10218528,8,83700,94986,14539729,11300034,11300034,13960793,64,172,190,8.1,6.2,63.6,48.7,112.3,75.0,80.9,19.1,1.14,79132,495,425.58,55.21,0.0,0.0,0.15,0.22,11.87,72.0,18,6.2,315813,0,0.0006,199873.9,14539901,14539729,656,0
1782873778,1073749560,1183092736,1073741824,10287822,8,83114,94725,14616469,11376778,11376778,14055517,64,1,17,7.2,6.1,62.4,50.3,112.7,72.0,80.9,19.1,1.10,79129,459,390.90,51.20,0.0,0.0,0.12,0.22,9.95,61.0,9,5.7,315813,0,0.0000,199998.1,14616470,14616470,656,656
1782873779,1073748432,1183113216,1073741824,10358846,8,82477,97211,14695057,11455353,11455353,14152727,65,0,35,7.2,6.7,60.4,55.3,115.7,72.0,80.9,19.1,1.10,80704,477,397.79,53.21,0.0,0.0,0.12,0.22,9.95,60.0,24,5.7,315813,0,0.0000,200000.0,14695057,14695057,656,0
1782873780,1073752248,1182982144,1073741824,10428998,8,83527,96098,14772717,11533034,11533034,14248824,65,1,15,7.3,6.7,61.2,52.1,113.3,71.0,80.9,19.1,1.10,79923,479,395.45,53.22,0.0,1.0,0.13,0.22,10.11,64.0,18,5.7,315813,0,0.0000,199998.3,14772718,14772718,656,656
1782873781,1073741944,1182982144,1073741824,10499433,8,83908,96364,14850903,11611211,11611211,14345187,65,0,20,7.3,5.9,58.6,54.7,113.3,72.0,80.9,19.1,1.10,80301,468,397.95,52.20,0.0,0.0,0.13,0.22,10.15,66.0,12,5.7,315813,0,0.0000,200000.0,14850903,14850903,656,0
1782873782,1073727256,1182597120,1073741824,10569868,8,84497,96505,14929011,11689293,11689293,14441691,68,0,24,6.7,6.7,57.2,56.2,113.4,70.0,80.9,19.1,1.10,80213,477,397.29,53.21,0.0,0.0,0.13,0.23,10.19,43.0,17,5.7,315813,0,0.0000,200000.0,14929011,14929011,656,0
1782873784,1073753136,1182597120,1073741824,10639973,8,84576,96275,15007001,11767322,11767322,14537965,69,1,16,6.2,7.7,54.5,58.6,113.1,36.5,80.9,19.1,1.10,40052,238,198.99,26.60,0.0,0.0,0.13,0.22,5.09,29.5,18,5.7,315813,0,0.0000,199993.7,15007002,15007002,656,656
1782873785,1073759512,1220214784,1073741824,10709451,8,84057,95453,15084417,11844740,11844740,14633417,69,1,12,5.9,8.7,53.1,59.1,112.2,74.0,80.9,19.1,1.14,79802,488,428.75,54.22,0.0,1.0,0.15,0.22,12.13,44.0,28,6.2,315813,0,0.0001,199987.6,15084418,15084418,656,656
1782873786,1073747672,1182617600,1073741824,10778553,8,82988,94764,15161295,11921609,11921609,14728180,69,1,11,6.6,7.4,55.5,57.6,113.1,72.0,80.9,19.1,1.10,79046,468,391.73,52.20,0.0,0.0,0.13,0.24,10.47,55.0,12,5.7,315813,0,0.0000,199997.1,15161296,15161296,656,656
1782873787,1073748224,1182617600,1073741824,10848363,8,82718,95710,15238839,11999148,11999148,14823889,70,1,20,7.2,6.7,63.8,49.7,113.5,72.0,80.9,19.1,1.10,79744,468,393.42,52.20,0.0,0.0,0.13,0.22,10.34,63.0,0,5.7,315813,0,0.0000,200000.0,15238840,15238840,656,656
1782873788,1073742640,1183817728,1073741824,10917283,8,82411,94159,15315045,12075340,12075340,14918047,70,0,40,7.8,5.8,66.2,47.2,113.4,74.0,80.9,19.1,1.10,78395,467,387.48,52.20,0.0,0.0,0.14,0.25,11.35,71.0,1,5.7,315813,0,0.0000,200000.0,15315045,15315045,656,0
1782873789,1073750624,1183711232,1073741824,10986988,8,83198,95645,15392554,12152859,12152859,15013691,70,1,27,6.1,7.6,52.3,61.2,113.5,72.0,80.9,19.1,1.10,79598,469,393.16,52.20,0.0,0.0,0.13,0.22,10.27,54.0,24,5.7,315813,0,0.0000,199996.5,15392555,15392555,656,656
1782873791,1073752384,1183744000,1073741824,11056695,8,83923,95651,15470191,12230500,12230500,15109341,71,2,19,6.0,7.4,53.6,59.7,113.3,71.0,80.9,19.1,1.10,79810,470,395.57,52.21,0.0,1.0,0.13,0.22,10.22,45.0,17,5.7,315813,0,0.0000,199995.2,15470193,15470193,656,1312
1782873792,1073751664,1183875072,1073741824,11126454,8,84189,95807,15547763,12308078,12308078,15205147,72,2,14,6.3,6.5,49.5,63.5,113.0,36.5,80.9,19.1,1.10,39701,234,213.99,26.10,0.0,0.0,0.15,0.22,5.96,29.0,0,6.2,315813,0,0.0000,199995.2,15547765,15547765,656,1312
1782873793,1073750256,1183858688,1073741824,11195459,8,83207,94665,15624341,12384649,12384649,15299811,72,1,23,7.3,6.6,62.1,50.2,112.3,74.0,80.9,19.1,1.10,79417,486,392.97,54.21,0.0,0.0,0.13,0.23,10.33,69.0,15,5.7,315813,0,0.0000,200000.0,15624342,15624342,656,656
1782873794,1073754832,1182773248,1073741824,11265124,8,83252,95474,15701840,12462158,12462158,15395284,72,1,12,6.4,7.8,61.6,51.5,113.1,71.0,80.9,19.1,1.10,79604,468,394.87,52.20,0.0,0.0,0.13,0.22,10.10,45.0,32,5.7,315813,0,0.0000,199990.4,15701841,15701841,656,656
1782873795,1073753856,1183825920,1073741824,11335140,8,82959,95197,15778618,12538931,12538931,15490480,73,1,20,7.5,6.6,61.5,51.6,113.1,78.0,80.9,19.1,1.10,79006,470,392.30,52.21,0.0,1.0,0.26,0.23,20.82,67.0,18,5.7,315813,0,0.0000,199998.0,15778619,15778619,656,656
1782873796,1073751664,1183825920,1073741824,11405702,8,83399,96765,15856961,12617275,12617275,15587244,74,2,19,7.9,6.6,66.2,47.2,113.4,70.0,80.9,19.1,1.10,80457,468,398.51,52.20,0.0,0.0,0.12,0.22,10.16,81.0,20,5.7,315813,0,0.0000,199998.2,15856963,15856963,656,1312
1782873797,1073744536,1183825920,1073741824,11474930,8,83781,94928,15933834,12694144,12694144,15682171,74,0,17,6.4,7.3,59.1,53.9,113.0,72.0,80.9,19.1,1.10,78974,468,393.01,52.20,0.0,0.0,0.14,0.22,11.16,61.0,12,5.7,315813,0,0.0000,200000.0,15933834,15933834,656,0
1782873799,1073750488,1183866880,1073741824,11544731,8,83622,95734,16011562,12771877,12771877,15777904,74,1,24,6.9,6.7,59.6,53.6,113.2,72.0,80.9,19.1,1.10,79837,468,395.25,52.20,0.0,0.0,0.13,0.22,10.14,62.0,8,5.7,315813,0,0.0000,200000.0,16011563,16011563,656,656
1782873800,1073903328,1183686656,1073741824,11614493,8,84248,95623,16088959,12849282,12849282,15873526,74,183,200,7.4,6.2,64.9,47.9,112.8,36.0,80.9,19.1,1.10,39627,234,214.90,26.10,0.0,0.0,0.15,0.22,6.05,32.0,17,6.2,315813,0,0.0006,199874.0,16089142,16088959,656,0
1782873801,1073731192,1222221824,1073741824,11683993,8,83878,95303,16166444,12926744,12926744,15968828,75,0,10,7.3,6.6,67.6,44.6,112.2,74.0,80.9,19.1,1.14,80167,488,396.98,54.22,0.0,1.0,0.13,0.22,10.30,71.0,11,5.7,315813,0,0.0000,200000.0,16166444,16166444,656,0
1782873802,1073740192,1182437376,1073741824,11754265,8,83769,96245,16244509,13004813,13004813,16065072,75,0,17,7.4,6.7,57.6,55.6,113.2,71.0,81.0,19.0,1.10,80217,477,397.86,53.21,0.0,0.0,0.13,0.22,10.25,64.0,0,5.7,315813,0,0.0000,200000.0,16244509,16244509,656,0
1782873803,1073754112,1182437376,1073741824,11824431,8,83767,96140,16322422,13082738,13082738,16161211,75,1,17,6.8,5.8,64.0,49.0,113.0,71.0,81.0,19.0,1.10,80118,468,397.27,52.20,0.0,0.0,0.13,0.22,10.33,50.0,9,5.7,315813,0,0.0000,199991.3,16322423,16322423,656,656
1782873804,1073759296,1182527488,1073741824,11894015,8,83136,95307,16399735,13160056,13160056,16256517,76,0,11,6.3,7.7,53.5,59.5,113.0,72.0,81.0,19.0,1.10,79416,468,393.91,52.20,0.0,0.0,0.13,0.24,10.29,53.0,20,5.7,315813,0,0.0000,199992.7,16399735,16399735,656,0
1782873805,1073751520,1182158848,1073741824,11964348,8,84113,96280,16477728,13238036,13238036,16352796,76,2,24,7.3,7.3,57.1,56.1,113.2,71.0,81.0,19.0,1.10,80243,470,397.34,52.21,0.0,1.0,0.13,0.22,10.35,72.0,8,5.7,315813,0,0.0000,200000.0,16477730,16477730,656,1312
1782873807,1073729288,1182216192,1073741824,12034668,8,84650,96358,16555796,13316085,13316085,16449153,77,0,21,7.4,6.1,64.5,48.6,113.1,35.5,81.0,19.0,1.10,80240,468,398.29,52.20,0.0,0.0,0.13,0.22,10.29,69.0,10,5.7,315813,0,0.0000,200000.0,16555796,16555796,656,0
1782873808,1073910760,1182351360,1073741824,12104758,8,84708,95915,16633347,13393675,13393675,16545067,77,217,200,7.4,6.4,62.3,50.2,112.5,74.0,81.0,19.0,1.10,39827,234,215.55,26.10,0.0,0.0,0.15,0.22,6.14,35.0,18,6.2,315813,0,0.0007,199866.2,16633564,16633347,656,0
1782873809,1073762800,1221148672,1073741824,12174204,8,83918,95232,16710699,13471030,13471030,16640298,78,1,13,7.2,7.3,53.7,58.6,112.3,73.0,81.0,19.0,1.14,79843,486,396.32,54.21,0.0,0.0,0.13,0.23,10.23,62.0,27,5.7,315813,0,0.0001,199986.8,16710700,16710700,656,656
1782873810,1073745760,1182322688,1073741824,12244273,8,83750,96197,16788719,13549016,13549016,16736493,78,0,34,6.6,6.7,54.0,59.0,113.0,72.0,81.0,19.0,1.10,80141,479,398.55,53.22,0.0,1.0,0.13,0.22,10.26,52.0,11,5.7,315813,0,0.0000,199997.4,16788719,16788719,656,0
1782873811,1073755904,1182322688,1073741824,12314248,8,83763,96098,16866589,13626903,13626903,16832590,79,2,27,5.8,7.3,45.5,67.5,113.0,71.0,81.0,19.0,1.10,79997,468,397.44,52.20,0.0,0.0,0.13,0.22,10.25,40.0,7,5.7,315813,0,0.0000,199990.7,16866591,16866591,656,1312
1782873812,1073758152,1182322688,1073741824,12384492,8,83706,96304,16944373,13704682,13704682,16928893,79,1,21,7.9,6.3,62.1,51.1,113.2,72.0,81.0,19.0,1.10,79926,468,396.98,52.20,0.0,0.0,0.13,0.22,10.25,81.0,0,5.7,315813,0,0.0000,199991.6,16944374,16944374,656,656
1782873813,1073753576,1182322688,1073741824,12454798,8,84488,96325,17022315,13782621,13782621,17025217,79,0,24,6.2,6.9,56.0,57.0,113.0,71.0,81.0,19.0,1.10,80119,468,397.66,52.20,0.0,0.0,0.13,0.23,10.30,46.0,10,5.7,315813,0,0.0000,199995.9,17022315,17022315,656,0
1782873815,1073749000,1182322688,1073741824,12525329,8,84670,96517,17100517,13860824,13860824,17121733,80,2,24,6.9,6.8,58.1,55.1,113.2,36.5,81.0,19.0,1.10,80347,468,398.98,52.20,0.0,0.0,0.13,0.22,10.32,58.0,11,5.7,315813,0,0.0000,200000.0,17100519,17100519,656,1312
1782873816,1073915848,1183506432,1073741824,12594528,8,84464,94816,17177177,13937507,13937507,17216548,81,233,200,6.4,7.6,53.0,59.0,112.0,73.0,81.0,19.0,1.10,39444,235,214.43,26.11,0.0,0.5,0.15,0.23,6.11,28.0,0,6.2,315813,0,0.0007,199866.2,17177410,17177177,656,0
1782873817,1073752328,1183846400,1073741824,12664473,8,83547,95849,17254894,14015195,14015195,17312396,81,1,41,7.4,6.5,62.8,49.9,112.7,73.0,81.0,19.0,1.10,79994,486,397.55,54.21,0.0,0.0,0.13,0.23,10.32,68.0,12,5.7,315813,0,0.0000,200000.0,17254895,17254895,656,656
1782873818,1073749952,1183850496,1073741824,12734509,8,83814,96064,17332781,14093092,14093092,17408459,81,1,17,6.3,8.4,59.0,54.0,113.0,71.0,81.0,19.0,1.10,80097,468,398.28,52.20,0.0,0.0,0.13,0.22,10.41,70.0,0,5.7,315813,0,0.0000,199998.6,17332782,17332782,656,656
1782873819,1073749360,1183850496,1073741824,12804622,8,83813,96143,17410567,14170872,14170872,17504601,82,3,23,6.5,7.7,57.0,56.0,113.0,72.0,81.0,19.0,1.10,79905,468,397.55,52.20,0.0,0.0,0.13,0.22,10.15,55.0,33,5.7,315813,0,0.0000,199994.3,17410570,17410570,656,1968
1782873820,1073746256,1183596544,1073741824,12875075,8,84011,96474,17488604,14248900,14248900,17601074,84,0,44,7.4,6.8,66.5,46.5,113.0,72.0,81.0,19.0,1.10,80294,470,399.52,52.21,0.0,1.0,0.13,0.22,10.29,69.0,17,5.7,315813,0,0.0000,200000.0,17488604,17488604,656,0
1782873821,1073748152,1183596544,1073741824,12945512,8,84618,96445,17566788,14327088,14327088,17697518,84,2,38,6.8,6.1,55.0,58.0,113.0,70.0,81.0,19.0,1.10,80385,477,399.99,53.21,0.0,0.0,0.13,0.22,10.37,48.0,28,5.7,315813,0,0.0000,200000.0,17566790,17566790,656,1312
1782873823,1073741128,1183662080,1073741824,13015878,8,84720,96418,17644628,14404921,14404921,17793935,84,0,43,6.0,7.4,54.0,59.0,113.0,36.0,81.0,19.0,1.10,79939,468,398.16,52.20,0.0,0.0,0.13,0.22,10.28,53.0,36,5.7,315813,0,0.0000,200000.0,17644628,17644628,656,0
1782873824,1073898712,1183694848,1073741824,13085530,8,84624,95473,17721848,14482160,14482160,17889407,84,193,200,6.2,7.1,51.5,60.6,112.1,74.0,81.0,19.0,1.10,39616,229,215.60,25.60,0.0,0.0,0.15,0.22,6.08,22.0,0,6.2,315813,0,0.0006,199877.0,17722041,17721848,656,0
1782873825,1073752976,1223249920,1073741824,13155125,8,83852,95328,17799085,14559399,14559399,17984734,84,1,11,7.3,6.8,60.7,51.6,112.3,73.0,81.0,19.0,1.14,79670,488,395.87,54.22,0.0,1.0,0.13,0.22,10.31,70.0,28,5.7,315813,0,0.0000,199997.4,17799086,17799086,656,656
1782873826,1073753496,1183674368,1073741824,13225380,8,83695,96220,17876948,14637259,14637259,18080953,84,1,19,7.3,6.5,70.5,42.6,113.1,71.0,81.0,19.0,1.10,80150,468,399.13,52.20,0.0,0.0,0.13,0.22,10.38,68.0,18,5.7,315813,0,0.0000,199997.6,17876949,17876949,656,656
1782873827,1073747000,1183399936,1073741824,13295194,8,83305,95647,17954364,14714674,14714674,18176599,84,1,18,7.3,6.6,66.0,47.0,113.0,73.0,81.0,19.0,1.10,79628,468,396.32,52.20,0.0,0.0,0.13,0.22,10.34,76.0,13,5.7,315813,0,0.0000,200000.0,17954365,17954365,656,656
1782873828,1073722632,1183477760,1073741824,13365563,8,83492,96455,18032508,14792786,14792786,18273053,84,0,16,7.8,6.5,72.1,41.2,113.3,71.0,81.0,19.0,1.10,80225,468,398.49,52.20,0.0,0.0,0.13,0.22,10.30,74.0,19,5.7,315813,0,0.0000,200000.0,18032508,18032508,656,0
1782873829,1073749344,1183309824,1073741824,13435696,8,84202,96053,18110241,14870553,14870553,18369105,84,2,16,7.1,6.5,57.0,56.0,113.0,71.0,81.0,19.0,1.10,79938,468,397.44,52.20,0.0,0.0,0.13,0.22,10.31,60.0,0,5.7,315813,0,0.0000,199996.8,18110243,18110243,656,1312
1782873831,1073753560,1183232000,1073741824,13505989,8,84441,96256,18188132,14948443,14948443,18465360,84,2,22,7.2,6.1,67.1,46.1,113.2,36.0,81.0,19.0,1.10,80079,470,398.06,52.21,0.0,1.0,0.13,0.22,10.34,64.0,20,5.7,315813,0,0.0000,199994.9,18188134,18188134,656,1312
1782873832,1073727824,1183232000,1073741824,13575712,8,84679,95583,18265599,15025892,15025892,18560942,84,0,8,7.0,6.3,58.0,54.0,112.0,75.0,81.0,19.0,1.10,39994,234,217.77,26.10,0.0,0.0,0.15,0.23,6.18,25.5,8,6.2,315813,0,0.0000,200000.0,18265599,18265599,656,0
1782873833,1073750416,1223340032,1073741824,13646004,8,84077,96248,18343466,15103770,15103770,18657189,84,2,32,8.1,6.4,71.4,41.5,112.9,72.0,81.0,19.0,1.14,79958,486,397.86,54.21,0.0,0.0,0.13,0.23,10.37,79.0,17,5.8,315813,0,0.0000,199993.4,18343468,18343468,656,1312
1782873834,1073753680,1182986240,1073741824,13716099,8,83662,96094,18421391,15181704,15181704,18753282,85,2,16,5.7,7.5,50.6,62.6,113.2,72.0,81.0,19.0,1.10,80159,468,398.50,52.20,0.0,0.0,0.13,0.22,10.38,54.0,10,5.7,315813,0,0.0000,199998.2,18421393,18421393,656,1312
1782873835,1073750696,1182986240,1073741824,13786257,8,83678,96138,18499254,15259567,15259567,18849419,85,2,13,5.8,7.5,50.6,62.7,113.3,73.0,81.0,19.0,1.10,79992,470,397.82,52.21,0.0,1.0,0.13,0.25,10.86,44.0,7,5.7,315813,0,0.0000,199995.5,18499256,18499256,656,1312
1782873836,1073753224,1182986240,1073741824,13856482,8,83741,96284,18577238,15337554,15337554,18945702,85,1,14,8.8,6.2,77.0,36.0,113.0,72.0,81.0,19.0,1.10,80124,468,399.35,52.20,0.0,0.0,0.13,0.22,10.44,92.0,15,5.7,315813,0,0.0000,199993.7,18577239,18577239,656,656
1782873837,1073753440,1182916608,1073741824,13926703,8,84495,96280,18655191,15415499,15415499,19041981,85,0,31,9.0,4.8,81.1,32.1,113.2,71.0,81.0,19.0,1.10,80232,468,399.45,52.20,0.0,0.0,0.13,0.22,10.32,89.0,12,5.7,315813,0,0.0000,200000.0,18655191,18655191,656,0
1782873839,1073751904,1182916608,1073741824,13996660,8,82983,95766,18732909,15493209,15493209,19137746,86,1,41,7.0,7.4,57.7,57.8,115.5,36.5,81.0,19.0,1.10,39917,234,198.85,26.10,0.0,0.0,0.13,0.22,5.09,28.0,0,5.7,315813,0,0.0000,199998.9,18732910,18732910,656,656
1782873840,1073752760,1223303168,1073741824,14068186,8,83445,97944,18812118,15572428,15572428,19235689,88,4,33,6.2,8.1,43.5,71.5,115.0,76.0,81.0,19.0,1.14,81752,488,444.10,54.22,0.0,1.0,0.15,0.23,12.73,45.0,6,6.2,315813,0,0.0000,199992.0,18812122,18812122,656,2624
1782873841,1073752552,1182777344,1073741824,14138524,8,84092,96299,18890001,15650311,15650311,19331987,89,1,26,7.9,6.0,68.5,44.4,112.9,71.0,81.0,19.0,1.10,80077,468,399.13,52.20,0.0,0.0,0.13,0.22,10.46,75.0,10,5.7,315813,0,0.0000,199996.6,18890002,18890002,656,656
1782873842,1073746520,1182777344,1073741824,14208785,8,83795,96216,18968152,15728457,15728457,19428202,89,3,21,7.2,6.4,60.6,52.5,113.1,72.0,81.0,19.0,1.10,80393,468,400.00,52.20,0.0,0.0,0.13,0.23,10.52,66.0,17,5.7,315813,0,0.0000,199996.5,18968155,18968155,656,1968
1782873843,1073728776,1182777344,1073741824,14278193,8,82889,95045,19044962,15805241,15805241,19523246,90,0,33,7.9,6.2,69.4,44.3,113.7,71.0,81.0,19.0,1.10,78939,468,394.20,52.20,0.0,0.0,0.13,0.23,10.71,73.0,0,5.8,315813,0,0.0000,200000.0,19044962,19044962,656,0
1782873844,1073746144,1182777344,1073741824,14346319,8,81001,93092,19120246,15880537,15880537,19616337,92,3,45,7.6,6.8,66.1,47.0,113.1,70.0,81.0,19.0,1.10,77420,450,385.78,50.20,0.0,0.0,0.13,0.23,10.03,62.0,0,5.7,315813,0,0.0000,199996.8,19120249,19120249,656,1968
1782873845,1073753208,1182777344,1073741824,14414501,8,81668,93189,19195711,15956012,15956012,19709525,92,1,33,6.8,6.7,57.6,55.7,113.3,71.0,81.0,19.0,1.10,77539,452,386.45,50.21,0.0,1.0,0.13,0.22,10.01,64.0,0,5.7,315813,0,0.0000,200000.0,19195712,19195712,656,656
1782873847,1073751248,1182781440,1073741824,14483150,8,82115,93934,19271666,16031963,16031963,19803458,92,1,30,7.2,6.9,62.7,50.6,113.3,35.0,81.0,19.0,1.10,39091,229,194.60,25.60,0.0,0.0,0.13,0.22,5.05,30.5,9,5.7,315813,0,0.0000,200000.0,19271667,19271667,656,656
1782873848,1073742408,1222623232,1073741824,14551045,8,81564,92758,19346964,16107262,16107262,19896215,94,0,28,7.4,5.8,59.2,53.2,112.4,74.0,81.0,19.0,1.14,77513,468,422.76,52.20,0.0,0.0,0.16,0.22,12.31,61.0,10,6.2,315813,0,0.0000,200000.0,19346964,19346964,656,0
1782873849,1073743544,1182945280,1073741824,14619336,8,81442,93357,19422630,16182924,16182924,19989571,94,0,40,6.9,6.9,61.0,51.9,112.9,71.0,81.0,19.0,1.10,77975,450,388.74,50.20,0.0,0.0,0.13,0.23,10.10,63.0,0,5.7,315813,0,0.0000,200000.0,19422630,19422630,656,0
1782873850,1073753040,1182969856,1073741824,14687755,8,81564,93660,19498432,16258743,16258743,20083230,95,2,19,7.1,6.5,61.0,52.0,113.0,71.0,81.0,19.0,1.10,77872,461,388.43,51.21,0.0,1.0,0.13,0.23,10.03,64.0,15,5.7,315813,0,0.0000,199996.8,19498434,19498434,656,1312
1782873851,1073757488,1182998528,1073741824,14756193,8,81431,93567,19574312,16334634,16334634,20176796,95,5,20,6.7,7.4,55.6,57.5,113.1,70.0,81.0,19.0,1.10,77970,450,387.93,50.20,0.0,0.0,0.13,0.22,10.08,62.0,14,5.7,315813,0,0.0000,199992.9,19574317,19574312,656,0
1782873852,1073730856,1182879744,1073741824,14824645,8,82074,93684,19650231,16410515,16410515,20270479,96,0,26,7.1,6.4,59.6,53.6,113.2,70.0,81.0,19.0,1.10,78015,459,389.28,51.20,0.0,0.0,0.13,0.23,10.09,59.0,0,5.7,315813,0,0.0000,200000.0,19650231,19650231,656,0
1782873853,1073748008,1182945280,1073741824,14894105,8,83066,95090,19727340,16487643,16487643,20365568,96,5,26,6.2,7.3,53.1,60.1,113.2,72.0,81.0,19.0,1.10,79232,459,394.23,51.20,0.0,0.0,0.13,0.22,10.22,51.0,30,5.7,315813,0,0.0000,199996.6,19727345,19727345,656,3280
1782873855,1073751936,1182945280,1073741824,14964176,8,84473,96174,19805331,16565645,16565645,20461741,97,1,14,7.4,6.1,72.5,40.4,112.9,36.0,81.0,19.0,1.10,40098,234,200.14,26.10,0.0,0.0,0.13,0.22,5.21,31.5,13,5.7,315813,0,0.0000,199994.2,19805332,19805332,656,656
1782873856,1073772112,1224101888,1073741824,15033647,8,83834,95128,19882469,16642777,16642777,20556868,97,45,52,6.6,6.9,58.5,53.5,112.0,75.0,81.0,19.0,1.14,79374,479,434.20,53.22,0.0,1.0,0.16,0.22,12.66,47.0,0,6.3,315813,0,0.0001,199974.1,19882514,19882469,656,0
1782873857,1073751912,1182945280,1073741824,15103263,8,83327,95375,19959750,16720065,16720065,20652242,98,1,12,7.6,6.4,63.4,49.4,112.8,72.0,81.0,19.0,1.10,79570,468,397.47,52.20,0.0,0.0,0.13,0.22,10.40,69.0,0,5.8,315813,0,0.0000,199994.5,19959751,19959751,656,656
1782873858,1073749520,1182945280,1073741824,15173164,8,83201,95841,20037627,16797922,16797922,20748082,99,1,44,7.3,5.5,60.4,52.5,112.9,71.0,81.0,19.0,1.10,80098,468,399.82,52.20,0.0,0.0,0.13,0.22,10.42,62.0,10,5.7,315813,0,0.0000,200000.0,20037628,20037628,656,656
1782873859,1073758976,1182945280,1073741824,15243513,8,83720,96239,20115606,16875921,16875921,20844320,99,1,19,6.2,7.8,56.0,57.0,113.0,72.0,81.0,19.0,1.10,80143,468,399.97,52.20,0.0,0.0,0.13,0.22,10.54,68.0,17,5.7,315813,0,0.0000,199990.5,20115607,20115607,656,656
1782873860,1073748472,1182945280,1073741824,15313751,8,84289,96098,20193554,16953863,16953863,20940417,100,1,17,6.9,7.0,59.1,54.1,113.2,71.0,81.0,19.0,1.10,80115,470,399.11,52.21,0.0,1.0,0.13,0.22,10.48,61.0,6,5.7,315813,0,0.0000,199997.5,20193555,20193555,656,656
1782873861,1073745064,1182945280,1073741824,15384214,8,84548,96477,20271661,17031956,17031956,21036893,100,0,45,6.1,7.1,52.5,60.6,113.1,72.0,81.0,19.0,1.10,80339,468,400.63,52.20,0.0,0.0,0.13,0.22,10.48,48.0,18,5.7,315813,0,0.0000,200000.0,20271661,20271661,656,0
1782873863,1073749352,1182945280,1073741824,15454722,8,84776,96665,20349800,17110097,17110097,21133557,100,1,30,7.0,7.3,61.1,52.1,113.2,36.0,81.0,19.0,1.10,40121,229,200.21,25.60,0.0,0.0,0.13,0.22,5.26,35.5,0,5.7,315813,0,0.0000,199996.6,20349801,20349801,656,656
1782873864,1073731448,1224364032,1073741824,15524371,8,84112,95298,20426871,17187150,17187150,21228854,100,0,38,7.2,6.7,60.4,51.5,111.9,74.0,81.0,19.0,1.14,79508,486,435.86,54.21,0.0,0.0,0.16,0.22,12.79,64.0,23,6.3,315813,0,0.0000,200000.0,20426871,20426871,656,0
1782873865,1073736248,1182945280,1073741824,15594013,8,83267,95261,20504061,17264353,17264353,21324114,100,0,19,7.0,7.0,62.6,50.5,113.1,72.0,81.0,19.0,1.10,79300,461,396.30,51.21,0.0,1.0,0.13,0.22,10.39,63.0,0,5.7,315813,0,0.0000,200000.0,20504061,20504061,656,0
1782873866,1073747128,1182945280,1073741824,15662833,8,81683,94057,20580266,17340567,17340567,21418170,100,0,34,6.6,6.9,55.6,57.6,113.2,69.0,81.0,19.0,1.10,78209,459,390.71,51.20,0.0,0.0,0.13,0.22,10.16,66.0,8,5.8,315813,0,0.0000,199999.9,20580266,20580266,656,0
1782873867,1073754536,1182945280,1073741824,15730645,8,80991,92613,20655442,17415755,17415755,21510782,100,2,24,6.7,6.9,62.0,51.0,113.0,71.0,81.0,19.0,1.10,77371,450,386.63,50.20,0.0,0.0,0.13,0.22,10.07,61.0,0,5.7,315813,0,0.0000,199995.0,20655444,20655444,656,1312
1782873868,1073754680,1183055872,1073741824,15799065,8,80779,93475,20731078,17491397,17491397,21604256,101,2,11,7.2,6.3,64.7,48.7,113.4,70.0,81.0,19.0,1.10,77738,450,387.64,50.20,0.0,0.0,0.13,0.22,10.03,59.0,11,5.7,315813,0,0.0000,199991.3,20731080,20731080,656,1312
1782873869,1073745584,1183055872,1073741824,15867354,8,81682,93329,20806519,17566828,17566828,21697584,103,1,16,6.1,7.2,57.8,55.9,113.7,72.0,81.0,19.0,1.10,77534,450,387.55,50.20,0.0,0.0,0.12,0.22,9.28,56.0,24,5.7,315813,0,0.0000,200000.0,20806520,20806520,656,656
1782873871,1073725952,1182945280,1073741824,15934315,8,80727,91537,20880625,17640907,17640907,21789120,103,0,27,8.0,5.7,75.3,38.2,113.5,36.0,81.0,19.0,1.10,37953,221,200.19,24.60,0.0,0.5,0.14,0.23,5.22,28.5,58,6.0,315813,0,0.0000,200000.0,20880625,20880625,656,0
1782873872,1073744552,1222922240,1073741824,16001525,8,80350,92030,20955013,17715309,17715309,21881149,104,0,43,7.1,6.5,59.8,52.7,112.5,73.0,81.0,19.0,1.14,77122,468,401.51,52.20,0.0,0.0,0.15,0.22,11.53,65.0,0,6.0,315813,0,0.0000,200000.0,20955013,20955013,656,0
1782873873,1073750632,1182945280,1073741824,16068490,8,79995,91621,21029094,17789407,17789407,21972769,104,2,21,6.6,7.7,61.8,51.8,113.6,72.0,81.0,19.0,1.10,76174,441,380.41,49.19,0.0,0.0,0.13,0.22,9.75,60.0,0,5.7,315813,0,0.0000,200000.0,21029096,21029096,656,1312
1782873874,1073745560,1183068160,1073741824,16135806,8,79997,92071,21103829,17864121,17864121,22064839,104,0,39,6.5,7.0,56.7,56.7,113.4,70.0,81.0,19.0,1.10,76857,450,383.91,50.20,0.0,0.0,0.13,0.22,9.93,63.0,0,5.8,315813,0,0.0000,200000.0,21103829,21103829,656,0
1782873875,1073740704,1182941184,1073741824,16203787,8,80484,93139,21179145,17939442,17939442,22157977,106,0,29,7.7,6.1,66.8,46.8,113.6,72.0,81.0,19.0,1.10,77478,452,387.41,50.21,0.0,1.0,0.13,0.23,9.98,67.0,5,5.8,315813,0,0.0000,200000.0,21179145,21179145,656,0
1782873876,1073753920,1182941184,1073741824,16271472,8,81196,92630,21254048,18014359,18014359,22250606,106,1,27,6.9,7.2,65.1,48.1,113.2,71.0,81.0,19.0,1.10,76993,441,384.57,49.19,0.0,0.0,0.13,0.22,10.05,65.0,0,5.7,315813,0,0.0000,200000.0,21254049,21254049,656,656
1782873878,1073755976,1182822400,1073741824,16339313,9,81575,93016,21329461,18089780,18089780,22343620,107,1,15,7.1,6.6,60.6,52.6,113.2,36.0,81.0,19.0,1.10,77506,450,386.85,50.20,0.0,0.0,0.13,0.22,10.01,66.0,0,5.7,315813,0,0.0000,199998.6,21329462,21329462,656,656
1782873879,1073727576,1182822400,1073741824,16405278,9,80568,90320,21402581,18162874,18162874,22433939,107,0,11,7.6,6.6,66.1,46.1,112.2,74.0,81.0,19.0,1.10,37764,220,207.36,24.60,0.0,0.0,0.16,0.23,5.93,36.5,0,6.3,315813,0,0.0000,200000.0,21402581,21402581,656,0
1782873880,1073726368,1182416896,1073741824,16471074,9,77286,89861,21475486,18235766,18235766,22523799,109,0,25,7.4,6.9,65.6,48.6,114.2,73.0,81.0,19.0,1.10,74956,452,373.55,50.21,0.0,1.0,0.13,0.23,9.74,64.0,0,5.8,315813,0,0.0000,200000.0,21475486,21475486,656,0
1782873881,1073749944,1182416896,1073741824,16537102,9,78677,90227,21548498,18308808,18308808,22614025,110,1,14,7.5,6.9,65.1,48.1,113.2,72.0,81.0,19.0,1.10,75011,441,376.09,49.19,0.0,0.0,0.13,0.23,9.81,61.0,0,5.8,315813,0,0.0000,199998.2,21548499,21548499,656,656
1782873882,1073753064,1182416896,1073741824,16603530,9,78558,90785,21622073,18382384,18382384,22704809,110,1,15,6.5,6.7,62.9,50.9,113.8,71.0,81.0,19.0,1.10,75648,432,377.98,48.19,0.0,0.0,0.13,0.23,9.73,58.0,0,5.7,315813,0,0.0000,199993.6,21622074,21622074,656,656
1782873883,1073750504,1182416896,1073741824,16669534,9,77829,90214,21695280,18455593,18455593,22795022,111,1,9,7.0,7.0,60.5,53.6,114.1,71.0,81.0,19.0,1.10,75232,441,375.69,49.19,0.0,0.0,0.13,0.23,9.66,66.0,0,5.7,315813,0,0.0000,199995.0,21695281,21695281,656,656
1782873884,1073747112,1182416896,1073741824,16735554,9,78827,90351,21768568,18528862,18528862,22885372,111,0,36,7.5,5.7,66.9,46.9,113.8,71.0,81.0,19.0,1.10,75296,441,376.79,49.19,0.0,0.0,0.13,0.23,9.77,56.0,0,5.8,315813,0,0.0000,200000.0,21768568,21768568,656,0
1782873886,1073753104,1182433280,1073741824,16802061,9,79343,91037,21842396,18602709,18602709,22976408,111,1,13,7.0,6.7,61.2,52.2,113.4,35.0,81.0,19.0,1.10,37929,221,189.70,24.60,0.0,0.5,0.13,0.22,4.90,31.5,0,5.8,315813,0,0.0000,199991.9,21842397,21842397,656,656
1782873887,1073748848,1221214208,1073741824,16866847,9,78190,88467,21913986,18674294,18674294,23064874,112,7,33,7.3,6.9,62.7,49.8,112.5,77.0,81.0,19.0,1.14,73948,441,406.91,49.19,0.0,0.0,0.16,0.23,11.77,63.0,0,6.3,315813,0,0.0000,199997.4,21913993,21913993,656,4592
1782873888,1073741408,1182416896,1073741824,16933141,9,77975,90689,21987459,18747762,18747762,23155562,112,0,20,7.8,5.9,69.3,44.3,113.6,70.0,81.0,19.0,1.10,75660,441,378.32,49.19,0.0,0.0,0.13,0.23,9.76,68.0,0,5.8,315813,0,0.0000,200000.0,21987459,21987459,656,0
1782873889,1073753752,1182416896,1073741824,16999383,9,78696,90578,22061037,18821333,18821333,23246139,112,1,39,7.3,6.8,68.0,46.0,114.0,72.0,81.0,19.0,1.10,75567,441,378.48,49.19,0.0,0.0,0.13,0.23,9.81,60.0,0,5.8,315813,0,0.0000,199995.0,22061038,22061038,656,656
1782873890,1073747048,1182474240,1073741824,17065914,9,78697,91068,22134452,18894758,18894758,23337206,112,1,19,6.9,6.5,58.8,54.8,113.6,71.0,81.0,19.0,1.10,75489,434,377.01,48.20,0.0,1.0,0.13,0.23,9.70,61.0,0,5.7,315813,0,0.0000,199997.9,22134453,22134453,656,656
1782873891,1073753432,1182298112,1073741824,17131928,9,78517,90346,22207675,18967989,18967989,23427551,112,2,17,6.9,6.7,56.7,56.8,113.5,71.0,81.0,19.0,1.10,75324,441,376.79,49.19,0.0,0.0,0.13,0.23,9.79,60.0,0,5.8,315813,0,0.0000,199994.8,22207677,22207677,656,1312
1782873892,1073751760,1182298112,1073741824,17198200,9,78905,90631,22281156,19041470,19041470,23518181,112,1,19,7.6,5.9,69.1,45.1,114.2,71.0,81.0,19.0,1.10,75605,441,378.22,49.19,0.0,0.0,0.13,0.23,9.76,58.0,0,5.8,315813,0,0.0000,199998.2,22281157,22281157,656,656
1782873894,1073755072,1182298112,1073741824,17264404,9,79116,90494,22354233,19114551,19114551,23608674,112,5,20,7.3,6.9,57.8,55.8,113.6,35.5,81.0,19.0,1.10,37556,216,188.17,24.09,0.0,0.0,0.13,0.23,4.89,31.0,0,5.8,315813,0,0.0001,199988.4,22354238,22354238,656,3280
1782873895,1073743504,1182298112,1073741824,17329938,9,78575,89531,22426681,19186986,19186986,23698204,113,0,19,6.9,7.1,56.5,55.6,112.1,75.0,81.0,19.0,1.10,74790,452,411.63,50.21,0.0,1.0,0.16,0.23,11.84,66.0,14,6.3,315813,0,0.0000,200000.0,22426681,22426681,656,0
1782873896,1073755120,1182298112,1073741824,17396240,9,78394,90550,22499910,19260223,19260223,23788753,114,1,17,6.8,7.0,57.8,55.8,113.6,72.0,81.0,19.0,1.10,75328,441,376.56,49.19,0.0,0.0,0.13,0.23,9.70,61.0,0,5.8,315813,0,0.0000,199996.4,22499911,22499911,656,656
1782873897,1073744056,1182396416,1073741824,17462703,9,78415,90694,22573309,19333610,19333610,23879446,114,0,22,7.6,6.1,67.9,45.9,113.8,71.0,81.0,19.0,1.10,75471,432,377.94,48.19,0.0,0.0,0.13,0.23,9.82,66.0,0,5.7,315813,0,0.0000,200000.0,22573309,22573309,656,0
1782873898,1073748336,1182298112,1073741824,17528540,9,77833,89878,22646022,19406322,19406322,23969323,114,1,36,7.2,6.5,58.8,54.8,113.6,72.0,81.0,19.0,1.10,74887,441,374.71,49.19,0.0,0.0,0.13,0.22,9.65,63.0,10,5.8,315813,0,0.0000,200000.0,22646023,22646023,656,656
1782873899,1073750680,1182298112,1073741824,17596405,9,78178,92570,22720924,19481220,19481220,24061892,114,0,39,6.9,7.3,59.5,57.5,117.0,72.0,81.0,19.0,1.10,76686,441,381.79,49.19,0.0,0.0,0.13,0.23,9.83,61.0,0,5.7,315813,0,0.0000,199999.5,22720924,22720924,656,0
1782873901,1073754856,1182400512,1073741824,17662818,9,79021,90635,22794127,19554446,19554446,24152526,114,1,11,6.7,6.9,64.4,49.3,113.7,36.0,81.0,19.0,1.10,75324,443,377.29,49.20,0.0,1.0,0.13,0.23,9.73,60.0,0,5.8,315813,0,0.0000,199996.0,22794128,22794128,656,656
1782873902,1073746768,1182302208,1073741824,17728260,9,78532,89251,22866575,19626872,19626872,24241776,116,5,38,7.3,7.0,60.6,52.6,113.2,75.0,81.0,19.0,1.10,37372,220,205.82,24.60,0.0,0.0,0.16,0.23,5.90,31.5,0,6.3,315813,0,0.0000,199995.6,22866580,22866580,656,3280
1782873903,1073754088,1182298112,1073741824,17794090,9,77444,89817,22939295,19699601,19699601,24331592,116,1,31,7.4,5.3,62.0,52.0,114.0,71.0,81.0,19.0,1.10,74701,441,373.82,49.19,0.0,0.0,0.13,0.23,9.60,63.0,0,5.8,315813,0,0.0000,199999.5,22939296,22939296,656,656
1782873904,1073750984,1182298112,1073741824,17858969,9,76722,88549,23011110,19771421,19771421,24420140,117,1,14,7.0,6.9,57.7,56.7,114.4,73.0,81.0,19.0,1.10,73812,424,369.06,47.31,0.0,0.0,0.13,0.23,9.44,69.0,0,5.7,315813,0,0.0000,199996.7,23011111,23011111,656,656
1782873905,1073752296,1182298112,1073741824,17924730,9,77214,89728,23083852,19844156,19844156,24509867,118,2,33,6.8,6.9,55.5,58.4,113.9,70.0,81.0,19.0,1.10,74744,434,373.91,48.20,0.0,1.0,0.13,0.23,9.69,59.0,0,5.7,315813,0,0.0000,200000.0,23083854,23083854,656,1312
1782873906,1073752008,1182298112,1073741824,17990172,9,77901,89276,23156306,19916620,19916620,24599142,118,1,13,6.4,7.0,60.9,52.9,113.8,72.0,81.0,19.0,1.10,74452,432,373.10,48.19,0.0,0.0,0.13,0.23,9.68,54.0,0,5.8,315813,0,0.0000,199996.7,23156307,23156307,656,656
1782873907,1073758392,1182298112,1073741824,18056752,9,78745,90909,23230011,19990332,19990332,24690050,120,1,14,7.5,6.5,62.0,52.0,114.0,72.0,81.0,19.0,1.10,75798,441,378.95,49.19,0.0,0.0,0.13,0.24,9.88,59.0,0,5.8,315813,0,0.0000,199991.4,23230012,23230012,656,656
1782873909,1073755160,1182298112,1073741824,18122632,9,78171,89949,23302959,20063274,20063274,24779998,120,1,16,6.6,8.0,56.6,57.7,114.3,36.5,81.0,19.0,1.10,37498,220,187.98,24.60,0.0,0.0,0.13,0.23,4.87,33.0,30,5.8,315813,0,0.0000,199997.6,23302960,23302960,656,656
1782873910,1073749224,1222553600,1073741824,18188606,9,78965,89997,23375640,20135956,20135956,24869994,120,1,16,7.4,6.2,65.1,47.1,112.2,73.0,81.0,19.0,1.14,74994,441,413.19,49.19,0.0,0.0,0.16,0.23,11.89,61.0,0,6.3,315813,0,0.0000,199997.8,23375641,23375641,656,656
1782873911,1073756896,1182420992,1073741824,18254352,9,77920,89839,23448343,20208659,20208659,24959832,120,1,15,6.6,7.4,58.8,54.9,113.7,71.0,81.0,19.0,1.10,74710,443,374.22,49.20,0.0,1.0,0.13,0.23,9.69,55.0,0,5.8,315813,0,0.0000,199992.2,23448344,23448344,656,656
1782873912,1073752416,1182543872,1073741824,18320785,9,78537,90850,23521938,20282253,20282253,25050681,120,1,12,7.0,6.7,63.9,49.9,113.8,72.0,81.0,19.0,1.10,75679,432,379.36,48.19,0.0,0.0,0.13,0.23,9.75,63.0,0,5.8,315813,0,0.0000,199991.5,23521939,23521939,656,656
1782873913,1073752984,1182507008,1073741824,18386884,9,78521,90513,23595301,20355607,20355607,25141193,120,2,23,7.3,6.2,63.4,50.5,113.9,72.0,81.0,19.0,1.10,75408,441,378.04,49.19,0.0,0.0,0.13,0.23,9.74,60.0,0,5.8,315813,0,0.0000,199995.2,23595303,23595303,656,1312
1782873914,1073750072,1182507008,1073741824,18452855,9,78089,90263,23668419,20428728,20428728,25231455,120,2,18,6.9,6.7,63.0,51.0,114.0,71.0,81.0,19.0,1.10,75137,432,376.13,48.19,0.0,0.0,0.13,0.23,9.76,64.0,0,5.7,315813,0,0.0000,199994.9,23668421,23668421,656,1312
1782873916,1073746888,1182507008,1073741824,18518869,9,78971,90079,23741531,20501844,20501844,25321533,121,1,13,7.3,6.5,65.8,47.8,113.6,35.5,81.0,19.0,1.10,75204,443,376.27,49.20,0.0,1.0,0.13,0.23,9.83,66.0,0,5.8,315813,0,0.0000,199998.4,23741532,23741532,656,656
1782873917,1073752176,1182437376,1073741824,18584359,9,78609,89406,23814055,20574362,20574362,25410938,121,3,37,6.7,7.0,59.1,54.1,113.2,76.0,81.0,19.0,1.10,37417,216,205.81,24.09,0.0,0.0,0.16,0.23,5.85,31.0,8,6.3,315813,0,0.0000,199991.3,23814058,23814058,656,1968
1782873918,1073754136,1182384128,1073741824,18650375,9,77818,90010,23886894,20647213,20647213,25500947,121,0,15,7.3,6.7,65.4,48.5,113.9,73.0,81.0,19.0,1.10,74848,450,375.00,50.20,0.0,0.0,0.13,0.23,10.01,63.0,0,5.8,315813,0,0.0000,199993.8,23886894,23886894,656,0
1782873919,1073752144,1181335552,1073741824,18717092,9,78575,91187,23960848,20721167,20721167,25592133,121,1,17,7.5,6.1,65.0,49.0,114.0,71.0,81.0,19.0,1.10,75963,441,379.75,49.19,0.0,0.0,0.13,0.23,9.91,61.0,0,5.7,315813,0,0.0000,199993.1,23960849,23960849,656,656
1782873920,1073745480,1181335552,1073741824,18783426,9,78386,90667,24034214,20794510,20794510,25682799,122,0,37,6.5,7.5,61.6,52.6,114.2,71.0,81.0,19.0,1.10,75413,434,377.47,48.20,0.0,1.0,0.13,0.23,9.76,64.0,0,5.7,315813,0,0.0000,200000.0,24034214,24034214,656,0
1782873921,1073752848,1181335552,1073741824,18849515,9,78135,90227,24107298,20867609,20867609,25773025,122,2,14,7.1,6.7,58.4,55.3,113.7,72.0,81.0,19.0,1.10,75246,441,376.90,49.19,0.0,0.0,0.13,0.23,9.89,60.0,0,5.8,315813,0,0.0000,199994.8,24107300,24107300,656,1312
1782873922,1073754560,1181335552,1073741824,18915630,9,78661,90322,24180429,20940743,20940743,25863346,123,1,17,7.4,5.8,64.9,48.9,113.8,73.0,81.0,19.0,1.10,75108,432,376.59,48.19,0.0,0.0,0.13,0.29,9.98,61.0,0,5.8,315813,0,0.0000,199995.4,24180430,24180430,656,656
1782873924,1073741816,1181335552,1073741824,18982018,9,79047,90733,24253759,21014060,21014060,25954078,124,0,23,7.6,5.5,67.9,45.9,113.8,36.0,81.0,19.0,1.10,37699,220,189.38,24.60,0.0,0.0,0.13,0.23,4.89,31.0,0,5.8,315813,0,0.0000,200000.0,24253759,24253759,656,0
1782873925,1073752856,1221763072,1073741824,19047686,9,78627,89686,24326226,21086516,21086516,26043763,124,1,51,7.8,5.9,66.8,45.8,112.6,75.0,81.0,19.0,1.14,74720,441,411.84,49.19,0.0,0.0,0.16,0.23,11.90,64.0,12,6.3,315813,0,0.0000,199996.9,24326227,24326226,656,0
1782873926,1073746184,1181540352,1073741824,19113475,9,78206,90002,24399149,21159449,21159449,26133764,124,0,24,6.8,6.6,58.7,54.7,113.4,71.0,81.0,19.0,1.10,75162,443,376.80,49.20,0.0,1.0,0.13,0.23,9.78,61.0,0,5.8,315813,0,0.0000,200000.0,24399149,24399149,656,0
1782873927,1073747944,1181540352,1073741824,19179800,9,78194,90582,24472717,21233026,21233026,26224345,124,5,28,6.8,6.4,66.0,48.0,114.0,72.0,81.0,19.0,1.10,75654,432,378.59,48.19,0.0,0.0,0.13,0.23,9.78,65.0,0,5.7,315813,0,0.0000,199996.8,24472722,24472722,656,3280
1782873928,1073750432,1181540352,1073741824,19246148,9,78344,90616,24546072,21306385,21306385,26314960,126,2,16,7.6,6.1,70.4,43.4,113.8,71.0,81.0,19.0,1.10,75437,441,377.16,49.19,0.0,0.0,0.13,0.23,9.82,67.0,0,5.8,315813,0,0.0000,199999.3,24546074,24546074,656,1312
1782873929,1073753064,1181540352,1073741824,19312303,9,78757,90267,24619353,21379668,21379668,26405226,126,1,11,7.0,6.4,64.3,49.2,113.5,72.0,81.0,19.0,1.10,75306,432,376.83,48.19,0.0,0.0,0.13,0.23,9.81,62.0,0,5.7,315813,0,0.0000,199993.8,24619354,24619354,656,656
1782873930,1073750016,1181540352,1073741824,19378553,9,78893,90425,24692633,21452938,21452938,26495650,126,2,29,7.3,6.7,73.9,39.9,113.8,72.0,81.0,19.0,1.10,75260,443,377.49,49.20,0.0,1.0,0.13,0.23,9.87,65.0,0,5.8,315813,0,0.0000,200000.0,24692635,24692635,656,1312
1782873932,1073752624,1181540352,1073741824,19444816,9,78858,90428,24765908,21526198,21526198,26586077,126,0,48,7.4,6.5,60.8,52.9,113.7,36.5,81.0,19.0,1.10,37439,216,202.15,24.09,0.0,0.0,0.15,0.23,5.49,32.0,71,6.2,315813,0,0.0000,200000.0,24765908,24765908,656,0
1782873933,1073752936,1181540352,1073741824,19509782,9,77820,88749,24837839,21598154,21598154,26674825,126,2,17,7.1,6.6,63.3,49.3,112.6,74.0,81.0,19.0,1.10,74606,450,382.25,50.20,0.0,0.0,0.14,0.23,10.62,66.0,0,5.9,315813,0,0.0000,199993.7,24837841,24837841,656,1312
1782873934,1073739656,1181474816,1073741824,19575846,9,77611,90289,24911132,21671425,21671425,26765113,126,0,38,6.5,7.2,53.2,61.2,114.4,71.0,81.0,19.0,1.10,75318,432,377.69,48.19,0.0,0.0,0.13,0.23,9.70,64.0,0,5.8,315813,0,0.0000,200000.0,24911132,24911132,656,0
1782873935,1073724456,1181474816,1073741824,19641934,9,78127,90387,24984268,21744546,21744546,26855499,126,0,21,7.5,6.2,63.4,50.3,113.7,72.0,81.0,19.0,1.10,75112,443,376.77,49.20,0.0,1.0,0.13,0.23,9.76,65.0,0,5.8,315813,0,0.0000,200000.0,24984268,24984268,656,0
1782873936,1073749120,1181196288,1073741824,19707875,9,77956,90034,25057204,21817519,21817519,26945532,126,1,14,8.0,5.8,71.4,42.3,113.7,72.0,81.0,19.0,1.10,74949,432,375.55,48.19,0.0,0.0,0.13,0.23,9.88,65.0,0,5.8,315813,0,0.0000,199997.8,25057205,25057205,656,656
1782873937,1073743104,1181196288,1073741824,19774338,9,78959,90689,25130481,21890784,21890784,27036220,126,0,19,6.4,7.8,48.3,65.3,113.6,71.0,81.0,19.0,1.10,75414,432,378.35,48.19,0.0,0.0,0.13,0.23,9.90,66.0,0,5.8,315813,0,0.0000,200000.0,25130481,25130481,656,0
1782873939,1073757296,1181487104,1073741824,19840508,9,79310,90328,25203746,21964061,21964061,27126547,126,1,18,6.9,6.8,61.7,51.6,113.3,36.0,81.0,19.0,1.10,75234,441,376.75,49.19,0.0,0.0,0.13,0.23,9.87,63.0,0,5.8,315813,0,0.0000,199993.6,25203747,25203747,656,656
1782873940,1073768136,1181487104,1073741824,19905910,9,78959,89293,25276188,22036471,22036471,27215839,126,9,35,7.0,6.6,64.3,48.2,112.5,76.0,81.0,19.0,1.10,37356,220,205.88,24.60,0.0,0.0,0.16,0.23,5.97,32.5,0,6.3,315813,0,0.0001,199975.1,25276197,25276197,656,5904
1782873941,1073728544,1222381568,1073741824,19972411,9,78513,90705,25349661,22109947,22109947,27306543,127,0,17,7.4,6.4,70.3,43.3,113.6,71.0,81.0,19.0,1.14,75556,443,378.92,49.20,0.0,1.0,0.13,0.23,9.96,61.0,0,5.8,315813,0,0.0000,200000.0,25349661,25349661,656,0
1782873942,1073726208,1181487104,1073741824,20038472,9,77878,90121,25422998,22183279,22183279,27396663,127,0,22,6.7,6.5,60.5,53.5,114.0,72.0,81.0,19.0,1.10,75414,432,377.90,48.19,0.0,0.0,0.13,0.23,9.83,55.0,0,5.8,315813,0,0.0000,200000.0,25422998,25422998,656,0
1782873943,1073756688,1181487104,1073741824,20104992,9,78380,90791,25496328,22256646,22256646,27487453,127,1,11,7.6,5.8,61.8,51.8,113.6,72.0,81.0,19.0,1.10,75350,441,378.18,49.19,0.0,0.0,0.13,0.23,9.88,64.0,0,5.8,315813,0,0.0000,199990.4,25496329,25496329,656,656
1782873944,1073756800,1181487104,1073741824,20171318,9,78214,90490,25569757,22330068,22330068,27577942,127,1,21,7.1,6.7,60.8,52.7,113.5,71.0,81.0,19.0,1.10,75627,441,378.92,49.19,0.0,0.0,0.13,0.23,9.92,69.0,0,5.8,315813,0,0.0000,199992.7,25569758,25569758,656,656
1782873945,1073751504,1181487104,1073741824,20237539,9,78991,90497,25643187,22403492,22403492,27668438,127,2,23,7.3,7.3,65.4,48.5,113.9,72.0,81.0,19.0,1.10,75416,434,378.14,48.20,0.0,1.0,0.13,0.23,9.90,68.0,0,5.8,315813,0,0.0000,199993.5,25643189,25643189,656,1312
1782873947,1073753272,1181384704,1073741824,20304045,9,79175,90859,25716666,22476967,22476967,27759296,127,1,24,7.2,6.2,66.8,46.8,113.6,36.0,81.0,19.0,1.10,37761,220,189.28,24.60,0.0,0.0,0.13,0.23,4.96,33.0,0,5.8,315813,0,0.0000,199997.9,25716667,25716667,656,656
1782873948,1073726288,1223593984,1073741824,20370320,9,78863,90448,25790007,22550287,22550287,27849743,127,0,18,7.3,6.7,59.0,54.0,113.0,75.0,81.0,19.0,1.14,75548,450,417.78,50.20,0.0,0.0,0.16,0.23,12.16,66.0,0,6.3,315813,0,0.0000,200000.0,25790007,25790007,656,0
1782873949,1073748560,1182441472,1073741824,20436986,9,79225,91073,25863754,22624054,22624054,27940815,127,2,39,7.3,6.7,61.2,52.1,113.3,71.0,81.0,19.0,1.10,75989,441,381.32,49.19,0.0,0.0,0.13,0.23,9.99,63.0,0,5.8,315813,0,0.0000,200000.0,25863756,25863756,656,1312
1782873950,1073727656,1182453760,1073741824,20503718,9,79172,91247,25937538,22697821,22697821,28032061,127,0,30,6.8,7.0,57.7,55.7,113.4,72.0,81.0,19.0,1.10,75892,434,380.71,48.20,0.0,1.0,0.13,0.23,9.97,60.0,9,5.8,315813,0,0.0000,200000.0,25937538,25937538,656,0
1782873951,1073750648,1181102080,1073741824,20570509,9,79030,91276,26011553,22771861,22771861,28123336,127,2,17,7.4,6.3,62.8,50.8,113.6,71.0,81.0,19.0,1.10,76064,441,381.04,49.19,0.0,0.0,0.13,0.23,10.06,60.0,0,5.8,315813,0,0.0000,199996.6,26011555,26011555,656,1312
1782873952,1073748424,1180995584,1073741824,20637058,9,79146,91095,26085386,22845690,22845690,28214430,127,1,27,7.2,6.1,63.3,50.3,113.6,71.0,81.0,19.0,1.10,75891,441,380.82,49.19,0.0,0.0,0.13,0.23,10.00,64.0,0,5.8,315813,0,0.0000,200000.0,26085387,26085387,656,656
1782873954,1073747680,1180995584,1073741824,20703619,9,79622,91120,26159165,22919474,22919474,28305549,128,0,20,7.1,6.0,67.7,45.8,113.5,72.0,81.0,19.0,1.10,75890,441,380.42,49.19,0.0,0.0,0.13,0.23,9.91,65.0,0,5.8,315813,0,0.0000,200000.0,26159165,26159165,656,0
1782873955,1073751440,1180995584,1073741824,20770404,9,79807,91353,26233085,22993392,22993392,28396901,129,1,25,7.3,6.3,59.3,54.2,113.5,37.0,81.0,19.0,1.10,37835,220,204.59,24.60,0.0,0.0,0.15,0.23,5.59,30.5,69,6.2,315813,0,0.0000,199999.8,26233086,26233086,656,656
1782873956,1073720968,1222152192,1073741824,20836161,9,79250,89953,26305728,23066006,23066006,28486853,129,0,13,7.0,6.3,52.6,59.6,112.2,72.0,81.0,19.0,1.14,75407,452,387.44,50.21,0.0,1.0,0.14,0.23,10.98,54.0,0,5.9,315813,0,0.0000,200000.0,26305728,26305728,656,0
1782873957,1073749568,1180995584,1073741824,20903025,9,79089,91384,26379625,23139926,23139926,28578236,129,0,25,7.4,6.5,66.3,47.2,113.5,71.0,81.0,19.0,1.10,76010,441,380.86,49.19,0.0,0.0,0.13,0.23,9.92,61.0,26,5.8,315813,0,0.0000,199998.5,26379625,26379625,656,0
1782873958,1073747992,1180999680,1073741824,20970546,9,80200,92404,26454254,23214551,23214551,28670639,130,3,39,7.7,6.2,67.7,45.6,113.3,73.0,81.0,19.0,1.10,76839,441,387.40,49.19,0.0,0.0,0.13,0.23,10.10,67.0,0,5.8,315813,0,0.0000,199996.2,26454257,26454257,656,1968
1782873959,1073727744,1181077504,1073741824,21039856,9,80400,94867,26531025,23291305,23291305,28765505,130,0,24,6.7,7.2,59.5,56.6,116.1,73.0,81.0,19.0,1.10,78787,459,394.63,51.20,0.0,0.0,0.13,0.23,10.36,64.0,11,5.8,315813,0,0.0000,200000.0,26531025,26531025,656,0
1782873960,1073747832,1181077504,1073741824,21108006,9,81280,93215,26606694,23367002,23367002,28858719,130,1,24,7.6,6.7,66.8,46.8,113.6,75.0,81.0,19.0,1.10,77793,452,390.33,50.21,0.0,1.0,0.13,0.23,10.39,66.0,27,5.8,315813,0,0.0000,199999.8,26606695,26606695,656,656
1782873962,1073729248,1181167616,1073741824,21176176,9,81521,93430,26682316,23442603,23442603,28952148,131,0,21,7.2,6.9,60.8,52.8,113.6,36.5,81.0,19.0,1.10,38912,225,195.13,25.10,0.0,0.0,0.13,0.23,5.15,31.5,10,5.8,315813,0,0.0000,200000.0,26682316,26682316,656,0
1782873963,1073740328,1222586368,1073741824,21242402,9,79725,90392,26755550,23515850,23515850,29042539,131,0,25,7.0,7.0,60.3,52.3,112.6,74.0,81.0,19.0,1.14,75567,441,418.69,49.19,0.0,0.0,0.16,0.23,12.22,65.0,10,6.3,315813,0,0.0000,200000.0,26755550,26755550,656,0
1782873964,1073758368,1181167616,1073741824,21308854,9,78867,90837,26829019,23589338,23589338,29133375,132,2,16,6.5,7.3,62.7,50.6,113.3,71.0,81.0,19.0,1.10,75553,441,379.23,49.19,0.0,0.0,0.13,0.23,10.00,57.0,10,5.8,315813,0,0.0000,199995.8,26829021,26829021,656,1312
1782873965,1073736960,1181167616,1073741824,21374370,9,77815,89396,26901206,23661502,23661502,29222770,132,0,16,7.0,6.3,61.3,52.3,113.6,73.0,81.0,19.0,1.10,74179,434,372.37,48.20,0.0,1.0,0.14,0.23,10.33,57.0,0,5.8,315813,0,0.0000,200000.0,26901206,26901206,656,0
1782873966,1073741832,1182220288,1073741824,21441070,9,78478,91152,26975139,23735431,23735431,29313921,134,0,33,6.8,6.9,56.8,56.9,113.7,71.0,81.0,19.0,1.10,76059,441,382.61,49.19,0.0,0.0,0.13,0.23,10.07,64.0,0,5.8,315813,0,0.0000,200000.0,26975139,26975139,656,0
1782873967,1073749328,1182220288,1073741824,21507533,9,78905,91012,27048898,23809201,23809201,29404932,134,3,24,7.0,7.0,61.3,52.3,113.6,71.0,81.0,19.0,1.10,75821,432,381.14,48.19,0.0,0.0,0.13,0.23,10.03,63.0,0,5.8,315813,0,0.0000,199996.7,27048901,27048901,656,1968
1782873968,1073729456,1182220288,1073741824,21574266,9,79521,91014,27122514,23882806,23882806,29495945,136,0,17,7.6,5.9,60.8,52.7,113.5,71.0,81.0,19.0,1.10,75734,441,380.42,49.19,0.0,0.0,0.13,0.23,9.97,63.0,0,5.8,315813,0,0.0000,200000.0,27122514,27122514,656,0
1782873970,1073751912,1182224384,1073741824,21640685,9,79413,90767,27196016,23956331,23956331,29586711,138,1,19,7.1,7.2,65.7,47.7,113.4,36.0,81.0,19.0,1.10,37829,220,189.94,24.60,0.0,0.0,0.13,0.23,5.00,32.5,0,5.8,315813,0,0.0000,199994.3,27196017,27196017,656,656
1782873971,1073870784,1223512064,1073741824,21706408,9,78607,89569,27268604,24028911,24028911,29676279,138,146,170,7.1,6.7,61.8,50.9,112.7,73.0,81.0,19.0,1.14,74787,443,414.21,49.20,0.0,1.0,0.16,0.23,12.19,68.0,0,6.3,315813,0,0.0006,199883.2,27268750,27268604,656,0
1782873972,1073755888,1182224384,1073741824,21772804,9,78594,90698,27342204,24102517,24102517,29766976,138,1,22,7.4,6.6,65.6,47.7,113.3,73.0,81.0,19.0,1.10,75867,441,380.97,49.19,0.0,0.0,0.13,0.23,10.01,63.0,0,5.8,315813,0,0.0000,199998.7,27342205,27342205,656,656
1782873973,1073756592,1182224384,1073741824,21839284,9,78598,90905,27415749,24176058,24176058,29857880,139,1,22,7.3,6.4,68.8,44.8,113.6,71.0,81.0,19.0,1.10,75469,432,379.36,48.19,0.0,0.0,0.14,0.23,10.38,63.0,0,5.8,315813,0,0.0000,199996.3,27415750,27415750,656,656
1782873974,1073751968,1182224384,1073741824,21905806,10,78772,90969,27489254,24249567,24249567,29948847,139,1,11,6.8,6.8,67.8,45.8,113.6,70.0,81.0,19.0,1.10,75581,441,379.67,49.19,0.0,0.0,0.13,0.23,10.04,65.0,11,5.8,315813,0,0.0000,199994.6,27489255,27489255,656,656
1782873975,1073749720,1182224384,1073741824,21972249,10,79251,90754,27562707,24323020,24323020,30039600,141,1,14,6.6,7.1,60.8,52.8,113.6,72.0,81.0,19.0,1.10,75517,434,379.69,48.20,0.0,1.0,0.13,0.23,9.85,62.0,0,5.8,315813,0,0.0000,199995.8,27562708,27562708,656,656
1782873977,1073722688,1182224384,1073741824,22038475,10,79130,90496,27635954,24396234,24396234,30130095,141,0,19,7.5,6.4,65.8,47.8,113.6,71.0,81.0,19.0,1.10,75300,441,378.55,49.19,0.0,0.0,0.13,0.23,10.02,62.0,22,5.8,315813,0,0.0000,200000.0,27635954,27635954,656,0
1782873978,1073743560,1182224384,1073741824,22104688,10,78947,90379,27709265,24469563,24469563,30220473,143,0,40,6.9,6.8,63.7,49.8,113.5,36.5,81.0,19.0,1.10,37505,216,207.61,24.09,0.0,0.0,0.16,0.23,6.11,31.0,0,6.3,315813,0,0.0000,200000.0,27709265,27709265,656,0
1782873979,1073750136,1223774208,1073741824,22170418,10,78681,89641,27781881,24542166,24542166,30310113,143,0,52,7.2,6.7,59.6,52.7,112.3,74.0,81.0,19.0,1.14,75441,450,378.80,50.20,0.0,0.0,0.13,0.23,10.07,59.0,0,5.8,315813,0,0.0000,199997.2,27781881,27781881,656,0
1782873980,1073741664,1182224384,1073741824,22236553,10,78468,90400,27855160,24615445,24615445,30400512,143,0,33,7.7,6.3,71.8,41.8,113.6,71.0,81.0,19.0,1.10,75364,434,378.65,48.20,0.0,1.0,0.13,0.23,9.86,65.0,0,5.8,315813,0,0.0000,200000.0,27855160,27855160,656,0
1782873981,1073757616,1182146560,1073741824,22302959,10,78095,90870,27928732,24689048,24689048,30491381,143,0,16,7.8,6.5,66.1,48.1,114.2,72.0,81.0,19.0,1.10,75645,441,379.29,49.19,0.0,0.0,0.13,0.23,9.95,61.0,19,5.8,315813,0,0.0000,199990.8,27928732,27928732,656,0
1782873982,1073742552,1182146560,1073741824,22369228,10,78580,90605,28002039,24762330,24762330,30581985,144,0,29,6.4,7.4,64.7,48.7,113.4,72.0,81.0,19.0,1.10,75388,432,379.37,48.19,0.0,0.0,0.13,0.23,9.99,59.0,0,5.8,315813,0,0.0000,200000.0,28002039,28002039,656,0
1782873983,1073722424,1182146560,1073741824,22435507,10,79334,90775,28075646,24835923,24835923,30672759,145,0,23,6.3,7.3,54.8,58.8,113.6,70.0,81.0,19.0,1.10,75679,441,380.13,49.19,0.0,0.0,0.13,0.23,9.97,57.0,8,5.8,315813,0,0.0000,200000.0,28075646,28075646,656,0
1782873985,1073755272,1182146560,1073741824,22502048,10,79280,90701,28149287,24909600,24909600,30763459,147,2,16,7.2,6.7,61.7,51.8,113.5,36.0,81.0,19.0,1.10,75726,432,381.05,48.19,0.0,0.0,0.13,0.23,10.02,62.0,0,5.8,315813,0,0.0000,199994.1,28149289,28149289,656,1312
1782873986,1073755160,1182146560,1073741824,22567862,10,79412,89830,28221972,24982289,24982289,30853288,148,2,22,7.6,6.1,62.2,50.2,112.4,76.0,81.0,19.0,1.10,37567,221,208.19,24.60,0.0,0.5,0.16,0.23,6.09,33.5,12,6.3,315813,0,0.0000,199998.0,28221974,28221974,656,1312
1782873987,1073751712,1182146560,1073741824,22634193,10,78676,90562,28295350,25055651,25055651,30943849,148,0,33,7.0,7.1,55.6,57.7,113.3,71.0,81.0,19.0,1.10,75380,441,379.25,49.19,0.0,0.0,0.13,0.23,9.96,64.0,0,5.8,315813,0,0.0000,199999.3,28295350,28295350,656,0
1782873988,1073753496,1182146560,1073741824,22700620,10,78662,90903,28368996,25129311,25129311,31034751,148,0,14,7.2,6.5,56.8,56.8,113.6,71.0,81.0,19.0,1.10,75742,441,380.31,49.19,0.0,0.0,0.13,0.23,10.08,64.0,0,5.8,315813,0,0.0000,199992.7,28368996,28368996,656,0
1782873989,1073752032,1182146560,1073741824,22766941,10,78757,90721,28442411,25202725,25202725,31125471,149,1,17,6.6,7.1,62.7,50.7,113.4,71.0,81.0,19.0,1.10,75512,432,379.12,48.19,0.0,0.0,0.13,0.23,10.01,60.0,0,5.8,315813,0,0.0000,199996.2,28442412,28442412,656,656
1782873990,1073725944,1182146560,1073741824,22833608,12,78737,90890,28516089,25276363,25276363,31216358,149,0,30,6.9,7.0,57.7,55.8,113.5,72.0,81.0,19.0,1.10,75771,443,380.82,49.20,0.0,1.0,0.13,0.23,10.04,62.0,0,5.8,315813,0,0.0000,200000.0,28516089,28516089,656,0
1782873991,1073751056,1182146560,1073741824,22900196,12,79446,91074,28589666,25349973,25349973,31307431,150,5,26,6.5,6.7,55.8,57.8,113.6,70.0,81.0,19.0,1.10,75667,441,380.87,49.19,0.0,0.0,0.13,0.23,9.97,60.0,0,5.8,315813,0,0.0000,199993.2,28589671,28589671,656,3280
1782873993,1073747616,1182146560,1073741824,22966898,12,79634,91062,28663196,25423506,25423506,31398492,151,1,17,6.1,7.5,57.8,55.8,113.6,35.5,81.0,19.0,1.10,37818,216,189.97,24.09,0.0,0.0,0.13,0.23,5.01,29.5,0,5.8,315813,0,0.0000,199998.1,28663197,28663197,656,656
1782873994,1073743680,1222877184,1073741824,23032949,12,78836,90060,28736101,25496393,25496393,31488551,151,0,38,7.2,6.5,56.9,55.9,112.8,76.0,81.0,19.0,1.14,75229,450,417.17,50.20,0.0,0.0,0.16,0.23,12.27,64.0,0,6.3,315813,0,0.0000,200000.0,28736101,28736101,656,0
1782873995,1073747136,1181065216,1073741824,23099508,12,78967,91045,28809614,25569913,25569913,31579595,151,0,29,6.6,6.6,58.2,55.2,113.4,71.0,81.0,19.0,1.10,75602,432,379.97,48.19,0.0,0.0,0.13,0.23,9.97,59.0,0,5.8,315813,0,0.0000,200000.0,28809614,28809614,656,0
1782873996,1073753416,1181065216,1073741824,23166082,12,78762,90872,28883035,25643347,25643347,31670466,152,1,11,6.9,7.2,50.4,63.3,113.7,71.0,81.0,19.0,1.10,75474,443,379.97,49.20,0.0,1.0,0.13,0.23,9.91,59.0,0,5.8,315813,0,0.0000,199991.0,28883036,28883036,656,656
1782873997,1073748544,1181106176,1073741824,23233014,12,78959,91244,28956838,25717138,25717138,31761709,153,3,37,6.6,7.3,60.8,52.8,113.6,71.0,81.0,19.0,1.10,75876,441,381.41,49.19,0.0,0.0,0.13,0.23,10.11,61.0,0,5.8,315813,0,0.0000,199999.1,28956841,28956841,656,1968
1782873998,1073738048,1181106176,1073741824,23299820,12,78900,91083,29030670,25790962,25790962,31852791,153,0,22,7.2,6.3,62.8,50.8,113.6,71.0,81.0,19.0,1.10,75827,432,380.93,48.19,0.0,0.0,0.13,0.23,10.14,64.0,0,5.8,315813,0,0.0000,200000.0,29030670,29030670,656,0
1782873999,1073712448,1181065216,1073741824,23366779,12,79967,91632,29104972,25865248,25865248,31944422,153,0,3,6.9,7.4,64.8,48.7,113.5,71.0,81.0,19.0,1.10,76393,441,383.17,49.19,0.0,0.0,0.13,0.23,10.11,63.0,0,5.8,315813,0,0.0002,199954.2,29104972,29104972,656,0
1782874001,1073751672,1181024256,1073741824,23433525,12,79956,91221,29178800,25939110,25939110,32035642,153,1,17,7.2,7.0,66.9,46.9,113.8,36.0,81.0,19.0,1.10,37973,221,191.23,24.60,0.0,0.5,0.13,0.23,5.04,29.0,0,5.8,315813,0,0.0000,199993.9,29178801,29178801,656,656
1782874002,1073749200,1181024256,1073741824,23499532,12,78945,90131,29251823,26012136,26012136,32125772,153,1,15,7.7,6.6,69.7,42.8,112.5,74.0,81.0,19.0,1.10,75425,450,418.48,50.20,0.0,0.0,0.16,0.23,12.39,68.0,0,6.3,315813,0,0.0000,199998.5,29251824,29251824,656,656
1782874003,1073751632,1181138944,1073741824,23566090,12,78798,90906,29325374,26085689,26085689,32216677,154,1,13,7.1,6.5,65.8,47.8,113.6,71.0,81.0,19.0,1.10,75601,432,380.08,48.19,0.0,0.0,0.13,0.23,10.08,61.0,0,5.8,315813,0,0.0000,199995.0,29325375,29325375,656,656
1782874004,1073755480,1181024256,1073741824,23632741,12,78754,91078,29399123,26159416,26159416,32307754,154,1,43,7.2,7.4,59.8,53.9,113.7,71.0,81.0,19.0,1.10,75820,441,381.01,49.19,0.0,0.0,0.13,0.23,10.07,72.0,0,5.8,315813,0,0.0000,200000.0,29399124,29399124,656,656
1782874005,1073727544,1181302784,1073741824,23699751,12,79088,91410,29473087,26233368,26233368,32399163,155,0,24,7.3,6.3,67.8,45.8,113.6,71.0,81.0,19.0,1.10,76054,443,382.57,49.20,0.0,1.0,0.13,0.23,10.13,64.0,0,5.8,315813,0,0.0000,200000.0,29473087,29473087,656,0
1782874006,1073754088,1181302784,1073741824,23766586,12,79627,91255,29547025,26307328,26307328,32490417,155,2,30,7.2,6.7,62.8,50.9,113.7,71.0,81.0,19.0,1.10,76004,441,382.12,49.19,0.0,0.0,0.13,0.23,10.10,64.0,0,5.8,315813,0,0.0000,199997.3,29547027,29547027,656,1312
1782874008,1073749248,1181302784,1073741824,23833206,12,79503,90900,29620684,26381001,26381001,32581316,155,1,15,7.5,5.7,67.8,45.8,113.6,35.5,81.0,19.0,1.10,75734,432,380.64,48.19,0.0,0.0,0.13,0.23,10.12,62.0,7,5.8,315813,0,0.0000,200000.0,29620685,29620685,656,656
1782874009,1073754496,1181302784,1073741824,23899176,12,79651,90080,29693489,26453800,26453800,32671395,155,2,26,6.6,7.3,53.2,59.1,112.3,74.0,81.0,19.0,1.10,37561,220,208.52,24.60,0.0,0.0,0.16,0.23,6.14,31.5,0,6.3,315813,0,0.0000,199999.9,29693491,29693490,656,656
1782874010,1073749072,1181409280,1073741824,23965543,12,78795,90717,29766972,26527282,26527282,32762111,156,1,24,7.9,5.8,62.1,51.1,113.2,72.0,81.0,19.0,1.10,75573,441,380.28,49.19,0.0,0.0,0.13,0.23,10.08,63.0,0,5.8,315813,0,0.0000,200000.0,29766973,29766973,656,656
1782874011,1073761584,1181290496,1073741824,24032041,12,78711,90804,29840717,26601042,26601042,32852914,157,0,15,6.8,6.5,60.8,52.7,113.5,71.0,81.0,19.0,1.10,75956,443,382.41,49.20,0.0,1.0,0.13,0.23,10.17,60.0,0,5.8,315813,0,0.0001,199985.6,29840717,29840717,656,0
1782874012,1073753488,1181290496,1073741824,24098674,12,78803,91089,29914510,26674812,26674812,32944002,158,2,28,6.5,7.0,54.4,59.3,113.7,70.0,81.0,19.0,1.10,75807,441,380.78,49.19,0.0,0.0,0.13,0.23,10.11,58.0,0,5.8,315813,0,0.0000,199992.7,29914512,29914512,656,1312
1782874013,1073750928,1181290496,1073741824,24165089,12,78734,90734,29988103,26748405,26748405,33034735,158,1,32,7.4,6.3,70.2,43.2,113.4,71.0,81.0,19.0,1.10,75666,432,380.27,48.19,0.0,0.0,0.13,0.23,10.07,60.0,0,5.8,315813,0,0.0000,199996.8,29988104,29988104,656,656
1782874014,1073746360,1181290496,1073741824,24231649,12,79384,90974,30061758,26822054,26822054,33125708,158,0,33,7.3,6.5,61.8,51.7,113.5,70.0,81.0,19.0,1.10,75743,441,381.52,49.19,0.0,0.0,0.13,0.23,10.14,63.0,0,5.8,315813,0,0.0000,200000.0,30061758,30061758,656,0
1782874016,1073751440,1181290496,1073741824,24298229,12,79513,90907,30135320,26895633,26895633,33216614,158,3,27,6.6,6.8,55.8,57.7,113.5,35.5,81.0,19.0,1.10,37869,217,190.93,24.10,0.0,0.5,0.13,0.23,5.07,29.5,0,5.8,315813,0,0.0000,200000.0,30135323,30135323,656,1968
1782874017,1073742976,1181290496,1073741824,24364280,12,79503,90075,30208276,26968569,26968569,33306688,159,0,36,7.3,6.5,57.3,55.3,112.6,75.0,81.0,19.0,1.10,75335,450,418.04,50.20,0.0,0.0,0.16,0.23,12.49,65.0,0,6.3,315813,0,0.0000,200000.0,30208276,30208276,656,0
1782874018,1073750896,1181384704,1073741824,24430282,12,78327,90059,30281315,27041617,27041617,33396746,159,1,34,7.3,6.3,68.2,45.2,113.4,70.0,81.0,19.0,1.10,75273,432,378.23,48.19,0.0,0.0,0.13,0.23,10.09,63.0,0,5.8,315813,0,0.0000,199998.7,30281316,30281316,656,656
1782874019,1073757432,1181433856,1073741824,24498002,12,77916,92409,30356529,27116840,27116840,33489154,160,1,23,7.7,6.2,73.1,43.1,116.2,73.0,81.0,19.0,1.10,77160,450,386.92,50.20,0.0,0.0,0.13,0.23,10.19,60.0,0,5.8,315813,0,0.0000,199999.4,30356530,30356530,656,656
1782874020,1073721312,1181339648,1073741824,24564686,12,78787,91041,30430254,27190533,27190533,33580194,160,0,20,7.4,5.7,62.8,50.7,113.5,71.0,81.0,19.0,1.10,75828,434,381.41,48.20,0.0,1.0,0.13,0.23,10.13,58.0,0,5.8,315813,0,0.0000,200000.0,30430254,30430254,656,0
1782874021,1073748208,1181339648,1073741824,24631286,12,79131,90876,30503812,27264117,27264117,33671069,160,2,23,6.8,6.8,61.3,52.3,113.6,71.0,81.0,19.0,1.10,75599,441,380.36,49.19,0.0,0.0,0.13,0.23,10.11,64.0,0,5.8,315813,0,0.0000,200000.0,30503814,30503814,656,1312
1782874023,1073751696,1181339648,1073741824,24697752,12,79246,90781,30577323,27337622,27337622,33761849,160,1,30,7.3,6.6,60.3,53.3,113.6,70.0,81.0,19.0,1.10,75651,432,380.68,48.19,0.0,0.0,0.13,0.23,10.11,63.0,0,5.8,315813,0,0.0000,200000.0,30577324,30577324,656,656
1782874024,1073747672,1180958720,1073741824,24764073,12,79245,90581,30650858,27411157,27411157,33852429,160,0,32,7.2,6.4,53.7,59.7,113.4,37.0,81.0,19.0,1.10,37584,216,204.78,24.09,0.0,0.0,0.15,0.23,5.67,31.5,124,6.2,315813,0,0.0000,200000.0,30650858,30650858,656,0
1782874025,1073756208,1223294976,1073741824,24829622,12,78735,89559,30723490,27483802,27483802,33941987,161,1,25,7.6,6.3,63.1,49.0,112.1,73.0,81.0,19.0,1.14,75427,450,387.23,50.20,0.0,0.0,0.15,0.23,11.14,62.0,0,5.9,315813,0,0.0000,199992.2,30723491,30723491,656,656
1782874026,1073752008,1181089792,1073741824,24895893,12,78649,90712,30796973,27557292,27557292,34032698,161,1,15,6.9,7.1,68.7,44.7,113.4,70.0,81.0,19.0,1.10,75565,443,379.83,49.20,0.0,1.0,0.13,0.23,10.04,61.0,0,5.8,315813,0,0.0000,199998.9,30796974,30796974,656,656
1782874027,1073752104,1181089792,1073741824,24962371,12,78753,90934,30870502,27630821,27630821,34123631,162,0,11,7.4,6.1,59.3,54.3,113.6,72.0,81.0,19.0,1.10,75509,432,379.73,48.19,0.0,0.0,0.13,0.23,10.03,66.0,0,5.8,315813,0,0.0000,199996.5,30870502,30870502,656,0
1782874028,1073750480,1181089792,1073741824,25028927,12,78751,90858,30943992,27704306,27704306,34214488,162,1,14,7.3,6.3,62.3,51.2,113.5,71.0,81.0,19.0,1.10,75563,441,379.79,49.19,0.0,0.0,0.13,0.23,9.99,63.0,0,5.8,315813,0,0.0000,199995.7,30943993,30943993,656,656
1782874029,1073747728,1181089792,1073741824,25095268,12,79285,90734,31017603,27777912,27777912,34305221,162,3,22,7.7,5.8,68.3,45.3,113.6,71.0,81.0,19.0,1.10,75694,432,381.04,48.19,0.0,0.0,0.13,0.23,10.09,68.0,0,5.8,315813,0,0.0000,199994.4,31017606,31017606,656,1968
1782874031,1073720912,1181089792,1073741824,25161567,13,79181,90604,31091086,27851364,27851364,34395823,162,0,21,7.4,6.2,69.3,44.3,113.6,36.0,81.0,19.0,1.10,75548,443,380.85,49.20,0.0,1.0,0.13,0.23,10.06,60.0,0,5.8,315813,0,0.0000,200000.0,31091086,31091086,656,0
1782874032,1073752216,1223426048,1073741824,25227442,13,78751,90006,31163969,27924258,27924258,34485828,162,1,49,7.2,6.7,66.9,45.8,112.7,74.0,81.0,19.0,1.14,37640,216,209.06,24.09,0.0,0.0,0.16,0.23,6.16,32.0,1,6.3,315813,0,0.0000,199999.7,31163970,31163970,656,656
1782874033,1073723608,1180983296,1073741824,25293967,13,78549,90671,31237218,27997498,27997498,34576498,163,0,18,7.5,6.7,62.2,51.2,113.4,72.0,81.0,19.0,1.10,75235,450,378.67,50.20,0.0,0.0,0.13,0.23,10.02,67.0,0,5.8,315813,0,0.0000,200000.0,31237218,31237218,656,0
1782874034,1073754928,1180983296,1073741824,25360389,13,78372,90567,31310789,28071094,28071094,34667064,164,1,28,7.2,6.7,68.3,45.2,113.5,72.0,81.0,19.0,1.10,75667,432,380.96,48.19,0.0,0.0,0.14,0.25,10.56,61.0,0,5.8,315813,0,0.0000,199996.0,31310790,31310790,656,656
1782874035,1073757992,1180983296,1073741824,25427179,13,78715,91114,31384477,28144796,28144796,34758177,164,1,15,7.1,6.4,58.3,55.3,113.6,71.0,81.0,19.0,1.10,75746,443,380.88,49.20,0.0,1.0,0.13,0.23,10.18,62.0,0,5.8,315813,0,0.0000,199990.3,31384478,31384478,656,656
1782874036,1073740312,1180983296,1073741824,25493959,13,78873,91082,31458132,28218422,28218422,34849258,165,0,42,6.4,6.9,54.3,59.3,113.6,72.0,81.0,19.0,1.10,75706,432,380.36,48.19,0.0,0.0,0.13,0.23,10.07,64.0,0,5.8,315813,0,0.0000,200000.0,31458132,31458132,656,0
1782874037,1073742736,1180983296,1073741824,25560513,13,79228,90775,31531893,28292198,28292198,34940032,165,0,20,7.0,6.5,57.4,56.3,113.7,71.0,81.0,19.0,1.10,75785,441,381.26,49.19,0.0,0.0,0.13,0.23,10.01,63.0,0,5.8,315813,0,0.0000,200000.0,31531893,31531893,656,0
1782874039,1073719248,1180983296,1073741824,25627104,13,79571,91071,31605716,28365995,28365995,35031102,165,0,17,7.1,6.4,60.3,53.3,113.6,35.5,81.0,19.0,1.10,37980,220,190.81,24.60,0.0,0.0,0.13,0.23,5.08,31.0,0,5.8,315813,0,0.0000,200000.0,31605716,31605716,656,0
1782874040,1073723616,1216110592,1073741824,25693311,13,79314,90378,31678755,28439037,28439037,35121479,165,0,18,6.9,6.3,53.8,58.7,112.5,75.0,81.0,19.0,1.13,75416,441,419.04,49.19,0.0,0.0,0.16,0.23,12.47,65.0,0,6.3,315813,0,0.0000,200000.0,31678755,31678755,656,0
1782874041,1073755112,1180983296,1073741824,25759886,13,78839,90832,31752281,28512607,28512607,35212310,165,1,9,7.5,6.5,57.7,55.8,113.5,71.0,81.0,19.0,1.10,75560,443,380.27,49.20,0.0,1.0,0.13,0.23,10.21,66.0,0,5.8,315813,0,0.0001,199988.6,31752282,31752282,656,656
1782874042,1073748896,1181007872,1073741824,25826412,13,78820,91001,31826277,28586587,28586587,35303310,165,1,21,7.2,6.3,66.8,46.8,113.6,71.0,81.0,19.0,1.10,76122,432,382.64,48.19,0.0,0.0,0.13,0.23,10.17,65.0,0,5.8,315813,0,0.0000,200000.0,31826278,31826278,656,656
1782874043,1073753320,1181007872,1073741824,25892700,13,78687,90683,31899822,28660139,28660139,35393992,165,1,12,6.6,6.4,54.8,58.8,113.6,71.0,81.0,19.0,1.10,75538,441,379.96,49.19,0.0,0.0,0.13,0.24,10.25,58.0,0,5.8,315813,0,0.0000,199997.6,31899823,31899823,656,656
1782874044,1073729256,1181007872,1073741824,25959346,13,79069,90931,31973259,28733549,28733549,35484922,165,0,18,7.0,6.7,59.8,53.8,113.6,72.0,81.0,19.0,1.10,75564,432,379.68,48.19,0.0,0.0,0.13,0.23,10.18,63.0,0,5.8,315813,0,0.0000,200000.0,31973259,31973259,656,0
1782874045,1073724688,1181007872,1073741824,26025934,13,79540,91027,32046959,28807240,28807240,35575948,167,0,23,6.7,6.7,58.3,55.2,113.5,71.0,81.0,19.0,1.10,75782,443,381.22,49.20,0.0,1.0,0.13,0.23,10.14,58.0,0,5.8,315813,0,0.0000,200000.0,32046959,32046959,656,0
1782874047,1073751552,1182060544,1073741824,26092328,13,79360,90739,32120429,28880747,28880747,35666686,169,1,9,7.2,5.8,67.7,45.7,113.4,35.5,81.0,19.0,1.10,37789,216,190.28,24.09,0.0,0.0,0.13,0.23,5.12,30.0,0,5.8,315813,0,0.0000,199999.0,32120430,32120430,656,656
1782874048,1073748280,1224527872,1073741824,26158278,13,78929,89921,32193129,28953435,28953435,35756606,171,1,12,7.1,5.8,55.6,56.7,112.3,75.0,81.0,19.0,1.14,75043,450,417.16,50.20,0.0,0.0,0.17,0.23,12.56,62.0,0,6.3,315813,0,0.0000,199995.8,32193130,32193130,656,656
1782874049,1073757560,1182040064,1073741824,26224682,13,78696,90754,32266705,29027016,29027016,35847359,172,2,29,7.1,6.4,64.2,49.2,113.4,71.0,81.0,19.0,1.10,75623,432,380.59,48.19,0.0,0.0,0.13,0.23,10.03,58.0,0,5.8,315813,0,0.0000,199993.6,32266707,32266707,656,1312
1782874050,1073749248,1180958720,1073741824,26290990,13,78621,90713,32340043,29100351,29100351,35938071,172,1,21,7.1,6.1,58.7,54.8,113.5,72.0,81.0,19.0,1.10,75414,434,380.46,48.20,0.0,1.0,0.13,0.23,10.05,62.0,0,5.8,315813,0,0.0000,200000.0,32340044,32340044,656,656
1782874051,1073749480,1180917760,1073741824,26357402,13,78657,90937,32413708,29174013,29174013,36029007,172,1,27,7.4,6.9,61.2,52.3,113.5,71.0,81.0,19.0,1.10,75749,441,381.05,49.19,0.0,0.0,0.13,0.23,10.13,67.0,0,5.8,315813,0,0.0000,200000.0,32413709,32413709,656,656
1782874052,1073752992,1180917760,1073741824,26423837,13,79167,90780,32487344,29247642,29247642,36119786,173,2,43,7.0,6.7,59.7,53.8,113.5,70.0,81.0,19.0,1.10,75671,441,380.73,49.19,0.0,0.0,0.13,0.23,10.12,64.0,0,5.8,315813,0,0.0000,199993.1,32487346,32487346,656,1312
1782874054,1073752064,1180917760,1073741824,26490132,13,79117,90375,32560580,29320899,29320899,36210160,174,0,16,7.4,6.4,57.7,55.8,113.5,35.5,81.0,19.0,1.10,75353,432,379.51,48.19,0.0,0.0,0.14,0.23,10.56,64.0,0,5.8,315813,0,0.0000,200000.0,32560580,32560580,656,0
1782874055,1073748328,1180917760,1073741824,26555939,13,79242,89829,32633541,29393845,29393845,36299988,174,7,37,7.3,6.6,60.7,51.7,112.4,74.0,81.0,19.0,1.10,37662,216,209.29,24.09,0.0,0.0,0.16,0.23,6.16,34.5,1,6.3,315813,0,0.0000,199997.4,32633548,32633548,656,4592
1782874056,1073752032,1223122944,1073741824,26621921,13,78541,90053,32706549,29466856,29466856,36390040,174,1,22,7.1,6.0,57.6,55.7,113.3,73.0,81.0,19.0,1.14,75000,445,378.16,49.45,0.0,1.0,0.13,0.28,10.19,63.0,7,5.8,315813,0,0.0000,199995.8,32706550,32706550,656,656
1782874057,1073719680,1180823552,1073741824,26688501,13,78370,90782,32780046,29540324,29540324,36480821,174,0,16,7.0,6.4,65.8,47.8,113.6,71.0,81.0,19.0,1.10,75580,439,379.88,48.94,0.0,0.0,0.13,0.23,10.21,59.0,0,5.8,315813,0,0.0000,200000.0,32780046,32780046,656,0
1782874058,1073748472,1180823552,1073741824,26755380,13,78678,91231,32853823,29614127,29614127,36572051,175,4,32,7.3,6.4,62.3,51.4,113.7,71.0,81.0,19.0,1.10,75913,441,381.97,49.19,0.0,0.0,0.13,0.23,10.22,65.0,0,5.8,315813,0,0.0000,199999.9,32853827,32853827,656,2624
1782874059,1073738528,1180823552,1073741824,26821942,13,78915,91012,32927453,29687744,29687744,36663062,175,0,28,6.9,6.8,62.9,50.9,113.8,72.0,81.0,19.0,1.10,75704,432,381.44,48.19,0.0,0.0,0.13,0.23,10.11,71.0,0,5.8,315813,0,0.0000,200000.0,32927453,32927453,656,0
1782874060,1073755848,1180823552,1073741824,26888916,13,79664,91531,33001492,29761803,29761803,36754592,175,1,26,7.1,6.6,54.8,58.8,113.6,71.0,81.0,19.0,1.10,76283,443,384.06,49.20,0.0,1.0,0.13,0.23,10.21,67.0,0,5.8,315813,0,0.0000,200000.0,33001493,33001493,656,656
1782874062,1073747656,1180729344,1073741824,26955364,13,79467,90959,33075150,29835460,29835460,36845550,175,1,17,7.2,5.8,63.7,49.7,113.4,35.0,81.0,19.0,1.10,37846,220,190.87,24.60,0.0,0.0,0.13,0.23,5.02,30.5,1,5.8,315813,0,0.0000,200000.0,33075151,33075151,656,656
1782874063,1073747744,1223589888,1073741824,27021257,13,79087,90174,33148242,29908541,29908541,36935723,175,6,36,6.4,7.5,55.1,57.1,112.2,75.0,81.0,19.0,1.14,75550,441,420.28,49.19,0.0,0.0,0.17,0.23,12.61,66.0,0,6.3,315813,0,0.0000,199999.9,33148248,33148248,656,3936
1782874064,1073743928,1180729344,1073741824,27087988,13,79062,91011,33221853,29982161,29982161,37026733,177,0,18,7.5,6.4,69.5,43.6,113.1,72.0,81.0,19.0,1.10,75769,441,381.22,49.19,0.0,0.0,0.13,0.23,10.21,63.0,0,5.8,315813,0,0.0000,200000.0,33221853,33221853,656,0
1782874065,1073725864,1180729344,1073741824,27154447,13,78753,90971,33295409,30055689,30055689,37117703,177,0,25,7.6,6.3,70.7,42.8,113.5,70.0,81.0,19.0,1.10,75678,432,380.62,48.19,0.0,0.0,0.13,0.23,10.09,64.0,0,5.8,315813,0,0.0000,200000.0,33295409,33295409,656,0
1782874066,1073729280,1180729344,1073741824,27220904,13,78673,90949,33369070,30129348,30129348,37208651,177,0,31,6.7,7.4,64.9,48.9,113.8,71.0,81.0,19.0,1.10,75818,443,381.61,49.20,0.0,1.0,0.13,0.23,10.12,64.0,0,5.8,315813,0,0.0000,200000.0,33369070,33369070,656,0
1782874067,1073754672,1180729344,1073741824,27300553,13,79347,91899,33443334,30203793,30203793,37300549,177,0,12,6.7,7.5,55.2,58.3,113.5,71.0,81.0,19.0,1.10,76497,432,384.35,48.19,0.0,0.0,0.13,0.23,10.12,70.0,12,5.8,315813,0,0.0000,199991.1,33443334,33443334,656,0
1782874068,1073733768,1180778496,1073741824,27393936,13,81812,93384,33518818,30279259,30279259,37393932,177,0,6,7.4,6.5,54.6,58.6,113.2,73.0,81.0,19.0,1.10,77603,450,391.30,50.20,0.0,0.0,0.13,0.23,10.39,61.0,0,5.8,315813,0,0.0000,200000.0,33518818,33518818,656,0
1782874070,1073738120,1180725248,1073741824,27487406,13,81939,93471,33594537,30354983,30354983,37487402,177,0,7,7.7,6.3,69.1,44.1,113.2,36.5,81.0,19.0,1.10,38893,225,195.83,25.10,0.0,0.0,0.13,0.23,5.16,34.5,13,5.8,315813,0,0.0000,200000.0,33594537,33594537,656,0
1782874071,1073751304,1224765440,1073741824,27579676,13,81227,92271,33669353,30429795,30429795,37579672,177,8,33,6.4,6.9,50.0,62.0,112.0,77.0,81.0,19.0,1.14,77057,461,429.91,51.21,0.0,1.0,0.16,0.23,12.81,58.0,0,6.4,315813,0,0.0001,199989.6,33669361,33669361,656,5248
1782874072,1073759488,1180856320,1073741824,27670901,14,79889,91227,33743220,30503674,30503674,37670897,177,2,23,8.0,6.4,65.8,45.8,111.6,78.0,81.0,19.0,1.10,76177,441,383.40,49.19,0.0,0.0,0.26,0.24,19.58,72.0,20,5.8,315813,0,0.0000,199998.3,33743222,33743222,656,1312
1782874073,1073751696,1181908992,1073741824,27764117,14,80914,93217,33818761,30579217,30579217,37764113,177,1,12,7.6,6.7,70.5,42.6,113.1,72.0,81.0,19.0,1.10,77685,441,392.09,49.19,0.0,0.0,0.13,0.23,10.37,72.0,14,5.8,315813,0,0.0000,199997.3,33818762,33818762,656,656
1782874074,1073754616,1181863936,1073741824,27856562,14,80653,92446,33893442,30653898,30653898,37856558,177,1,14,6.9,6.9,61.0,52.0,113.0,73.0,81.0,19.0,1.10,76808,450,388.04,50.20,0.0,0.0,0.13,0.23,10.24,59.0,0,5.8,315813,0,0.0000,199994.2,33893443,33893443,656,656
1782874075,1073754688,1181843456,1073741824,27949269,14,80477,92708,33968641,30729076,30729076,37949265,178,17,53,7.7,6.2,65.3,48.4,113.7,72.0,81.0,19.0,1.10,77253,443,388.02,49.20,0.0,1.0,0.13,0.23,10.11,71.0,0,5.8,315813,0,0.0001,199984.4,33968658,33968653,656,7872
1782874076,1073741696,1180774400,1073741824,28042210,14,81427,92942,34043801,30804246,30804246,38042206,178,0,15,7.3,7.0,63.1,50.1,113.2,73.0,81.0,19.0,1.10,77348,450,390.26,50.20,0.0,0.0,0.12,0.23,9.38,72.0,0,5.8,315813,0,0.0000,200000.0,34043801,34043801,656,0
1782874078,1073758136,1180774400,1073741824,28135098,14,81379,92889,34118904,30879339,30879339,38135094,178,15,53,7.2,7.0,66.6,46.6,113.2,37.5,81.0,19.0,1.10,38648,220,201.13,24.60,0.0,0.0,0.14,0.23,5.28,37.0,38,5.9,315813,0,0.0001,199990.1,34118919,34118904,656,0
1782874079,1073757776,1224552448,1073741824,28229024,14,80409,93927,34195114,30955575,30955575,38229020,178,1,11,7.9,6.4,66.9,47.9,114.8,77.0,81.0,19.0,1.14,78764,468,423.65,52.20,0.0,0.0,0.16,0.23,12.54,68.0,11,6.1,315813,0,0.0001,199989.4,34195115,34195115,656,656
1782874080,1073756360,1180717056,1073741824,28321329,14,79627,92306,34269688,31030141,31030141,38321325,178,1,17,6.8,6.6,57.1,57.1,114.2,76.0,81.0,19.0,1.10,76593,441,386.13,49.19,0.0,0.0,0.15,0.30,11.53,60.0,10,5.8,315813,0,0.0001,199989.5,34269689,34269689,656,656
1782874081,1073756480,1180717056,1073741824,28413211,14,79427,91883,34344177,31104630,31104630,38413207,179,2,15,7.7,7.1,65.8,47.6,113.4,76.0,81.0,19.0,1.10,76628,443,385.73,49.20,0.0,1.0,0.15,0.32,11.61,74.0,0,5.8,315813,0,0.0001,199989.7,34344179,34344179,656,1312
1782874082,1073740856,1180717056,1073741824,28506714,14,80499,93504,34419739,31180188,31180188,38506710,179,0,10,7.5,6.4,65.6,47.7,113.3,74.0,81.0,19.0,1.10,77763,450,391.62,50.20,0.0,0.0,0.13,0.23,10.51,70.0,13,5.8,315813,0,0.0000,200000.0,34419739,34419739,656,0
1782874083,1073755512,1180753920,1073741824,28600200,14,81827,93487,34495512,31255967,31255967,38600196,180,1,14,7.0,6.5,60.1,53.1,113.2,73.0,81.0,19.0,1.10,77939,450,393.45,50.20,0.0,0.0,0.13,0.23,10.42,57.0,14,5.8,315813,0,0.0000,199990.4,34495513,34495513,656,656
1782874085,1073736560,1180753920,1073741824,28693683,14,81936,93484,34571332,31331778,31331778,38693679,180,0,4,7.5,5.9,65.6,47.5,113.1,36.5,81.0,19.0,1.10,39004,225,196.22,25.10,0.0,0.0,0.13,0.23,5.23,35.5,14,5.8,315813,0,0.0000,199996.0,34571332,34571332,656,0
1782874086,1073752888,1224925184,1073741824,28786153,14,81368,92471,34646222,31406672,31406672,38786149,181,3,25,6.6,6.7,62.0,50.0,112.0,77.0,81.0,19.0,1.14,77415,452,431.66,50.21,0.0,1.0,0.16,0.23,12.80,71.0,19,6.3,315813,0,0.0000,199999.0,34646225,34646225,656,1968
1782874087,1073762000,1180753920,1073741824,28879565,14,81140,93413,34721839,31482284,31482284,38879561,182,25,48,7.4,6.8,60.0,53.0,113.0,72.0,81.0,19.0,1.10,77725,450,391.72,50.20,0.0,0.0,0.13,0.23,10.45,72.0,21,5.8,315813,0,0.0001,199984.9,34721864,34721851,656,7872
1782874088,1073754000,1180753920,1073741824,28973011,14,81135,93447,34797479,31557935,31557935,38973007,183,1,13,7.7,7.0,67.0,46.0,113.0,73.0,81.0,19.0,1.10,77758,450,392.32,50.20,0.0,0.0,0.13,0.23,10.52,71.0,16,5.8,315813,0,0.0000,199992.7,34797480,34797480,656,656
1782874089,1073753256,1180610560,1073741824,29066499,14,81109,93489,34873120,31633575,31633575,39066495,184,1,14,7.3,6.1,63.1,50.0,113.1,72.0,81.0,19.0,1.10,77871,450,392.85,50.20,0.0,0.0,0.13,0.23,10.46,66.0,11,5.8,315813,0,0.0000,199992.2,34873121,34873121,656,656
1782874090,1073759744,1180610560,1073741824,29159989,14,81046,93491,34948745,31709209,31709209,39159985,185,1,12,7.7,6.4,72.1,41.1,113.2,72.0,81.0,19.0,1.10,77608,452,391.16,50.21,0.0,1.0,0.13,0.23,10.39,73.0,24,5.8,315813,0,0.0001,199988.8,34948746,34948746,656,656
1782874091,1073757680,1180610560,1073741824,29253341,14,81801,93353,35024542,31785002,31785002,39253337,185,1,14,6.8,7.2,65.1,48.1,113.2,73.0,81.0,19.0,1.10,77994,450,393.68,50.20,0.0,0.0,0.13,0.23,10.50,74.0,25,5.8,315813,0,0.0001,199987.8,35024543,35024543,656,656
1782874093,1073756216,1180610560,1073741824,29346734,14,81901,93394,35100291,31860752,31860752,39346730,185,1,8,7.6,6.1,69.1,44.0,113.1,36.0,81.0,19.0,1.10,38951,220,197.01,24.60,0.0,0.0,0.13,0.23,5.24,35.0,0,5.8,315813,0,0.0001,199990.1,35100292,35100292,656,656
1782874094,1073756064,1225699328,1073741824,29438999,14,81216,92266,35175142,31935591,31935591,39438995,185,10,32,7.2,6.5,60.9,50.9,111.8,77.0,81.0,19.0,1.14,77399,459,432.48,51.20,0.0,0.0,0.17,0.23,13.16,65.0,0,6.4,315813,0,0.0001,199987.2,35175152,35175152,656,6560
1782874095,1073762448,1180610560,1073741824,29533919,14,81963,94921,35251758,32012223,32012223,39533915,186,1,13,7.4,7.2,60.5,52.4,112.9,74.0,81.0,19.0,1.10,78842,459,398.73,51.20,0.0,0.0,0.13,0.23,10.60,64.0,9,5.8,315813,0,0.0000,199991.8,35251759,35251759,656,656
1782874096,1073760536,1180794880,1073741824,29630630,14,83775,96712,35330090,32090535,32090535,39630626,186,7,40,6.1,7.3,49.5,63.6,113.1,76.0,81.0,19.0,1.10,80661,462,408.86,51.34,0.0,1.0,0.14,0.23,11.01,57.0,34,5.8,315813,0,0.0001,199984.5,35330097,35330097,656,4592
1782874097,1073737968,1180794880,1073741824,29727025,14,83618,96396,35408342,32168789,32168789,39727021,187,0,7,7.4,6.9,64.6,48.6,113.2,74.0,81.0,19.0,1.10,80497,468,407.41,52.20,0.0,0.0,0.14,0.23,11.03,69.0,0,5.8,315813,0,0.0000,200000.0,35408342,35408342,656,0
1782874098,1073736064,1180794880,1073741824,29823537,14,83613,96513,35486414,32246855,32246855,39823533,188,0,9,8.3,6.2,65.0,48.0,113.0,76.0,81.0,19.0,1.10,80320,459,406.26,51.20,0.0,0.0,0.14,0.23,11.35,79.0,12,5.8,315813,0,0.0000,200000.0,35486414,35486414,656,0
1782874099,1073750968,1180651520,1073741824,29919876,14,84209,96340,35564445,32324898,32324898,39919872,188,1,11,7.2,6.9,59.0,54.0,113.0,76.0,81.0,19.0,1.10,80182,468,405.07,52.20,0.0,0.0,0.14,0.23,10.95,69.0,0,5.8,315813,0,0.0000,199992.8,35564446,35564446,656,656
1782874101,1073755296,1180651520,1073741824,30016440,14,84683,96565,35642804,32403250,32403250,40016436,188,1,32,7.6,6.8,66.4,46.5,112.9,37.0,81.0,19.0,1.10,40351,230,203.81,25.61,0.0,0.5,0.14,0.23,5.51,32.5,10,5.8,315813,0,0.0000,199997.9,35642805,35642805,656,656
1782874102,1073739456,1228099584,1073741824,30112126,14,84107,95687,35720302,32480752,32480752,40112122,188,0,6,7.6,6.9,66.5,45.4,111.9,80.0,81.0,19.0,1.14,79996,477,448.90,53.21,0.0,0.0,0.17,0.23,13.82,71.0,0,6.4,315813,0,0.0000,200000.0,35720302,35720302,656,0
1782874103,1073758560,1180700672,1073741824,30208718,14,84038,96593,35798368,32558823,32558823,40208714,188,1,16,7.4,6.4,66.3,46.4,112.7,75.0,81.0,19.0,1.10,80403,468,406.69,52.20,0.0,0.0,0.14,0.23,11.06,70.0,8,5.8,315813,0,0.0001,199988.6,35798369,35798369,656,656
1782874104,1073751400,1180700672,1073741824,30305296,14,83836,96579,35876664,32637115,32637115,40305292,189,1,14,6.3,6.9,51.5,61.6,113.1,74.0,81.0,19.0,1.10,80453,459,407.32,51.20,0.0,0.0,0.14,0.23,11.08,55.0,3,5.8,315813,0,0.0000,199993.9,35876665,35876665,656,656
1782874105,1073739480,1180700672,1073741824,30401593,14,83506,96298,35954880,32715328,32715328,40401589,190,0,9,7.5,6.3,67.1,46.1,113.2,76.0,81.0,19.0,1.10,80456,470,407.15,52.21,0.0,1.0,0.14,0.23,11.14,66.0,0,5.8,315813,0,0.0000,200000.0,35954880,35954880,656,0
1782874106,1073761704,1180307456,1073741824,30498099,14,84246,96507,36032958,32793401,32793401,40498095,190,24,50,6.4,8.1,57.5,55.6,113.1,75.0,81.0,19.0,1.10,80274,459,405.43,51.20,0.0,0.0,0.14,0.23,10.99,72.0,0,5.8,315813,0,0.0001,199987.0,36032982,36032961,656,1968
1782874108,1073757408,1181356032,1073741824,30594343,14,84533,96245,36110966,32871423,32871423,40594339,191,0,14,8.2,6.4,69.5,43.5,113.0,73.0,81.0,19.0,1.10,80223,468,405.58,52.20,0.0,0.0,0.14,0.23,10.97,74.0,0,5.8,315813,0,0.0000,199991.3,36110966,36110966,656,0
1782874109,1073752464,1181360128,1073741824,30691938,14,85247,97596,36190145,32950587,32950587,40691934,192,12,40,7.1,6.6,60.0,53.0,113.0,38.0,81.0,19.0,1.10,40633,234,210.67,26.10,0.0,0.0,0.14,0.22,5.67,34.0,39,5.9,315813,0,0.0000,199994.8,36190157,36190157,656,7872
1782874110,1073756912,1228414976,1073741824,30786765,14,84322,94828,36266963,33027414,33027414,40786761,192,1,23,7.4,6.6,56.1,55.3,111.4,78.0,81.0,19.0,1.14,79473,468,436.91,52.20,0.0,0.0,0.17,0.23,13.83,64.0,0,6.3,315813,0,0.0000,199991.9,36266964,36266964,656,656
1782874111,1073754776,1181360128,1073741824,30883320,14,83330,96556,36345073,33105526,33105526,40883316,192,2,17,7.5,6.5,57.9,54.9,112.8,74.0,81.0,19.0,1.10,80386,461,406.32,51.21,0.0,1.0,0.14,0.23,11.04,73.0,1,5.8,315813,0,0.0000,199994.9,36345075,36345075,656,1312
1782874112,1073754824,1181360128,1073741824,30980143,14,83991,96824,36423521,33183978,33183978,40980139,192,1,10,6.9,6.5,65.4,47.5,112.9,75.0,81.0,19.0,1.10,80562,468,407.71,52.20,0.0,0.0,0.14,0.23,11.05,63.0,0,5.8,315813,0,0.0000,199990.5,36423522,36423522,656,656
1782874113,1073736112,1181360128,1073741824,31076800,15,83859,96659,36501866,33262312,33262312,41076796,192,0,4,6.8,6.4,56.0,57.0,113.0,75.0,81.0,19.0,1.10,80627,468,407.96,52.20,0.0,0.0,0.14,0.22,11.02,60.0,0,5.8,315813,0,0.0000,200000.0,36501866,36501866,656,0
1782874114,1073754096,1181446144,1073741824,31173288,15,83878,96489,36580148,33340597,33340597,41173284,192,1,19,6.8,7.3,59.3,54.2,113.5,75.0,81.0,19.0,1.10,80548,459,407.61,51.20,0.0,0.0,0.14,0.23,11.20,63.0,9,5.8,315813,0,0.0000,199991.9,36580149,36580149,656,656
1782874116,1073746000,1181446144,1073741824,31269354,15,84294,96067,36658251,33418693,33418693,41269350,192,4,30,7.6,6.7,66.1,47.0,113.1,37.5,81.0,19.0,1.10,80310,470,405.82,52.21,0.0,1.0,0.14,0.23,11.02,76.0,0,5.8,315813,0,0.0000,199995.2,36658255,36658255,656,2624
1782874117,1073752088,1181446144,1073741824,31364923,15,84274,95570,36735819,33496260,33496260,41364919,192,6,35,7.5,6.8,66.4,45.5,111.9,77.0,81.0,19.0,1.10,40056,229,224.78,25.60,0.0,0.0,0.17,0.23,6.86,33.5,3,6.4,315813,0,0.0001,199989.2,36735825,36735825,656,3936
1782874118,1073756216,1181446144,1073741824,31461525,15,83974,96603,36813967,33574423,33574423,41461521,192,4,17,8.2,5.7,68.3,44.4,112.7,77.0,81.0,19.0,1.10,80414,477,406.55,53.21,0.0,0.0,0.14,0.23,11.02,76.0,0,5.8,315813,0,0.0001,199989.2,36813971,36813971,656,2624
1782874119,1073758480,1181446144,1073741824,31558010,15,83791,96486,36892114,33652575,33652575,41558006,192,1,14,8.0,6.6,70.0,43.0,113.0,75.0,81.0,19.0,1.10,80465,468,406.44,52.20,0.0,0.0,0.14,0.23,10.99,76.0,10,5.8,315813,0,0.0001,199987.4,36892115,36892115,656,656
1782874120,1073740520,1181446144,1073741824,31654806,15,83881,96797,36970578,33731027,33731027,41654802,193,0,10,8.1,6.9,68.0,45.0,113.0,75.0,81.0,19.0,1.10,80667,459,408.76,51.20,0.0,0.0,0.14,0.23,11.07,79.0,0,5.8,315813,0,0.0000,200000.0,36970578,36970578,656,0
1782874121,1073754056,1181446144,1073741824,31751760,15,84040,96955,37048892,33809346,33809346,41751756,194,1,14,7.1,6.7,66.5,46.6,113.1,74.0,81.0,19.0,1.10,80501,470,408.03,52.21,0.0,1.0,0.14,0.23,11.07,72.0,0,5.8,315813,0,0.0000,199993.2,37048893,37048893,656,656
1782874122,1073740264,1181446144,1073741824,31848656,15,84674,96897,37127494,33887940,33887940,41848652,195,0,11,6.9,6.6,56.5,56.6,113.1,75.0,81.0,19.0,1.10,80874,468,409.57,52.20,0.0,0.0,0.14,0.23,11.18,63.0,19,5.8,315813,0,0.0000,200000.0,37127494,37127494,656,0
1782874124,1073741032,1181429760,1073741824,31945311,15,84821,96656,37205778,33966225,33966225,41945307,196,0,12,8.1,6.3,68.5,44.5,113.0,37.5,81.0,19.0,1.10,40267,229,204.13,25.60,0.0,0.0,0.14,0.23,5.52,33.5,5,5.8,315813,0,0.0000,200000.0,37205778,37205778,656,0
1782874125,1073756744,1180246016,1073741824,32040952,15,84781,95642,37283260,34043700,34043700,42040948,196,1,37,7.4,6.1,64.0,48.0,112.0,79.0,81.0,19.0,1.10,80038,468,448.96,52.20,0.0,0.0,0.17,0.23,13.73,67.0,2,6.4,315813,0,0.0000,199998.8,37283261,37283260,656,0
1782874126,1073734480,1227427840,1073741824,32137164,15,83904,96213,37361207,34121653,34121653,42137160,197,0,0,7.6,7.0,66.3,46.4,112.7,76.0,81.0,19.0,1.14,80155,470,405.66,52.21,0.0,1.0,0.14,0.23,10.95,71.0,9,5.8,315813,0,0.0001,199975.2,37361207,37361207,656,0
1782874127,1073753536,1180295168,1073741824,32233093,15,83354,95930,37439052,34199501,34199501,42233089,198,1,15,6.9,7.3,60.4,52.5,112.9,76.0,81.0,19.0,1.10,80026,468,404.36,52.20,0.0,0.0,0.14,0.23,10.94,65.0,21,5.8,315813,0,0.0000,199992.8,37439053,37439053,656,656
1782874128,1073752728,1180295168,1073741824,32328890,15,82942,95798,37516841,34277292,34277292,42328886,198,1,14,8.3,6.6,68.0,45.0,113.0,75.0,81.0,19.0,1.10,79974,459,405.14,51.20,0.0,0.0,0.14,0.23,10.94,78.0,0,5.8,315813,0,0.0000,199992.8,37516842,37516842,656,656
1782874129,1073758288,1180295168,1073741824,32425249,15,83810,96360,37595056,34355516,34355516,42425245,198,2,13,7.8,6.3,59.0,54.0,113.0,75.0,81.0,19.0,1.10,80415,468,406.04,52.20,0.0,0.0,0.14,0.23,11.10,70.0,14,5.8,315813,0,0.0001,199989.3,37595058,37595058,656,1312
1782874130,1073738504,1180295168,1073741824,32521490,15,84178,96242,37673099,34433546,34433546,42521486,198,0,8,7.6,6.1,64.0,49.0,113.0,75.0,81.0,19.0,1.10,80274,461,406.12,51.21,0.0,1.0,0.14,0.23,11.06,61.0,21,5.8,315813,0,0.0001,199989.8,37673099,37673099,656,0
1782874132,1073739312,1180295168,1073741824,32618788,15,85052,97299,37751965,34512412,34512412,42618784,199,0,7,7.1,7.4,64.5,48.6,113.1,37.5,81.0,19.0,1.10,40536,234,204.76,26.10,0.0,0.0,0.14,0.23,5.58,33.0,7,5.8,315813,0,0.0000,200000.0,37751965,37751965,656,0
1782874133,1073756040,1228005376,1073741824,32715048,15,84530,96261,37829923,34590379,34590379,42715044,200,4,23,6.6,7.1,54.1,58.0,112.1,80.0,81.0,19.0,1.14,80540,477,452.71,53.21,0.0,0.0,0.17,0.23,13.99,66.0,0,6.4,315813,0,0.0000,199997.3,37829927,37829926,656,1968
1782874134,1073755208,1180295168,1073741824,32810558,15,83316,95511,37907552,34668010,34668010,42810554,200,1,11,7.2,7.5,56.2,56.3,112.5,75.0,81.0,19.0,1.10,79813,459,404.71,51.20,0.0,0.0,0.14,0.27,11.25,75.0,12,5.8,315813,0,0.0000,199994.0,37907553,37907553,656,656
1782874135,1073757304,1180295168,1073741824,32906992,15,83514,96435,37985624,34746084,34746084,42906988,200,2,11,7.7,6.8,59.0,54.0,113.0,75.0,81.0,19.0,1.10,80381,468,406.52,52.20,0.0,0.0,0.14,0.23,11.11,67.0,0,5.8,315813,0,0.0001,199989.1,37985626,37985626,656,1312
1782874136,1073744688,1180295168,1073741824,33003295,15,83468,96304,38063684,34824124,34824124,43003291,203,0,30,7.7,6.4,65.4,47.5,112.9,75.0,81.0,19.0,1.10,80341,461,406.52,51.21,0.0,1.0,0.14,0.23,11.00,64.0,0,5.8,315813,0,0.0000,199997.2,38063684,38063684,656,0
1782874137,1073757112,1180295168,1073741824,33100057,15,83792,96763,38141932,34902388,34902388,43100053,204,1,16,7.7,6.4,66.6,46.5,113.1,76.0,81.0,19.0,1.10,80472,468,406.55,52.20,0.0,0.0,0.14,0.23,11.03,72.0,0,5.8,315813,0,0.0001,199989.6,38141933,38141933,656,656
1782874138,1073754552,1180295168,1073741824,33197307,15,84098,97251,38220739,34981197,34981197,43197303,204,1,11,6.9,7.3,50.5,64.5,115.0,76.0,81.0,19.0,1.10,81009,468,409.14,52.20,0.0,0.0,0.14,0.23,11.07,57.0,0,5.8,315813,0,0.0001,199988.1,38220740,38220740,656,656
1782874140,1073749624,1180151808,1073741824,33294990,15,84104,97684,38299723,35060170,35060170,43294986,205,1,13,7.7,6.6,63.5,51.6,115.1,38.5,81.0,19.0,1.10,40399,234,212.36,26.10,0.0,0.0,0.14,0.23,5.69,34.0,53,6.0,315813,0,0.0000,199994.9,38299724,38299724,656,656
1782874141,1073747200,1226944512,1073741824,33389845,15,83594,94856,38376294,35136739,35136739,43389841,205,2,26,7.7,6.2,61.8,49.8,111.6,78.0,81.0,19.0,1.14,79465,470,428.96,52.21,0.0,1.0,0.17,0.23,13.32,69.0,13,6.2,315813,0,0.0000,199999.2,38376296,38376296,656,1312
1782874142,1073731952,1180151808,1073741824,33486058,15,83396,96214,38454134,35214576,35214576,43486054,205,0,0,6.8,6.7,60.5,52.6,113.1,75.0,81.0,19.0,1.10,79938,459,404.48,51.20,0.0,0.0,0.13,0.23,10.86,61.0,0,5.8,315813,0,0.0002,199965.0,38454134,38454134,656,0
1782874143,1073753480,1180237824,1073741824,33582586,16,83591,96530,38532327,35292782,35292782,43582582,205,1,11,6.3,7.6,60.1,53.0,113.1,75.0,81.0,19.0,1.10,80442,468,407.50,52.20,0.0,0.0,0.14,0.23,11.06,61.0,0,5.8,315813,0,0.0000,199993.0,38532328,38532328,656,656
1782874144,1073765936,1180237824,1073741824,33678768,16,83473,96183,38610326,35370778,35370778,43678764,208,25,43,7.5,6.9,66.5,46.6,113.1,76.0,81.0,19.0,1.10,80263,459,406.52,51.20,0.0,0.0,0.14,0.23,11.01,70.0,13,5.8,315813,0,0.0001,199977.9,38610351,38610335,656,5904
1782874145,1073748632,1180053504,1073741824,33774731,16,83987,95964,38688078,35448526,35448526,43774727,208,1,11,7.3,6.6,60.0,53.0,113.0,75.0,81.0,19.0,1.10,79945,461,403.85,51.21,0.0,1.0,0.14,0.23,10.95,65.0,7,5.8,315813,0,0.0000,199995.4,38688079,38688079,656,656
1782874147,1073755552,1180053504,1073741824,33870705,16,84229,95975,38765808,35526260,35526260,43870701,210,3,22,6.8,6.6,57.4,55.5,112.9,37.5,81.0,19.0,1.10,79867,468,404.62,52.20,0.0,0.0,0.14,0.23,10.94,65.0,0,5.8,315813,0,0.0001,199989.5,38765811,38765811,656,1968
1782874148,1073860688,1180336128,1073741824,33965485,16,84104,94781,38842437,35602905,35602905,43965481,210,153,160,7.4,6.6,59.9,51.9,111.8,77.0,81.0,19.0,1.10,39527,225,222.08,25.10,0.0,0.0,0.17,0.23,6.83,33.0,8,6.4,315813,0,0.0004,199912.1,38842590,38842437,656,0
1782874149,1073741504,1181097984,1073741824,34063036,16,84360,97552,38921253,35681706,35681706,44063032,210,0,5,7.3,6.8,67.2,45.3,112.5,78.0,81.0,19.0,1.10,81223,486,411.93,54.21,0.0,0.0,0.14,0.22,11.16,72.0,0,5.8,315813,0,0.0000,200000.0,38921253,38921253,656,0
1782874150,1073740648,1181097984,1073741824,34161170,16,85480,98135,39000956,35761406,35761406,44161166,210,0,7,7.8,5.9,61.8,50.8,112.6,74.0,81.0,19.0,1.10,81930,468,415.12,52.20,0.0,0.0,0.14,0.22,11.30,66.0,0,5.8,315813,0,0.0000,200000.0,39000956,39000956,656,0
1782874151,1073751240,1181097984,1073741824,34259788,16,85566,98619,39080685,35841133,35841133,44259784,211,2,17,7.2,7.1,60.9,51.9,112.8,74.0,81.0,19.0,1.10,81812,479,412.90,53.22,0.0,1.0,0.14,0.22,11.26,71.0,0,5.8,315813,0,0.0000,199993.8,39080687,39080687,656,1312
1782874152,1073754744,1181097984,1073741824,34358445,16,85923,98658,39160538,35920999,35920999,44358441,213,1,7,7.1,6.8,61.8,50.9,112.7,74.0,81.0,19.0,1.10,82250,477,415.58,53.21,0.0,0.0,0.14,0.22,11.38,64.0,18,5.8,315813,0,0.0000,199991.2,39160539,39160539,656,656
1782874153,1073734528,1181085696,1073741824,34457139,16,86646,98695,39240284,36000720,36000720,44457135,214,0,12,7.8,7.3,59.3,53.3,112.6,75.0,81.0,19.0,1.10,81994,468,415.49,52.20,0.0,0.0,0.14,0.22,11.23,75.0,0,5.8,315813,0,0.0000,200000.0,39240284,39240284,656,0
1782874155,1073752272,1181085696,1073741824,34555622,16,86852,98484,39320115,36080565,36080565,44555618,215,2,14,7.5,7.0,65.2,47.2,112.4,37.5,81.0,19.0,1.10,82071,477,415.68,53.21,0.0,0.0,0.14,0.22,11.34,71.0,0,5.8,315813,0,0.0000,199993.9,39320117,39320117,656,1312
1782874156,1073876992,1181085696,1073741824,34653128,16,86779,97507,39398910,36159400,36159400,44653124,215,179,160,7.4,6.9,60.1,51.1,111.2,77.0,81.0,19.0,1.10,40659,235,228.29,26.11,0.0,0.5,0.17,0.22,7.12,34.0,16,6.4,315813,0,0.0005,199895.3,39399089,39398910,656,0
1782874157,1073746624,1229189120,1073741824,34750613,16,85682,97486,39477879,36238323,36238323,44750609,215,5,28,7.6,6.7,69.0,43.0,112.0,76.0,81.0,19.0,1.14,81355,486,411.49,54.21,0.0,0.0,0.14,0.22,11.29,63.0,11,5.8,315813,0,0.0000,199994.2,39477884,39477884,656,3280
1782874158,1073763016,1181126656,1073741824,34849108,16,85360,98496,39557658,36318111,36318111,44849104,217,11,31,6.8,6.6,50.8,61.8,112.6,75.0,81.0,19.0,1.10,82152,468,415.68,52.20,0.0,0.0,0.14,0.22,11.39,61.0,0,5.8,315813,0,0.0001,199984.8,39557669,39557658,656,0
1782874159,1073739744,1181126656,1073741824,34948129,16,85958,99022,39637769,36398215,36398215,44948125,217,0,10,7.1,7.1,62.3,50.3,112.6,74.0,81.0,19.0,1.10,82358,477,417.03,53.21,0.0,0.0,0.14,0.23,11.34,74.0,20,5.8,315813,0,0.0000,200000.0,39637769,39637769,656,0
1782874160,1073753024,1181126656,1073741824,35046839,16,86071,98711,39717806,36478258,36478258,45046835,218,1,14,7.9,6.6,61.2,51.2,112.4,74.0,81.0,19.0,1.10,82261,477,416.52,53.21,0.0,0.0,0.14,0.22,11.38,63.0,4,5.8,315813,0,0.0000,199994.1,39717807,39717807,656,656
1782874161,1073746408,1180962816,1073741824,35146019,16,86985,99181,39798306,36558751,36558751,45146015,218,5,27,7.6,6.8,60.8,51.8,112.6,75.0,81.0,19.0,1.10,82815,479,418.61,53.22,0.0,1.0,0.14,0.22,11.41,67.0,0,5.8,315813,0,0.0000,199994.3,39798311,39798311,656,3280
1782874163,1073752376,1180962816,1073741824,35245512,16,87443,99494,39878807,36639256,36639256,45245508,218,1,15,6.9,7.2,52.3,60.4,112.7,37.0,81.0,19.0,1.10,82782,477,418.99,53.21,0.0,0.0,0.14,0.22,11.44,66.0,25,5.8,315813,0,0.0000,199993.6,39878808,39878808,656,656
1782874164,1073865384,1180962816,1073741824,35343411,16,87213,97900,39958251,36718724,36718724,45343407,218,161,160,6.6,7.2,53.3,58.3,111.6,77.0,81.0,19.0,1.10,40887,234,229.29,26.10,0.0,0.0,0.17,0.22,7.12,34.5,0,6.4,315813,0,0.0005,199905.0,39958412,39958251,656,0
1782874165,1073738624,1229197312,1073741824,35440946,16,86002,97536,40037138,36797587,36797587,45440942,218,0,4,7.5,7.4,61.8,49.9,111.7,77.0,81.0,19.0,1.14,81535,486,412.78,54.21,0.0,0.0,0.14,0.22,11.28,72.0,21,5.8,315813,0,0.0000,200000.0,40037138,40037138,656,0
1782874166,1073751832,1181020160,1073741824,35539306,16,85449,98361,40116766,36877213,36877213,45539302,218,2,16,7.6,7.0,62.8,49.8,112.6,74.0,81.0,19.0,1.10,81919,479,414.47,53.22,0.0,1.0,0.14,0.22,11.41,68.0,0,5.8,315813,0,0.0000,199994.3,40116768,40116768,656,1312
1782874167,1073761248,1180962816,1073741824,35637569,16,85612,98264,40196485,36956938,36956938,45637565,219,1,22,7.0,7.3,58.7,53.7,112.4,74.0,81.0,19.0,1.10,81990,468,415.07,52.20,0.0,0.0,0.14,0.22,11.32,69.0,9,5.8,315813,0,0.0001,199989.8,40196486,40196486,656,656
1782874168,1073752792,1180962816,1073741824,35736216,16,85926,98648,40276531,37036984,37036984,45736212,220,1,13,8.5,5.6,68.2,44.2,112.4,74.0,81.0,19.0,1.10,82346,477,416.82,53.21,0.0,0.0,0.14,0.22,11.37,74.0,0,5.8,315813,0,0.0000,199991.4,40276532,40276532,656,656
1782874169,1073761464,1180827648,1073741824,35835382,16,87015,99167,40356815,37117273,37117273,45835378,220,2,24,7.8,6.3,58.2,54.3,112.5,74.0,81.0,19.0,1.10,82646,477,418.20,53.21,0.0,0.0,0.14,0.23,11.36,70.0,12,5.8,315813,0,0.0000,199999.2,40356817,40356817,656,1312
1782874171,1073755992,1180827648,1073741824,35934302,16,87222,98921,40436895,37197350,37197350,45934298,221,1,16,7.7,6.8,60.8,51.8,112.6,38.0,81.0,19.0,1.10,82309,479,416.62,53.22,0.0,1.0,0.14,0.22,11.30,77.0,15,5.8,315813,0,0.0000,199993.9,40436896,40436896,656,656
1782874172,1073866528,1180827648,1073741824,36032717,16,86807,98416,40516467,37276951,37276951,46032713,223,163,150,7.0,6.9,63.3,49.3,112.6,75.0,81.0,19.0,1.10,40670,234,228.24,26.10,0.0,0.0,0.17,0.22,7.07,32.0,7,6.4,315813,0,0.0006,199887.8,40516630,40516467,656,0
1782874173,1073749944,1228800000,1073741824,36128993,16,85363,96277,40594586,37355037,37355037,46128989,223,1,12,7.5,7.2,62.1,49.1,111.2,78.0,81.0,19.0,1.14,81165,477,410.62,53.21,0.0,0.0,0.14,0.22,11.18,71.0,4,5.8,315813,0,0.0000,199993.9,40594587,40594587,656,656
1782874174,1073738216,1180827648,1073741824,36226945,16,85158,97953,40673884,37434330,37434330,46226941,223,0,9,7.6,6.5,66.3,46.4,112.7,73.0,81.0,19.0,1.10,81676,468,412.61,52.20,0.0,0.0,0.14,0.22,11.22,69.0,0,5.8,315813,0,0.0000,200000.0,40673884,40673884,656,0
1782874175,1073742416,1180827648,1073741824,36325343,16,85428,98399,40753752,37514204,37514204,46325339,224,0,10,7.3,6.9,57.8,54.9,112.7,75.0,81.0,19.0,1.10,82139,477,416.31,53.21,0.0,0.0,0.14,0.27,11.53,71.0,11,5.8,315813,0,0.0000,200000.0,40753752,40753752,656,0
1782874176,1073737928,1180827648,1073741824,36421061,16,83560,95719,40831411,37591850,37591850,46421057,224,0,18,7.5,6.0,61.9,50.9,112.8,76.0,81.0,19.0,1.10,79815,461,404.86,51.21,0.0,1.0,0.15,0.23,12.21,62.0,0,5.8,315813,0,0.0000,200000.0,40831411,40831411,656,0
1782874177,1073739256,1180827648,1073741824,36519261,16,85425,98201,40910838,37671285,37671285,46519257,226,0,10,7.6,7.0,63.9,48.9,112.8,75.0,81.0,19.0,1.10,81732,477,413.30,53.21,0.0,0.0,0.14,0.22,11.23,70.0,0,5.8,315813,0,0.0000,200000.0,40910838,40910838,656,0
1782874179,1073755528,1180827648,1073741824,36616699,16,85991,97439,40989828,37750287,37750287,46616695,226,1,9,7.8,6.6,62.7,49.8,112.5,38.0,81.0,19.0,1.10,81161,468,411.17,52.20,0.0,0.0,0.14,0.26,11.46,72.0,21,5.8,315813,0,0.0001,199989.0,40989829,40989829,656,656
1782874180,1073869880,1180827648,1073741824,36714307,16,86005,97609,41068710,37829191,37829191,46714303,227,168,160,7.6,6.8,60.5,51.6,112.1,75.0,81.0,19.0,1.10,40486,234,227.49,26.10,0.0,0.0,0.18,0.25,7.17,34.5,15,6.4,315813,0,0.0005,199904.2,41068878,41068710,656,0
1782874181,1073743008,1230024704,1073741824,36811680,16,85672,97374,41147504,37907959,37907959,46811676,227,0,6,7.4,7.1,54.2,57.3,111.5,78.0,81.0,19.0,1.15,81637,479,412.92,53.22,0.0,1.0,0.14,0.22,11.21,64.0,0,5.8,315813,0,0.0000,200000.0,41147504,41147504,656,0
1782874182,1073744856,1181880320,1073741824,36909325,16,84991,97646,41226522,37986960,37986960,46909321,227,2,35,7.2,6.8,63.0,49.8,112.8,75.0,81.0,19.0,1.10,81253,475,410.85,52.96,0.0,0.0,0.14,0.22,11.35,63.0,2,5.8,315813,0,0.0000,199998.2,41226524,41226524,656,1312
1782874183,1073737216,1181720576,1073741824,37007142,16,84988,97818,41305962,38066404,38066404,47007138,227,0,10,6.9,7.0,60.8,51.8,112.6,74.0,81.0,19.0,1.10,81719,470,413.46,52.45,0.0,0.0,0.14,0.22,11.41,66.0,9,5.8,315813,0,0.0000,200000.0,41305962,41305962,656,0
1782874184,1073760024,1181716480,1073741824,37105025,16,84949,97884,41385108,38145567,38145567,47105021,227,2,16,7.2,7.1,58.3,54.3,112.6,74.0,81.0,19.0,1.10,81398,468,412.48,52.20,0.0,0.0,0.14,0.22,11.26,67.0,0,5.8,315813,0,0.0000,199990.9,41385110,41385110,656,1312
1782874185,1073743928,1181716480,1073741824,37203264,16,86056,98240,41464624,38225077,38225077,47203260,227,0,12,7.1,7.2,57.3,55.3,112.6,75.0,81.0,19.0,1.10,81791,470,414.36,52.21,0.0,1.0,0.14,0.23,11.23,61.0,0,5.8,315813,0,0.0000,200000.0,41464624,41464624,656,0
1782874187,1073751728,1181716480,1073741824,37301845,16,86660,98582,41544467,38304919,38304919,47301841,227,1,14,7.3,6.1,60.2,52.3,112.5,37.0,81.0,19.0,1.10,82091,477,415.01,53.21,0.0,0.0,0.14,0.22,11.30,67.0,10,5.8,315813,0,0.0000,199994.4,41544468,41544468,656,656
1782874188,1073865256,1228414976,1073741824,37399321,16,85967,97477,41623423,38383896,38383896,47399317,228,161,160,6.5,7.1,57.5,54.5,112.0,78.0,81.0,19.0,1.14,40682,234,228.18,26.10,0.0,0.0,0.17,0.22,7.05,33.0,1,6.4,315813,0,0.0005,199907.8,41623584,41623423,656,0
1782874189,1073754032,1230082048,1073741824,37497191,16,86013,97871,41702735,38463187,38463187,47497187,228,0,15,7.8,7.0,70.5,41.4,111.9,75.0,81.0,19.0,1.15,81702,486,412.73,54.21,0.0,0.0,0.14,0.22,11.31,73.0,0,5.8,315813,0,0.0000,199992.6,41702735,41702735,656,0
1782874190,1073737152,1180004352,1073741824,37595709,16,85830,98519,41782683,38543130,38543130,47595705,228,0,5,7.5,6.5,61.2,51.3,112.5,75.0,81.0,19.0,1.10,82191,477,416.38,53.21,0.0,0.0,0.14,0.22,11.33,68.0,0,5.8,315813,0,0.0000,200000.0,41782683,41782683,656,0
1782874191,1073753592,1180004352,1073741824,37694530,16,85799,98822,41862771,38623223,38623223,47694526,228,5,17,7.1,6.3,63.4,49.3,112.7,74.0,81.0,19.0,1.10,82365,470,416.96,52.21,0.0,1.0,0.14,0.22,11.27,60.0,0,5.8,315813,0,0.0000,199992.5,41862776,41862776,656,3280
1782874192,1073758920,1180004352,1073741824,37792840,16,85789,98311,41942444,38702908,38702908,47792836,230,1,12,7.0,7.1,61.3,51.2,112.5,75.0,81.0,19.0,1.10,81955,477,415.18,53.21,0.0,0.0,0.14,0.23,11.44,63.0,0,5.8,315813,0,0.0001,199986.2,41942445,41942445,656,656
1782874193,1073753400,1180004352,1073741824,37890466,16,85910,97627,42021404,38781861,38781861,47890462,231,1,12,7.3,6.8,57.8,54.8,112.6,74.0,81.0,19.0,1.10,81157,468,411.04,52.20,0.0,0.0,0.14,0.22,11.32,67.0,0,5.8,315813,0,0.0000,199991.3,42021405,42021405,656,656
1782874195,1073758784,1180004352,1073741824,37989100,16,86389,98635,42101350,38861808,38861808,47989096,233,0,15,7.5,6.3,64.8,47.9,112.7,37.5,81.0,19.0,1.10,82203,477,415.46,53.21,0.0,0.0,0.14,0.22,11.33,68.0,9,5.8,315813,0,0.0000,199992.6,42101350,42101350,656,0
1782874196,1073870944,1181057024,1073741824,38087089,16,86836,97990,42180615,38941095,38941095,48087085,233,170,160,6.7,7.4,60.5,51.4,111.9,76.0,81.0,19.0,1.10,40617,235,228.25,26.11,0.0,0.5,0.17,0.22,7.08,34.5,19,6.4,315813,0,0.0005,199901.9,42180785,42180615,656,0
1782874197,1073737560,1229402112,1073741824,38184517,16,85926,97429,42259477,39019924,39019924,48184513,233,0,6,7.9,6.2,62.3,49.3,111.6,77.0,81.0,19.0,1.14,81716,486,413.30,54.21,0.0,0.0,0.14,0.22,11.29,68.0,0,5.8,315813,0,0.0000,200000.0,42259477,42259477,656,0
1782874198,1073744392,1181184000,1073741824,38281444,16,84592,96928,42338019,39098472,39098472,48281440,233,2,12,6.5,7.0,50.0,63.0,113.0,75.0,81.0,19.0,1.10,80955,468,409.15,52.20,0.0,0.0,0.14,0.22,11.04,69.0,18,5.8,315813,0,0.0000,200000.0,42338021,42338021,656,1312
1782874199,1073738864,1181184000,1073741824,38381230,16,84305,99787,42418677,39179125,39179125,48381226,233,0,6,7.7,7.1,68.7,46.6,115.3,76.0,81.0,19.0,1.10,82717,477,417.04,53.21,0.0,0.0,0.13,0.22,11.19,70.0,10,5.8,315813,0,0.0000,199995.6,42418677,42418677,656,0
1782874200,1073761032,1181265920,1073741824,38479690,16,85710,98461,42498429,39258884,39258884,48479686,234,1,22,7.4,6.5,61.2,51.3,112.5,74.0,81.0,19.0,1.10,81984,468,415.37,52.20,0.0,0.0,0.14,0.22,11.31,65.0,5,5.8,315813,0,0.0000,199994.6,42498430,42498430,656,656
1782874201,1073754800,1181184000,1073741824,38577568,16,86165,97879,42577691,39338147,39338147,48577564,234,1,15,7.5,6.6,61.8,50.8,112.6,74.0,81.0,19.0,1.10,81519,470,412.43,52.21,0.0,1.0,0.14,0.22,11.38,68.0,15,5.8,315813,0,0.0000,199990.7,42577692,42577692,656,656
1782874203,1073753392,1181184000,1073741824,38674531,16,85371,96964,42656122,39416573,39416573,48674527,235,2,14,7.7,5.8,64.4,48.3,112.7,36.5,81.0,19.0,1.10,40296,234,204.36,26.10,0.0,0.0,0.14,0.22,5.63,33.0,16,5.8,315813,0,0.0000,199994.4,42656124,42656124,656,1312
1782874204,1073745912,1229418496,1073741824,38771193,16,85343,96663,42734362,39494809,39494809,48771189,235,4,23,7.7,6.3,62.7,48.7,111.4,78.0,81.0,19.0,1.14,80913,468,453.60,52.20,0.0,0.0,0.17,0.22,14.06,64.0,1,6.4,315813,0,0.0000,199996.7,42734366,42734366,656,2624
1782874205,1073753120,1181327360,1073741824,38868768,16,85090,97576,42813619,39574068,39574068,48868764,236,2,14,6.8,7.4,54.2,58.2,112.4,76.0,81.0,19.0,1.10,81473,477,412.31,53.21,0.0,0.0,0.14,0.23,11.39,62.0,10,5.8,315813,0,0.0000,199994.1,42813621,42813621,656,1312
1782874206,1073740888,1181315072,1073741824,38966947,16,85333,98180,42893084,39653531,39653531,48966943,239,0,14,7.9,6.2,66.8,45.8,112.6,75.0,81.0,19.0,1.10,81799,479,413.65,53.22,0.0,1.0,0.14,0.23,11.30,68.0,0,5.8,315813,0,0.0000,200000.0,42893084,42893084,656,0
1782874207,1073758048,1181364224,1073741824,39065242,16,85743,98296,42972763,39733223,39733223,49065238,240,0,15,8.2,6.2,63.3,49.2,112.5,75.0,81.0,19.0,1.10,81887,468,414.56,52.20,0.0,0.0,0.14,0.22,11.31,68.0,16,5.8,315813,0,0.0001,199989.3,42972763,42972763,656,0
1782874208,1073753736,1180397568,1073741824,39163321,16,85553,98080,43052176,39812627,39812627,49163317,240,1,14,7.8,6.8,60.7,51.8,112.5,75.0,81.0,19.0,1.10,81698,477,413.18,53.21,0.0,0.0,0.14,0.22,11.26,72.0,0,5.8,315813,0,0.0000,199993.3,43052177,43052177,656,656
1782874209,1073758336,1180327936,1073741824,39261092,16,85788,97772,43131333,39891779,39891779,49261088,241,2,31,7.3,6.0,60.8,51.8,112.6,73.0,81.0,19.0,1.10,81488,468,412.41,52.20,0.0,0.0,0.14,0.22,11.28,63.0,0,5.8,315813,0,0.0000,199999.9,43131335,43131335,656,1312
1782874211,1073738416,1180327936,1073741824,39358489,16,85796,97398,43210139,39970586,39970586,49358485,242,0,7,7.3,7.2,56.4,56.3,112.7,37.0,81.0,19.0,1.10,81095,470,410.71,52.21,0.0,1.0,0.14,0.22,11.12,75.0,0,5.8,315813,0,0.0000,200000.0,43210139,43210139,656,0
1782874212,1073744784,1180327936,1073741824,39455081,16,85777,96593,43288191,40048634,40048634,49455077,242,3,27,7.2,7.1,66.7,44.7,111.4,77.0,81.0,19.0,1.10,40319,234,226.00,26.10,0.0,0.0,0.17,0.22,6.98,37.0,0,6.4,315813,0,0.0000,199994.3,43288194,43288194,656,1968
1782874213,1073754960,1228431360,1073741824,39552685,16,85332,97605,43367151,40127609,40127609,49552681,244,1,12,7.4,6.9,59.8,52.7,112.5,76.0,81.0,19.0,1.14,81156,477,410.69,53.21,0.0,0.0,0.14,0.22,11.33,65.0,0,5.8,315813,0,0.0000,199990.2,43367152,43367152,656,656
1782874214,1073749600,1180327936,1073741824,39650438,16,84800,97754,43446340,40206789,40206789,49650434,245,1,11,6.8,7.4,52.5,60.6,113.1,75.0,81.0,19.0,1.10,81479,468,411.89,52.20,0.0,0.0,0.14,0.22,11.77,74.0,11,5.8,315813,0,0.0000,199994.2,43446341,43446341,656,656
1782874215,1073753376,1180360704,1073741824,39748641,16,85347,98204,43525874,40286325,40286325,49748637,245,2,17,7.1,7.4,56.2,56.1,112.3,75.0,81.0,19.0,1.10,81816,477,414.39,53.21,0.0,0.0,0.15,0.22,12.27,70.0,17,5.8,315813,0,0.0000,199992.2,43525876,43525876,656,1312
1782874216,1073763536,1180327936,1073741824,39847164,16,85483,98524,43605886,40366340,40366340,49847160,245,1,16,7.3,6.9,59.3,53.4,112.7,74.0,81.0,19.0,1.10,82286,470,416.41,52.21,0.0,1.0,0.14,0.22,11.26,68.0,20,5.8,315813,0,0.0001,199982.3,43605887,43605887,656,656
1782874217,1073752312,1180217344,1073741824,39944973,16,86012,97810,43685266,40445718,40445718,49944969,245,1,16,7.4,6.9,63.8,48.8,112.6,76.0,81.0,19.0,1.10,81638,477,412.83,53.21,0.0,0.0,0.15,0.22,12.50,72.0,0,5.8,315813,0,0.0000,199997.7,43685267,43685267,656,656
