timestamp,used_memory,used_memory_rss,maxmemory,keyspace_hits,keyspace_misses,ops_per_sec,total_commands_delta,total_num_items_spilled_to_ext_storage,total_num_items_fetched_from_ext_storage,completion_read_ok,dram_value_hits,kbc_fetching_block,num_items_spilling_to_ext_storage,blocked_clients,cpu_user,cpu_sys,valkey_cpu_user,valkey_cpu_sys,valkey_cpu_total,asio_cpu_pct,disk_hit_pct,mem_hit_pct,mem_frag_ratio,disk_read_iops,disk_write_iops,disk_read_mb,disk_write_mb,disk_read_merges_ps,disk_write_merges_ps,disk_r_await_ms,disk_w_await_ms,disk_aqu_sz,disk_util_pct,disk_in_flight,disk_req_sz_kb,throttle_total_throttled,throttle_queued_clients,throttle_current_rate,throttle_allowed_tps,spill_submitted_count,spill_serialized_count,mean_spill_ram,inflight_spill_ram_bytes,keys_key_spilled,total_keys_dropped_from_dict,total_keys_dropped_at_completion,total_keys_rematerialized,kbc_keyspill_miss_fetch,kbc_keyspill_absent_consumed,kbc_progressive_drain_runs,kbc_progressive_drain_resolved
1787264898,1800720,6922240,1073741824,0,0,0,0,0,0,0,0,0,0,0,0.1,0.2,0.3,0.0,0.3,0,0.0,0.0,3.94,0,0,0,0,0,0,0,0,0,0,0,0,0,0,0.0000,200000.0,0,0,0,0,0,0,0,0,0,0,0,0
1787264899,120378096,121217024,1073741824,0,0,89447,150304,0,0,0,0,0,0,0,4.9,11.7,45.5,66.6,112.1,2.0,0.0,0.0,1.05,0,0,0.00,0.00,0.0,0.0,0.00,0.00,0.00,0.0,0,0.0,0,0,0.0000,200000.0,0,0,0,0,0,0,0,0,0,0,0,0
1787264900,240716592,247570432,1073741824,0,0,132379,154573,0,0,0,0,0,0,0,4.1,11.2,37.5,77.9,115.4,2.0,0.0,0.0,1.04,0,0,0.00,0.00,0.0,0.0,0.00,0.00,0.00,0.0,0,0.0,0,0,0.0000,200000.0,0,0,0,0,0,0,0,0,0,0,0,0
1787264901,370392712,364224512,1073741824,0,0,135057,156612,0,0,0,0,0,0,0,4.4,11.6,38.4,77.7,116.1,3.0,0.0,0.0,1.03,0,0,0.00,0.00,0.0,0.0,0.00,0.00,0.00,0.0,0,0.0,0,0,0.0000,200000.0,0,0,0,0,0,0,0,0,0,0,0,0
1787264903,483434224,489529344,1073741824,0,0,130989,153390,0,0,0,0,0,0,0,4.8,12.1,44.4,71.6,116.0,1.5,0.0,0.0,1.02,0,0,0.00,0.00,0.0,0.0,0.00,0.00,0.00,0.0,0,0.0,0,0,0.0000,200000.0,0,0,0,0,0,0,0,0,0,0,0,0
1787264904,605702384,615751680,1073741824,0,0,134849,157674,0,0,0,0,0,0,0,3.3,12.5,35.2,80.5,115.7,2.0,0.0,0.0,1.02,0,0,0.00,0.00,0.0,0.0,0.00,0.00,0.00,0.0,0,0.0,0,0,0.0000,200000.0,0,0,0,0,0,0,0,0,0,0,0,0
1787264905,739315592,731226112,1073741824,0,0,133440,151203,0,0,0,0,0,0,0,5.1,11.2,45.6,70.1,115.7,4.0,0.0,0.0,1.02,0,0,0.00,0.00,0.0,0.0,0.00,0.00,0.00,0.0,0,0.0,0,0,0.0000,200000.0,0,0,0,0,0,0,0,0,0,0,0,0
1787264906,843117104,855089152,1073741824,0,0,125727,148448,0,0,0,0,0,0,0,3.2,11.9,29.2,86.7,115.9,2.0,0.0,0.0,1.02,0,0,0.00,0.00,0.0,0.0,0.00,0.00,0.00,0.0,0,0.0,0,0,0.0000,200000.0,0,0,0,0,0,0,0,0,0,0,0,0
1787264907,965960944,982097920,1073741824,0,0,135883,158906,0,0,0,0,0,0,0,4.0,12.3,33.2,82.6,115.8,3.0,0.0,0.0,1.02,0,0,0.00,0.00,0.0,0.0,0.00,0.00,0.00,0.0,0,0.0,0,0,0.0000,200000.0,0,0,0,0,0,0,0,0,0,0,0,0
1787264908,1073745632,1097048064,1073741824,0,0,133248,147219,8151,0,0,0,7226,1,0,4.9,10.4,50.5,65.7,116.2,8.0,0.0,0.0,1.02,2,45,0.01,5.02,0.0,0.0,0.00,0.22,0.01,0.0,0,109.6,0,0,0.0001,199990.1,8152,8151,656,0,8151,8151,8151,8045,8045,8024,8045,819
1787264910,1073752208,1099276288,1073741824,0,0,72230,64244,72469,0,0,0,67400,5,4,7.8,8.0,86.4,31.1,117.5,15.0,0.0,0.0,1.02,26,189,0.16,21.08,0.0,0.0,0.10,0.24,0.05,0.0,0,101.2,0,0,0.0000,199992.7,72474,72474,656,3280,72469,72469,72469,72284,72284,72264,72284,4884
1787264911,1073749368,1100062720,1073741824,0,0,54439,63884,136416,0,0,0,127496,4,5,6.8,8.7,77.9,39.5,117.4,30.0,0.0,0.0,1.02,142,369,1.00,41.16,0.0,0.0,0.09,0.24,0.10,3.0,0,84.5,0,0,0.0000,199999.8,136420,136420,656,2624,136416,136416,136416,136149,136149,136144,136149,8653
1787264912,1073754624,1102684160,1073741824,0,0,54278,63749,200237,0,0,0,187923,7,6,7.8,8.3,88.4,29.1,117.5,30.0,0.0,0.0,1.03,198,378,2.02,42.16,0.0,0.0,0.10,0.23,0.11,4.0,0,78.5,0,0,0.0000,199991.9,200244,200244,656,4592,200237,200237,200237,199909,199909,199889,199909,11986
1787264913,1073747568,1103077376,1073741824,0,0,54220,63683,263958,0,0,0,248069,3,4,7.0,8.9,80.9,36.6,117.5,31.0,0.0,0.0,1.03,288,378,2.13,42.16,0.0,0.0,0.09,0.23,0.11,3.0,0,68.1,0,0,0.0000,199999.9,263961,263961,656,1968,263958,263958,263958,263572,263572,263568,263572,15503
1787264914,1073747000,1104125952,1073741824,0,0,54017,63473,327509,0,0,0,308388,1,1,7.0,9.7,76.4,41.3,117.7,38.0,0.0,0.0,1.03,300,378,2.36,42.16,0.0,0.0,0.09,0.23,0.12,3.0,0,67.3,0,0,0.0000,199993.9,327510,327509,656,0,327509,327509,327509,327056,327056,327037,327056,18668
1787264916,1073748264,1105567744,1073741824,0,0,54001,63594,391155,0,0,0,367437,2,1,6.6,9.1,67.9,49.8,117.7,17.0,0.0,0.0,1.03,352,378,2.76,42.16,0.0,0.0,0.09,0.23,0.12,0.0,0,63.0,0,0,0.0001,199989.1,391157,391155,656,0,391155,391155,391155,390649,390649,390627,390649,23212
1787264917,1073749328,1106616320,1073741824,0,0,54091,63578,454753,0,0,0,426546,4,6,6.8,8.7,68.8,48.7,117.5,36.0,0.0,0.0,1.03,218,189,1.65,21.08,0.0,0.0,0.11,0.25,0.07,1.5,0,57.1,0,0,0.0000,199996.8,454757,454757,656,2624,454753,454753,454753,454207,454207,454201,454207,27661
1787264918,1073756928,1108189184,1073741824,0,0,53918,63484,518289,0,0,0,486436,8,7,8.5,7.7,93.5,24.3,117.8,33.0,0.0,0.0,1.03,509,378,3.71,42.16,0.0,0.0,0.09,0.23,0.14,4.0,0,53.0,0,0,0.0000,199992.6,518297,518297,656,5248,518289,518289,518289,517701,517701,517681,517701,31265
1787264919,1073742400,1109159936,1073741824,0,0,53738,62975,581291,0,0,0,546162,0,0,7.6,8.7,85.7,31.6,117.3,33.0,0.0,0.0,1.03,584,398,5.95,44.19,0.0,0.0,0.11,0.23,0.15,6.0,0,52.3,0,0,0.0001,199981.8,581291,581291,656,0,581291,581291,581291,580656,580656,580652,580656,34494
1787264920,1073755088,1111388160,1073741824,0,0,53557,63091,644418,0,0,0,606286,5,4,6.7,8.5,76.9,40.8,117.7,34.0,0.0,0.0,1.04,678,378,5.05,42.16,0.0,0.0,0.09,0.23,0.15,3.0,0,45.8,0,0,0.0000,199991.5,644423,644418,656,0,644418,644418,644418,643763,643763,643739,643763,37477
1787264921,1073747560,1113526272,1073741824,0,0,53832,63500,707971,0,0,0,665672,2,1,6.9,9.7,73.5,44.4,117.9,40.0,0.0,0.0,1.04,718,387,5.36,43.17,0.0,0.0,0.10,0.23,0.16,4.0,0,45.0,0,0,0.0001,199988.0,707973,707971,656,0,707971,707971,707971,707257,707257,707235,707257,41585
1787264923,1073753024,1115885568,1073741824,0,0,53805,63255,771232,0,0,0,724187,7,8,6.9,8.1,74.4,43.3,117.7,18.0,0.0,0.0,1.04,378,193,2.83,21.58,0.0,0.0,0.10,0.23,0.08,2.5,0,43.8,0,0,0.0000,200000.0,771239,771239,656,4592,771232,771232,771232,770494,770494,770486,770494,46307
1787264924,1073744328,1116278784,1073741824,0,0,53672,63208,834478,0,0,0,783149,1,1,7.2,9.6,81.9,35.9,117.8,38.0,0.0,0.0,1.04,869,387,6.30,43.17,0.0,0.0,0.10,0.23,0.17,7.0,0,40.3,0,0,0.0001,199971.3,834479,834478,656,0,834478,834478,834478,833695,833695,833690,833695,50546
1787264925,1073777904,1119293440,1073741824,0,0,53626,63293,897808,0,0,0,842455,22,21,7.8,8.7,76.0,41.9,117.9,36.0,0.0,0.0,1.04,892,408,9.15,45.55,0.0,0.0,0.11,0.23,0.20,9.0,6,43.1,0,0,0.0001,199974.6,897830,897830,656,14432,897808,897808,897808,897006,897006,896979,897006,54551
1787264926,1073753896,1118552064,1073741824,0,0,53563,62904,960765,0,0,0,901568,6,5,6.7,9.0,76.8,40.8,117.6,37.0,0.0,0.0,1.04,953,393,7.17,43.80,0.0,0.0,0.10,0.23,0.18,8.0,0,38.8,0,0,0.0001,199987.0,960771,960771,656,3936,960765,960765,960765,959899,959899,959879,959899,58331
1787264927,1073745624,1119076352,1073741824,0,0,53502,62937,1023719,0,0,0,961056,2,5,7.3,8.5,78.0,39.7,117.7,34.0,0.0,0.0,1.04,991,396,7.52,44.17,0.0,0.0,0.10,0.23,0.19,8.0,0,38.2,0,0,0.0000,200000.0,1023721,1023721,656,1312,1023719,1023719,1023719,1022817,1022817,1022812,1022817,61761
1787264928,1073746880,1120911360,1073741824,0,0,53464,62965,1086732,0,0,0,1020782,1,0,7.8,8.1,78.9,38.9,117.8,37.0,0.0,0.0,1.04,1033,387,7.80,43.17,0.0,0.0,0.10,0.23,0.20,10.0,0,36.8,0,0,0.0000,199997.8,1086733,1086733,656,656,1086732,1086732,1086732,1085788,1085788,1085773,1085788,65006
1787264930,1073749248,1122484224,1073741824,0,0,53413,62867,1149628,0,0,0,1080689,2,2,7.2,9.6,75.9,41.9,117.8,18.0,0.0,0.0,1.05,538,198,4.07,22.09,0.0,0.0,0.10,0.22,0.10,5.5,0,36.4,0,0,0.0000,199996.9,1149630,1149628,656,0,1149628,1149628,1149628,1148659,1148659,1148636,1148659,67970
1787264931,1073748760,1123663872,1073741824,0,0,53399,62835,1212488,0,0,0,1140592,4,3,6.9,8.4,75.9,41.9,117.8,36.0,0.0,0.0,1.05,1118,396,8.50,44.17,0.0,0.0,0.10,0.23,0.20,9.0,1,35.6,0,0,0.0000,199998.8,1212492,1212491,656,1968,1212488,1212488,1212488,1211477,1211477,1211467,1211477,70885
1787264932,1073752816,1132838912,1073741824,0,0,53161,62542,1275064,0,0,0,1200239,5,4,7.5,8.2,81.9,35.9,117.8,42.0,0.0,0.0,1.06,1369,429,13.43,47.96,0.0,0.0,0.12,0.26,0.28,11.0,0,35.0,0,0,0.0001,199986.1,1275178,1275178,656,3280,1275064,1275064,1275064,1274027,1274027,1274005,1274027,73788
1787264933,1073749376,1128980480,1073741824,0,0,53186,62886,1337974,0,0,0,1259474,3,2,8.3,9.0,79.0,39.0,118.0,51.0,0.0,0.0,1.05,1271,396,9.60,44.17,0.0,0.0,0.10,0.23,0.22,6.0,0,33.0,0,0,0.0001,199988.0,1338086,1338084,656,656,1337974,1337974,1337974,1336909,1336909,1336887,1336909,77435
1787264934,1073759136,1130029056,1073741824,0,0,53499,63049,1401038,0,0,0,1317875,10,9,7.3,9.2,83.1,35.0,118.1,39.0,0.0,0.0,1.05,1360,405,10.20,45.18,0.0,0.0,0.11,0.23,0.24,11.0,0,32.1,0,0,0.0000,199996.1,1401157,1401157,656,6560,1401038,1401038,1401038,1399953,1399953,1399932,1399953,82078
1787264936,1073745392,1126768640,1073741824,0,0,53249,62659,1463723,0,0,0,1376084,1,0,7.6,8.5,82.9,34.9,117.8,19.0,0.0,0.0,1.05,720,198,5.38,22.09,0.0,0.0,0.10,0.23,0.12,4.0,0,30.6,0,0,0.0000,199999.1,1463833,1463833,656,656,1463723,1463723,1463723,1462603,1462603,1462587,1462603,86519
1787264937,1073757624,1129181184,1073741824,0,0,53295,62714,1526459,0,0,0,1434270,8,8,7.8,8.0,87.8,29.8,117.6,37.0,0.0,0.0,1.05,1521,405,11.16,45.18,0.0,0.0,0.10,0.23,0.25,11.0,0,30.0,0,0,0.0001,199989.0,1526576,1526576,656,5248,1526459,1526459,1526459,1525321,1525321,1525297,1525321,91051
1787264938,1073752448,1135341568,1073741824,0,0,53253,62683,1589174,0,0,0,1492800,5,4,8.1,8.1,79.5,38.3,117.8,39.0,0.0,0.0,1.06,1539,405,11.43,45.18,0.0,0.0,0.11,0.23,0.26,10.0,0,29.8,0,0,0.0001,199989.3,1589288,1589288,656,3280,1589174,1589174,1589174,1587997,1587997,1587976,1587997,95197
1787264939,1073748184,1136107520,1073741824,0,0,53184,62503,1651702,0,0,0,1551252,2,1,6.8,8.5,76.4,41.3,117.7,37.0,0.0,0.0,1.06,1623,450,16.68,50.20,0.0,0.0,0.13,0.23,0.32,14.0,0,33.0,0,0,0.0000,199996.4,1651813,1651811,656,0,1651702,1651702,1651702,1650494,1650494,1650475,1650494,99242
1787264940,1073756720,1131524096,1073741824,0,0,53179,62730,1714434,0,0,0,1609903,8,7,7.8,8.6,86.9,30.9,117.8,39.0,0.0,0.0,1.05,1621,405,12.27,45.18,0.0,0.0,0.11,0.23,0.26,12.0,0,29.0,0,0,0.0000,199997.2,1714551,1714551,656,5248,1714434,1714434,1714434,1713222,1713222,1713201,1713222,103319
1787264941,1073748232,1132732416,1073741824,0,0,53225,62630,1777089,0,0,0,1668979,2,1,7.7,7.9,82.8,34.9,117.7,37.0,0.0,0.0,1.05,1630,405,12.45,45.18,0.0,0.0,0.10,0.23,0.27,15.0,0,29.0,0,0,0.0001,199989.3,1777200,1777198,656,0,1777089,1777089,1777089,1775847,1775847,1775827,1775847,106868
1787264943,1073755184,1139286016,1073741824,0,0,53157,62478,1839586,0,0,0,1727601,7,6,7.5,9.5,82.8,34.7,117.5,20.0,0.0,0.0,1.06,914,207,6.76,23.09,0.0,0.0,0.11,0.23,0.15,6.0,0,27.3,0,0,0.0000,199992.9,1839702,1839702,656,4592,1839586,1839586,1839586,1838322,1838322,1838301,1838322,110721
1787264944,1073747696,1140858880,1073741824,0,0,53210,62563,1902173,0,0,0,1786374,1,0,7.6,8.2,87.5,30.3,117.8,41.0,0.0,0.0,1.06,1811,414,13.57,46.18,0.0,0.0,0.11,0.23,0.29,16.0,0,27.5,0,0,0.0000,199997.7,1902283,1902283,656,656,1902173,1902173,1902173,1900880,1900880,1900860,1900880,114506
1787264945,1073746136,1135583232,1073741824,0,0,52954,62225,1964418,0,0,0,1845000,1,1,7.6,8.5,83.5,34.3,117.8,39.0,0.0,0.0,1.06,1981,459,20.10,51.20,0.0,0.0,0.14,0.23,0.38,16.0,0,29.9,0,0,0.0000,199994.5,1964528,1964528,656,656,1964418,1964418,1964418,1963102,1963102,1963081,1963102,118102
1787264946,1073752232,1143054336,1073741824,0,0,52838,62356,2026777,0,0,0,1903885,6,7,7.5,8.9,79.0,39.0,118.0,40.0,0.0,0.0,1.06,1927,414,14.62,46.18,0.0,0.0,0.11,0.23,0.31,13.0,0,26.6,0,0,0.0000,199998.4,2026892,2026892,656,3936,2026777,2026777,2026777,2025440,2025440,2025433,2025440,121555
1787264947,1073748016,1150656512,1073741824,0,0,52923,62359,2089179,0,0,0,1962699,1,2,7.8,9.0,83.5,34.3,117.8,41.0,0.0,0.0,1.07,2014,414,15.09,46.18,0.0,0.0,0.15,0.26,0.41,29.0,0,25.8,0,0,0.0000,199990.2,2089289,2089289,656,656,2089179,2089179,2089179,2087807,2087807,2087788,2087807,125108
1787264949,1073750488,1145434112,1073741824,0,0,52896,62299,2151481,0,0,0,2021750,6,5,7.8,7.3,81.8,35.9,117.7,20.0,0.0,0.0,1.07,2018,416,15.21,46.20,0.0,0.0,0.12,0.23,0.33,10.0,0,25.8,0,0,0.0001,199977.5,2151596,2151596,656,3936,2151481,2151481,2151481,2150089,2150089,2150083,2150089,128339
1787264950,1073753960,1146744832,1073741824,0,0,52983,62317,2213835,0,0,0,2080843,6,5,7.9,8.4,83.1,34.7,117.8,40.0,0.0,0.0,1.07,1057,211,7.90,23.59,0.0,0.0,0.11,0.23,0.17,10.0,0,25.4,0,0,0.0000,199997.0,2213950,2213950,656,3936,2213835,2213835,2213835,2212416,2212416,2212396,2212416,131573
1787264951,1073763952,1147924480,1073741824,0,0,52995,62387,2276245,0,0,0,2139919,6,5,7.3,8.6,83.9,33.9,117.8,45.0,0.0,0.0,1.07,2210,423,16.50,47.18,1.0,0.0,0.12,0.23,0.35,12.0,0,24.8,0,0,0.0001,199989.4,2276360,2276360,656,3936,2276245,2276245,2276245,2274801,2274801,2274780,2274801,134882
1787264952,1073747344,1142063104,1073741824,0,0,51805,62683,2338932,0,0,0,2199449,1,0,7.3,9.1,81.9,36.9,118.8,41.0,0.0,0.0,1.06,2320,477,23.79,53.21,0.0,0.0,0.15,0.23,0.46,18.0,0,28.2,0,0,0.0001,199987.8,2339042,2339041,656,0,2338932,2338932,2338932,2337481,2337481,2337459,2337481,138032
1787264953,1073758072,1143091200,1073741824,0,0,52781,62207,2401139,0,0,0,2258493,10,9,7.7,9.0,80.6,37.4,118.0,44.0,0.0,0.0,1.06,2283,423,17.22,47.18,0.0,0.0,0.12,0.23,0.36,17.0,0,24.4,0,0,0.0001,199988.1,2401258,2401258,656,6560,2401139,2401139,2401139,2399681,2399681,2399662,2399681,141188
1787264954,1073749536,1144041472,1073741824,0,0,52810,62293,2463455,0,0,0,2317576,3,2,7.2,9.7,79.5,38.3,117.8,44.0,0.0,0.0,1.07,2379,432,17.90,48.19,0.0,0.0,0.11,0.23,0.37,22.0,0,24.1,0,0,0.0000,199994.8,2463567,2463564,656,0,2463455,2463455,2463455,2461971,2461971,2461951,2461971,144395
1787264956,1073747704,1145004032,1073741824,0,0,52725,62164,2525637,0,0,0,2376682,2,1,7.3,9.8,83.3,34.8,118.1,21.5,0.0,0.0,1.07,1217,211,9.05,23.59,0.0,0.0,0.13,0.23,0.21,6.5,0,23.4,0,0,0.0000,199998.8,2525748,2525746,656,0,2525637,2525637,2525637,2524132,2524132,2524111,2524132,147450
1787264957,1073756272,1146556416,1073741824,0,0,52677,62066,2587712,0,0,0,2435805,8,7,7.7,8.8,78.9,39.1,118.0,46.0,0.0,0.0,1.07,2476,423,18.42,47.18,0.0,0.0,0.13,0.23,0.42,15.0,0,23.2,0,0,0.0000,199998.8,2587829,2587829,656,5248,2587712,2587712,2587712,2586194,2586194,2586173,2586194,150389
1787264958,1073656272,1157586944,1073741824,0,0,41457,43566,2631246,0,0,0,2477222,0,0,7.3,7.7,57.9,25.5,83.4,59.0,0.0,0.0,1.08,1858,360,20.88,40.16,0.0,0.0,0.18,0.23,0.42,11.0,0,28.2,0,0,0.0000,200000.0,2631355,2631355,656,0,2631246,2631246,2631246,2629735,2629735,2629735,2629735,152513
1787264959,1073656272,1157586944,1073741824,0,0,5457,4,2631246,0,0,0,2477222,0,0,1.0,5.4,0.7,0.2,0.9,2.0,0.0,0.0,1.08,2,0,0.03,0.00,0.0,0.0,0.00,0.00,0.00,0.0,0,16.0,0,0,0.0000,200000.0,2631355,2631355,656,0,2631246,2631246,2631246,2629735,2629735,2629735,2629735,152513
1787264960,1073744888,1166106624,1073741824,22815,0,18438,32597,2651038,15376,15376,32587,2492615,1,7,6.1,7.0,32.6,17.0,49.6,38.0,47.2,52.8,1.09,16504,135,75.71,15.06,0.0,0.0,0.08,0.24,1.43,30.0,0,5.6,0,0,0.0000,149999.9,2651148,2651148,656,656,2635662,2651038,2651038,2645118,2645118,2629735,2645123,152513
1787264962,1073745040,1186291712,1073741824,95995,0,78145,96443,2683666,50322,50322,129026,2527558,1,4,8.2,11.0,61.8,56.9,118.7,35.5,39.0,61.0,1.10,35991,225,166.96,25.10,0.0,0.0,0.09,0.23,3.17,71.0,8,5.4,0,0,0.0000,199999.1,2683776,2683776,656,656,2633344,2683666,2683666,2680061,2680061,2629735,2680066,152513
1787264963,1073744000,1203200000,1073741824,174458,0,86226,103160,2713792,82063,82063,232182,2559299,0,4,7.9,11.9,54.8,64.0,118.8,70.0,35.3,64.7,1.12,16324,103,75.40,11.54,0.0,0.0,0.09,0.23,1.41,38.0,3,5.4,0,0,0.0000,199999.9,2713901,2713901,656,0,2631729,2713792,2713792,2711802,2711802,2629735,2711807,152513
1787264964,1073745696,1214267392,1073741824,255737,0,89336,106869,2743528,111811,111811,339047,2589047,3,2,7.6,12.5,61.8,56.9,118.7,70.0,33.0,67.0,1.13,30646,207,142.51,23.09,0.0,0.0,0.08,0.24,2.63,70.0,0,5.5,0,0,0.0000,199998.7,2743640,2743640,656,1968,2631717,2743528,2743528,2741548,2741548,2629735,2741554,152513
1787264965,1073744192,1230913536,1073741824,338398,0,91569,108703,2771654,139952,139952,447746,2617190,0,2,7.9,11.2,64.4,54.3,118.7,69.0,31.3,68.7,1.15,29013,216,138.26,24.09,0.0,0.0,0.09,0.23,2.54,68.0,4,5.7,0,0,0.0000,200000.0,2771763,2771763,656,0,2631702,2771654,2771654,2769689,2769689,2629735,2769696,152513
1787264966,1073743768,1247428608,1073741824,422889,0,93683,111155,2799017,167328,167328,558897,2644566,0,2,7.1,12.7,48.6,69.8,118.4,68.0,29.9,70.1,1.16,28185,189,130.99,21.08,0.0,0.0,0.08,0.23,2.41,62.0,2,5.5,0,0,0.0000,199999.4,2799126,2799126,656,0,2631689,2799017,2799017,2797065,2797065,2629735,2797072,152513
1787264967,1073743968,1259094016,1073741824,509176,0,94946,113384,2825400,193727,193727,672277,2670966,0,3,6.8,12.3,53.9,65.0,118.9,66.0,28.8,71.2,1.17,27136,180,125.94,20.08,0.0,0.0,0.08,0.23,2.31,58.0,0,5.5,0,0,0.0000,199999.9,2825509,2825509,656,0,2631673,2825400,2825400,2823465,2823465,2629735,2823472,152513
1787264969,1073746496,1274703872,1073741824,594964,0,95500,112799,2850434,218772,218772,785072,2696014,0,6,8.0,11.2,60.3,58.3,118.6,32.5,27.9,72.1,1.19,12870,85,59.68,9.54,0.0,0.0,0.08,0.23,1.09,34.5,0,5.5,0,0,0.0000,200000.0,2850543,2850543,656,0,2631662,2850434,2850434,2848513,2848513,2629735,2848520,152513
1787264970,1073743304,1286369280,1073741824,682153,0,96014,114654,2875090,243440,243440,899722,2720678,0,2,7.2,13.0,58.8,59.9,118.7,64.0,27.1,72.9,1.20,25373,162,117.62,18.07,0.0,0.0,0.08,0.23,2.15,70.0,4,5.4,0,0,0.0000,199997.9,2875199,2875199,656,0,2631650,2875090,2875090,2873177,2873177,2629735,2873184,152513
1787264971,1073743632,1301966848,1073741824,770066,0,97459,115464,2899013,267378,267378,1015182,2744618,0,2,7.9,12.4,58.8,59.9,118.7,64.0,26.3,73.7,1.21,24684,189,117.60,21.08,0.0,0.0,0.08,0.23,2.14,66.0,0,5.7,0,0,0.0000,199999.8,2899122,2899122,656,0,2631635,2899013,2899013,2897115,2897115,2629735,2897123,152513
1787264972,1073744512,1313501184,1073741824,858457,0,98062,116136,2922041,290415,290415,1131314,2767656,0,3,7.2,12.2,53.2,65.2,118.4,62.0,25.7,74.3,1.22,23606,153,109.52,17.07,0.0,0.0,0.08,0.22,2.00,58.0,0,5.5,0,0,0.0000,199998.9,2922150,2922150,656,0,2631626,2922041,2922041,2920153,2920153,2629735,2920161,152513
1787264973,1073742360,1323724800,1073741824,947564,0,98146,116809,2944645,313037,313037,1248119,2790277,0,2,6.9,11.9,56.7,61.9,118.6,63.0,25.1,74.9,1.23,23298,153,108.15,17.07,0.0,0.0,0.08,0.24,1.97,59.0,4,5.5,0,0,0.0000,200000.0,2944754,2944754,656,0,2631608,2944645,2944645,2942774,2942774,2629735,2942782,152513
1787264975,1073743688,1338404864,1073741824,1036770,0,99082,117005,2966894,335286,335286,1365120,2812525,0,1,7.0,12.4,62.3,56.2,118.5,31.0,24.6,75.4,1.25,11434,72,53.16,8.03,0.0,0.0,0.08,0.23,0.96,29.0,0,5.4,0,0,0.0000,199999.7,2967003,2967003,656,0,2631608,2966894,2966894,2965022,2965022,2629735,2965030,152513
1787264976,1073750248,1353609216,1073741824,1126626,0,99258,117870,2988657,357070,357070,1482986,2834316,12,8,7.2,12.3,65.9,52.9,118.8,61.0,24.1,75.9,1.26,22440,153,104.41,17.07,0.0,0.0,0.08,0.23,1.90,59.0,2,5.5,0,0,0.0000,199993.9,2988778,2988778,656,7872,2631587,2988657,2988657,2986813,2986813,2629735,2986821,152513
1787264977,1073745408,1362915328,1073741824,1216264,0,99027,117406,3009930,378355,378355,1600388,2855598,1,5,7.9,12.0,61.8,56.9,118.7,61.0,23.6,76.4,1.27,21896,162,104.76,18.19,0.0,0.0,0.08,0.25,1.87,60.0,0,5.7,0,0,0.0000,200000.0,3010040,3010040,656,656,2631575,3009930,3009930,3008095,3008095,2629735,3008103,152513
1787264978,1073744680,1372483584,1073741824,1306344,0,99683,117974,3030567,399000,399000,1718358,2876242,0,4,6.9,13.2,60.3,58.2,118.5,62.0,23.2,76.8,1.28,21207,137,98.74,15.08,0.0,0.0,0.10,0.24,2.10,60.0,0,5.5,0,0,0.0000,200000.0,3030676,3030676,656,0,2631567,3030567,3030567,3028739,3028739,2629735,3028747,152513
1787264979,1073744656,1385066496,1073741824,1396675,0,99839,118166,3050931,419368,419368,1836520,2896609,1,3,7.3,12.0,50.7,67.9,118.6,60.0,22.8,77.2,1.29,20991,135,97.34,15.06,0.0,0.0,0.08,0.23,1.77,50.0,3,5.4,0,0,0.0000,199999.2,3051041,3051041,656,656,2631563,3050931,3050931,3049106,3049106,2629735,3049114,152513
1787264981,1073745360,1396076544,1073741824,1487848,0,100274,119260,3071230,439686,439686,1955776,2916929,1,3,7.2,12.0,55.4,63.3,118.7,28.5,22.5,77.5,1.30,20946,135,97.22,15.06,0.0,0.0,0.08,0.22,1.77,61.0,2,5.5,0,0,0.0000,199999.3,3071340,3071340,656,656,2631544,3071230,3071230,3069424,3069424,2629735,3069433,152513
1787264982,1073743248,1409708032,1073741824,1578674,0,100451,118817,3090705,459167,459167,2074589,2936413,0,6,7.6,12.3,66.8,51.9,118.7,59.0,22.1,77.9,1.31,9973,62,46.45,7.00,0.0,0.0,0.08,0.25,0.83,30.0,3,5.5,0,0,0.0000,199998.3,3090814,3090814,656,0,2631538,3090705,3090705,3088908,3088908,2629735,3088917,152513
1787264983,1073744432,1418747904,1073741824,1670133,0,100501,119564,3110100,478568,478568,2194149,2955810,1,2,6.5,12.7,48.9,70.0,118.9,58.0,21.8,78.2,1.32,19964,135,93.16,15.06,0.0,0.0,0.08,0.22,1.67,53.0,0,5.5,0,0,0.0000,199998.3,3110210,3110210,656,656,2631532,3110100,3110100,3108305,3108305,2629735,3108314,152513
1787264984,1073744120,1428971520,1073741824,1761712,0,100875,119722,3129370,497841,497841,2313867,2975085,0,4,7.0,12.9,53.8,64.9,118.7,58.0,21.5,78.5,1.33,19853,144,95.01,16.06,0.0,0.0,0.08,0.23,1.70,50.0,0,5.7,0,0,0.0000,199999.8,3129479,3129479,656,0,2631529,3129370,3129370,3127580,3127580,2629735,3127589,152513
1787264985,1073746168,1438138368,1073741824,1852940,0,100867,119141,3148235,516715,516715,2433004,2993958,4,3,7.3,11.6,54.8,63.9,118.7,57.0,21.2,78.8,1.34,19391,126,90.29,14.05,0.0,0.0,0.08,0.22,1.62,53.0,2,5.5,0,0,0.0000,199997.9,3148348,3148348,656,2624,2631520,3148235,3148235,3146453,3146453,2629735,3146462,152513
1787264986,1073743936,1444970496,1073741824,1943702,0,99960,118568,3166297,534789,534789,2551568,3012032,0,3,7.5,12.2,58.3,60.3,118.6,55.0,21.0,79.0,1.35,18585,117,86.31,13.05,0.0,0.0,0.08,0.23,1.54,51.0,0,5.4,0,0,0.0000,200000.0,3166406,3166406,656,0,2631508,3166297,3166297,3164527,3164527,2629735,3164536,152513
1787264988,1073743832,1454014464,1073741824,2035238,0,100863,119537,3184639,553134,553134,2671101,3030375,0,1,6.7,12.7,58.8,59.9,118.7,28.0,20.7,79.3,1.35,9439,63,43.92,7.03,0.0,0.0,0.08,0.23,0.79,27.0,1,5.5,0,0,0.0000,200000.0,3184748,3184748,656,0,2631505,3184639,3184639,3182870,3182870,2629735,3182879,152513
1787264989,1073744488,1462796288,1073741824,2126860,0,100595,119588,3202869,571368,571368,2790685,3048612,0,4,7.0,12.8,54.9,64.0,118.9,56.0,20.5,79.5,1.36,18742,117,87.56,13.05,0.0,0.0,0.08,0.23,1.57,51.0,0,5.5,0,0,0.0000,200000.0,3202978,3202978,656,0,2631501,3202869,3202869,3201107,3201107,2629735,3201116,152513
1787264990,1073744472,1472102400,1073741824,2218643,0,100625,119742,3220537,589041,589041,2910423,3066285,0,2,7.9,10.6,68.0,51.0,119.0,56.0,20.2,79.8,1.37,18209,135,87.29,15.06,0.0,0.0,0.08,0.23,1.56,57.0,0,5.7,0,0,0.0000,200000.0,3220646,3220646,656,0,2631496,3220537,3220537,3218778,3218778,2629735,3218788,152513
1787264991,1073743792,1481277440,1073741824,2310227,0,101350,119558,3238206,606721,606721,3029977,3083965,0,2,7.0,12.6,60.3,58.2,118.5,55.0,20.0,80.0,1.38,18155,117,84.09,13.05,0.0,0.0,0.08,0.22,1.52,44.0,0,5.4,0,0,0.0000,200000.0,3238315,3238315,656,0,2631485,3238206,3238206,3236458,3236458,2629735,3236468,152513
1787264992,1073744296,1490321408,1073741824,2401239,0,100593,118809,3255594,624115,624115,3148782,3101360,0,3,7.6,11.7,61.7,56.8,118.5,54.0,19.8,80.2,1.39,17879,117,83.20,13.05,0.0,0.0,0.08,0.23,1.50,51.0,0,5.5,0,0,0.0000,200000.0,3255703,3255703,656,0,2631479,3255594,3255594,3253853,3253853,2629735,3253863,152513
1787264994,1073746096,1498185728,1073741824,2492056,0,99669,118385,3272632,641157,641157,3267163,3118403,1,4,7.8,12.3,58.9,59.9,118.8,27.5,19.6,80.4,1.40,8756,54,40.64,6.02,0.0,0.0,0.08,0.23,0.73,28.5,0,5.4,0,0,0.0000,200000.0,3272742,3272742,656,656,2631475,3272632,3272632,3270896,3270896,2629735,3270906,152513
1787264995,1073743488,1507753984,1073741824,2582626,0,99418,117922,3289238,657763,657763,3385081,3135007,0,2,6.7,12.7,53.0,66.0,119.0,53.0,19.4,80.6,1.40,17060,109,79.75,12.21,0.0,0.0,0.08,0.23,1.41,54.0,3,5.5,0,0,0.0000,199999.6,3289347,3289347,656,0,2631475,3289238,3289238,3287500,3287500,2629735,3287510,152513
1787264996,1073747256,1516666880,1073741824,2674303,0,99778,119276,3305930,674463,674463,3504353,3151710,3,5,6.3,12.6,55.0,64.0,119.0,54.0,19.2,80.8,1.41,17153,126,82.36,14.05,0.0,0.0,0.08,0.23,1.45,49.0,0,5.7,0,0,0.0000,199999.7,3306042,3306042,656,1968,2631467,3305930,3305930,3304203,3304203,2629735,3304213,152513
1787264997,1073742832,1525186560,1073741824,2766326,0,100406,119671,3322306,690852,690852,3624020,3168096,0,2,7.0,13.5,56.0,63.0,119.0,53.0,19.1,80.9,1.42,16860,101,78.55,11.35,0.0,0.0,0.08,0.23,1.40,53.0,0,5.4,0,0,0.0000,199999.0,3322415,3322415,656,0,2631454,3322306,3322306,3320589,3320589,2629735,3320599,152513
1787264998,1073743496,1533046784,1073741824,2857743,0,100547,118862,3338514,707064,707064,3742878,3184309,0,3,7.2,11.6,48.8,69.9,118.7,55.0,18.9,81.1,1.43,16661,109,77.88,12.27,0.0,0.0,0.08,0.24,1.39,46.0,0,5.5,0,0,0.0000,199999.6,3338623,3338623,656,0,2631450,3338514,3338514,3336802,3336802,2629735,3336812,152513
1787265000,1073744424,1537372160,1073741824,2949282,0,99912,119170,3354505,723074,723074,3862044,3200318,0,2,7.2,11.9,61.1,58.1,119.2,26.0,18.7,81.3,1.43,16443,108,76.70,12.05,0.0,0.0,0.08,0.22,1.37,53.0,0,5.5,0,0,0.0000,200000.0,3354614,3354614,656,0,2631431,3354505,3354505,3352811,3352811,2629735,3352821,152513
1787265001,1073743544,1545105408,1073741824,3041352,0,101058,119700,3370416,738992,738992,3981740,3216235,0,1,6.9,12.7,55.3,63.3,118.6,53.0,18.6,81.4,1.44,8174,49,38.14,5.52,0.0,0.0,0.08,0.23,0.68,28.5,2,5.4,0,0,0.0000,199999.3,3370525,3370525,656,0,2631424,3370416,3370416,3368728,3368728,2629735,3368738,152513
1787265002,1073743512,1554280448,1073741824,3133377,0,100771,119667,3386232,754805,754805,4101403,3232047,0,0,6.6,11.9,51.8,66.9,118.7,53.0,18.4,81.6,1.45,16221,108,75.45,12.05,0.0,0.0,0.08,0.23,1.34,43.0,0,5.5,0,0,0.0000,200000.0,3386341,3386341,656,0,2631427,3386232,3386232,3384540,3384540,2629735,3384550,152513
1787265003,1073744048,1561751552,1073741824,3226395,0,101223,120956,3402120,770699,770699,4222355,3247944,0,3,7.4,12.7,55.8,62.9,118.7,52.0,18.3,81.7,1.45,16402,117,78.89,13.17,0.0,0.0,0.08,0.24,1.38,51.0,0,5.7,0,0,0.0000,199999.8,3402229,3402229,656,0,2631421,3402120,3402120,3400437,3400437,2629735,3400447,152513
1787265004,1073745264,1540395008,1073741824,3322416,0,104077,125100,3418374,786964,786964,4347451,3264207,2,1,6.2,13.3,51.2,67.2,118.4,53.0,18.1,81.9,1.43,16713,108,78.07,12.05,0.0,0.0,0.08,0.23,1.39,48.0,0,5.5,0,0,0.0000,199999.8,3418485,3418483,656,0,2631410,3418374,3418374,3416700,3416700,2629735,3416710,152513
1787265005,1073744160,1519935488,1073741824,3421096,0,108454,128554,3434816,803410,803410,4476001,3280654,0,2,6.5,13.6,48.8,69.9,118.7,54.0,17.9,82.1,1.42,16936,108,79.40,12.05,0.0,0.0,0.08,0.24,1.41,44.0,4,5.5,0,0,0.0000,200000.0,3434925,3434925,656,0,2631406,3434816,3434816,3433147,3433147,2629735,3433157,152513
1787265007,1073745104,1491484672,1073741824,3520864,0,109247,129931,3451352,819955,819955,4605928,3297199,1,2,7.0,12.8,46.8,71.9,118.7,27.0,17.8,82.2,1.39,8484,54,39.65,6.02,0.0,0.0,0.08,0.23,0.71,24.0,0,5.5,0,0,0.0000,199999.7,3451462,3451462,656,656,2631397,3451352,3451352,3449692,3449692,2629735,3449702,152513
1787265008,1073744216,1453129728,1073741824,3620737,0,109491,129802,3467633,836234,836234,4735726,3313483,0,7,7.1,12.9,47.4,71.4,118.8,56.0,17.7,82.3,1.35,16715,108,78.13,12.05,0.0,0.0,0.09,0.24,1.45,50.0,7,5.5,0,0,0.0000,199999.6,3467742,3467742,656,0,2631399,3467633,3467633,3465976,3465976,2629735,3465986,152513
1787265009,1073743520,1414406144,1073741824,3720142,0,109014,129527,3483950,852562,852562,4865249,3329804,0,0,6.3,13.0,47.5,71.6,119.1,55.0,17.5,82.5,1.32,16786,110,80.66,12.06,0.0,0.0,0.10,0.25,1.64,49.0,0,5.6,0,0,0.0000,200000.0,3484059,3484059,656,0,2631388,3483950,3483950,3482297,3482297,2629735,3482307,152513
1787265010,1073743472,1392562176,1073741824,3819818,0,109173,129706,3499912,868534,868534,4994951,3345779,0,3,7.7,12.3,58.4,60.4,118.8,53.0,17.4,82.6,1.30,16376,108,76.93,12.05,0.0,0.0,0.08,0.24,1.35,48.0,3,5.5,0,0,0.0000,199998.5,3500021,3500021,656,0,2631378,3499912,3499912,3498272,3498272,2629735,3498282,152513
1787265011,1073744472,1373323264,1073741824,3918051,0,108122,127833,3515736,884359,884359,5122780,3361605,0,4,7.3,11.9,51.8,66.9,118.7,55.0,17.3,82.7,1.28,16282,99,75.95,11.04,0.0,0.0,0.08,0.23,1.35,42.0,0,5.4,0,0,0.0000,199998.7,3515845,3515845,656,0,2631377,3515736,3515736,3514098,3514098,2629735,3514108,152513
1787265013,1073745136,1374388224,1073741824,4017119,0,108219,128911,3531542,900177,900177,5251687,3377421,1,2,7.5,11.7,55.7,62.8,118.5,26.0,17.1,82.9,1.28,8118,54,37.99,6.02,0.0,0.0,0.08,0.23,0.67,27.0,1,5.5,0,0,0.0000,200000.0,3531652,3531652,656,656,2631365,3531542,3531542,3529914,3529914,2629735,3529924,152513
1787265014,1073743360,1376038912,1073741824,4116496,0,108812,129325,3547380,916025,916025,5381008,3393271,0,2,6.8,12.6,54.4,64.4,118.8,53.0,17.0,83.0,1.28,16231,99,75.61,11.04,0.0,0.0,0.08,0.23,1.35,51.0,0,5.4,0,0,0.0000,200000.0,3547489,3547489,656,0,2631355,3547380,3547380,3545762,3545762,2629735,3545773,152513
1787265015,1073743320,1376759808,1073741824,4215713,0,108846,129001,3562682,931333,931333,5510005,3408578,0,1,6.8,12.3,44.9,73.9,118.8,54.0,16.9,83.1,1.28,15774,119,76.45,13.35,0.0,0.0,0.08,0.24,1.33,50.0,0,5.8,0,0,0.0000,200000.0,3562791,3562791,656,0,2631349,3562682,3562682,3561069,3561069,2629735,3561080,152513
1787265016,1073743328,1381871616,1073741824,4314761,0,108258,128807,3577974,946625,946625,5638808,3423872,0,3,6.8,13.4,52.8,65.9,118.7,52.0,16.8,83.2,1.29,15715,99,73.25,11.04,0.0,0.0,0.08,0.23,1.30,44.0,0,5.5,0,0,0.0000,200000.0,3578083,3578083,656,0,2631349,3577974,3577974,3576363,3576363,2629735,3576374,152513
1787265017,1073745480,1382592512,1073741824,4413705,0,108066,128642,3593359,962025,962025,5767446,3439273,1,4,6.8,12.8,44.9,73.9,118.8,54.0,16.7,83.3,1.29,15813,99,73.77,11.15,0.0,0.0,0.08,0.23,1.31,42.0,0,5.5,0,0,0.0000,199998.8,3593469,3593469,656,656,2631334,3593359,3593359,3591764,3591764,2629735,3591775,152513
1787265019,1073744920,1380245504,1073741824,4512898,0,108880,128914,3608658,977324,977324,5896356,3454569,2,1,7.1,12.7,59.3,59.2,118.5,26.5,16.6,83.4,1.29,15662,99,73.15,11.04,0.0,0.0,0.08,0.23,1.30,51.0,2,5.5,0,0,0.0000,200000.0,3608769,3608769,656,1312,2631334,3608658,3608658,3607060,3607060,2629735,3607071,152513
1787265020,1073744168,1381793792,1073741824,4612278,0,108757,129131,3623866,992538,992538,6025483,3469787,0,5,7.2,12.4,52.9,65.9,118.8,52.0,16.5,83.5,1.29,7832,49,36.53,5.52,0.0,0.0,0.08,0.24,0.66,23.0,0,5.5,0,0,0.0000,200000.0,3623975,3623975,656,0,2631328,3623866,3623866,3622278,3622278,2629735,3622289,152513
1787265021,1073744360,1383809024,1073741824,4712367,0,109482,130105,3639218,1007898,1007898,6155584,3485144,0,2,6.8,12.2,51.8,66.9,118.7,53.0,16.4,83.6,1.29,15738,99,73.59,11.04,0.0,0.0,0.08,0.23,1.30,50.0,4,5.5,0,0,0.0000,199999.7,3639327,3639327,656,0,2631320,3639218,3639218,3637635,3637635,2629735,3637646,152513
1787265022,1073744784,1387130880,1073741824,4812388,0,109096,129922,3654233,1022915,1022915,6285502,3500163,0,4,7.1,12.2,55.0,64.0,119.0,52.0,16.3,83.7,1.29,15484,108,74.67,12.05,0.0,0.0,0.08,0.23,1.31,49.0,0,5.7,0,0,0.0000,200000.0,3654342,3654342,656,0,2631318,3654233,3654233,3652654,3652654,2629735,3652665,152513
1787265023,1073744240,1387712512,1073741824,4912532,0,109496,129978,3669288,1037977,1037977,6415476,3515224,1,3,7.1,11.7,57.3,61.3,118.6,51.0,16.2,83.8,1.29,15471,90,72.34,10.04,0.0,0.0,0.08,0.23,1.29,48.0,0,5.4,0,0,0.0000,200000.0,3669398,3669398,656,656,2631311,3669288,3669288,3667715,3667715,2629735,3667726,152513
1787265024,1073745144,1389547520,1073741824,5013281,0,109816,130816,3684112,1052809,1052809,6546288,3530056,1,3,6.6,13.0,59.9,59.0,118.9,52.0,16.1,83.9,1.29,15194,99,70.91,11.04,0.0,0.0,0.08,0.24,1.26,57.0,3,5.5,0,0,0.0000,199999.8,3684222,3684222,656,656,2631303,3684112,3684112,3682547,3682547,2629735,3682558,152513
1787265026,1073743792,1387945984,1073741824,5112645,0,109219,129140,3698950,1067658,1067658,6675424,3544903,0,1,7.1,13.3,55.8,62.8,118.6,25.5,16.0,84.0,1.29,7621,49,35.66,5.52,0.0,0.0,0.08,0.23,0.63,28.5,1,5.5,0,0,0.0000,200000.0,3699059,3699059,656,0,2631292,3698950,3698950,3697394,3697394,2629735,3697405,152513
1787265027,1073743616,1392926720,1073741824,5213458,0,109670,130945,3713613,1082328,1082328,6806365,3559574,0,2,7.4,12.7,54.8,63.8,118.6,52.0,15.9,84.1,1.30,15066,90,70.34,10.04,0.0,0.0,0.08,0.23,1.25,50.0,3,5.4,0,0,0.0000,200000.0,3713722,3713722,656,0,2631285,3713613,3713613,3712065,3712065,2629735,3712076,152513
1787265028,1073743176,1391288320,1073741824,5314223,0,110148,130902,3728339,1097064,1097064,6937263,3574309,0,1,7.6,12.3,61.4,57.4,118.8,51.0,15.8,84.2,1.30,15194,108,73.84,12.05,0.0,0.0,0.08,0.23,1.29,52.0,0,5.7,0,0,0.0000,200000.0,3728448,3728448,656,0,2631275,3728339,3728339,3726800,3726800,2629735,3726811,152513
1787265029,1073744560,1395474432,1073741824,5415074,0,110056,131076,3743105,1111831,1111831,7068335,3589077,0,2,6.8,12.9,48.9,69.9,118.8,53.0,15.7,84.3,1.30,15151,99,71.04,11.04,0.0,0.0,0.08,0.24,1.26,50.0,0,5.5,0,0,0.0000,200000.0,3743214,3743214,656,0,2631274,3743105,3743105,3741568,3741568,2629735,3741579,152513
1787265030,1073743704,1400061952,1073741824,5516191,0,110593,131303,3757586,1126321,1126321,7199634,3603567,0,2,5.8,14.0,44.9,73.9,118.8,51.0,15.6,84.4,1.30,14868,90,69.27,10.04,0.0,0.0,0.08,0.23,1.23,47.0,0,5.4,0,0,0.0000,200000.0,3757695,3757695,656,0,2631265,3757586,3757586,3756058,3756058,2629735,3756069,152513
1787265032,1073745640,1400123392,1073741824,5617504,0,110635,131407,3772303,1141039,1141039,7331037,3618287,1,4,6.8,13.0,44.9,74.0,118.9,25.5,15.6,84.4,1.30,7507,49,35.08,5.52,0.0,0.0,0.08,0.23,0.62,24.0,0,5.5,0,0,0.0000,200000.0,3772413,3772413,656,656,2631264,3772303,3772303,3770778,3770778,2629735,3770789,152513
1787265033,1073743448,1400696832,1073741824,5719120,0,110633,131730,3786803,1155550,1155550,7462763,3632797,0,3,6.2,13.1,52.9,65.9,118.8,51.0,15.5,84.5,1.30,14911,90,70.02,10.04,0.0,0.0,0.08,0.23,1.24,44.0,0,5.5,0,0,0.0000,199999.3,3786912,3786912,656,0,2631253,3786803,3786803,3785288,3785288,2629735,3785299,152513
1787265034,1073744512,1405284352,1073741824,5820157,0,110119,131032,3801065,1169813,1169813,7593791,3647059,0,2,6.4,12.8,54.2,65.2,119.4,51.0,15.4,84.6,1.31,14647,108,70.94,12.05,0.0,0.0,0.08,0.23,1.24,48.0,3,5.8,0,0,0.0000,200000.0,3801174,3801174,656,0,2631252,3801065,3801065,3799550,3799550,2629735,3799561,152513
1787265035,1073743456,1407082496,1073741824,5919880,0,109413,129520,3815245,1184001,1184001,7723307,3661246,0,1,6.8,12.8,49.8,68.9,118.7,50.0,15.3,84.7,1.31,14537,90,68.20,10.04,0.0,0.0,0.08,0.23,1.21,52.0,3,5.5,0,0,0.0000,199999.6,3815354,3815354,656,0,2631244,3815245,3815245,3813737,3813737,2629735,3813748,152513
1787265036,1073744288,1411145728,1073741824,6020750,0,110006,130777,3829574,1198339,1198339,7854080,3675584,0,1,6.9,13.0,53.9,64.9,118.8,50.0,15.3,84.7,1.31,14699,90,68.81,10.04,0.0,0.0,0.08,0.23,1.22,49.0,0,5.5,0,0,0.0000,200000.0,3829683,3829683,656,0,2631235,3829574,3829574,3828075,3828075,2629735,3828086,152513
1787265038,1073744776,1415995392,1073741824,6121635,0,110466,130820,3843901,1212667,1212667,7984896,3689912,2,1,7.0,12.9,57.3,61.3,118.6,25.5,15.2,84.8,1.32,14679,90,68.73,10.04,0.0,0.0,0.08,0.24,1.22,44.0,0,5.5,0,0,0.0000,199999.3,3844012,3844011,656,656,2631234,3843901,3843901,3842403,3842403,2629735,3842414,152513
1787265039,1073743552,1413775360,1073741824,6222134,0,110177,130450,3858348,1227122,1227122,8115342,3704371,0,5,8.1,12.2,63.8,54.8,118.6,55.0,15.1,84.9,1.32,7415,46,34.73,5.03,0.0,0.0,0.10,0.23,0.74,28.5,0,5.5,0,0,0.0000,200000.0,3858457,3858457,656,0,2631226,3858348,3858348,3856862,3856862,2629735,3856873,152513
1787265040,1073746872,1417969664,1073741824,6322062,0,109087,129666,3872454,1241237,1241237,8245004,3718482,3,1,6.9,13.1,51.9,67.0,118.9,50.0,15.1,84.9,1.32,14493,99,68.00,11.04,0.0,0.0,0.08,0.24,1.21,49.0,0,5.5,0,0,0.0000,199998.5,3872566,3872566,656,1968,2631217,3872454,3872454,3870973,3870973,2629735,3870984,152513
1787265041,1073743512,1425178624,1073741824,6421986,0,109275,129613,3886411,1255196,1255196,8374613,3732444,0,4,5.9,13.7,50.3,68.3,118.6,49.0,15.0,85.0,1.33,14366,101,70.02,11.28,0.0,0.0,0.08,0.24,1.21,45.0,0,5.8,0,0,0.0000,200000.0,3886520,3886520,656,0,2631215,3886411,3886411,3884935,3884935,2629735,3884946,152513
1787265042,1073743216,1422639104,1073741824,6521923,0,109172,129643,3900430,1269213,1269213,8504252,3746461,0,4,7.0,12.7,50.8,67.9,118.7,52.0,14.9,85.1,1.32,14345,90,67.43,10.04,0.0,0.0,0.08,0.23,1.20,47.0,2,5.5,0,0,0.0000,199999.3,3900539,3900539,656,0,2631217,3900430,3900430,3898952,3898952,2629735,3898963,152513
1787265043,1073744640,1426571264,1073741824,6622858,0,109818,130945,3914388,1283171,1283171,8635193,3760417,1,2,7.7,12.5,60.9,57.9,118.8,50.0,14.9,85.1,1.33,14330,90,67.32,10.04,0.0,0.0,0.08,0.23,1.19,49.0,3,5.5,0,0,0.0000,200000.0,3914498,3914498,656,656,2631217,3914388,3914388,3912908,3912908,2629735,3912919,152513
1787265045,1073744312,1424936960,1073741824,6723409,0,109594,130475,3928402,1297201,1297201,8765664,3774448,1,3,6.6,14.2,45.9,72.9,118.8,25.0,14.8,85.2,1.33,7176,45,33.92,5.02,0.0,0.0,0.08,0.23,0.60,26.5,2,5.5,0,0,0.0000,200000.0,3928512,3928512,656,656,2631201,3928402,3928402,3926939,3926939,2629735,3926950,152513
1787265046,1073747064,1424134144,1073741824,6823957,0,109523,130349,3942298,1311101,1311101,8896009,3788349,5,4,6.0,13.4,56.9,61.9,118.8,50.0,14.7,85.3,1.33,14265,90,67.07,10.04,0.0,0.0,0.08,0.23,1.19,43.0,0,5.5,0,0,0.0000,199997.9,3942412,3942412,656,3280,2631197,3942298,3942298,3940840,3940840,2629735,3940851,152513
1787265047,1073743496,1422221312,1073741824,6925037,0,110134,131144,3956408,1325219,1325219,9027149,3802465,0,2,7.1,11.8,60.4,58.3,118.7,51.0,14.7,85.3,1.32,14496,108,70.87,12.05,0.0,0.0,0.08,0.23,1.23,51.0,0,5.8,0,0,0.0000,200000.0,3956517,3956517,656,0,2631189,3956408,3956408,3954956,3954956,2629735,3954967,152513
1787265048,1073744192,1411248128,1073741824,7027960,0,111892,133613,3970569,1339388,1339388,9160758,3816634,0,2,6.7,12.5,54.8,63.9,118.7,50.0,14.6,85.4,1.31,14522,90,68.30,10.04,0.0,0.0,0.08,0.23,1.21,44.0,0,5.5,0,0,0.0000,200000.0,3970678,3970678,656,0,2631181,3970569,3970569,3969125,3969125,2629735,3969136,152513
1787265049,1073743488,1404489728,1073741824,7130424,0,112627,133241,3984661,1353475,1353475,9293995,3830721,0,2,6.7,12.5,50.8,67.9,118.7,49.0,14.6,85.4,1.31,14448,90,68.23,10.04,0.0,0.0,0.08,0.23,1.20,37.0,0,5.5,0,0,0.0000,199999.4,3984770,3984770,656,0,2631186,3984661,3984661,3983212,3983212,2629735,3983223,152513
1787265051,1073743432,1388851200,1073741824,7233379,0,111751,133846,3998848,1367668,1367668,9427837,3844913,0,1,6.4,13.6,47.0,72.1,119.1,26.0,14.5,85.5,1.29,7247,45,34.13,5.02,0.0,0.0,0.08,0.24,0.60,25.5,0,5.5,0,0,0.0000,200000.0,3998957,3998957,656,0,2631180,3998848,3998848,3997404,3997404,2629735,3997415,152513
1787265052,1073743432,1377193984,1073741824,7335807,0,111958,133149,4012781,1381608,1381608,9560982,3858856,0,4,6.7,12.5,43.9,75.0,118.9,52.0,14.5,85.5,1.28,14326,90,67.55,10.04,0.0,0.0,0.08,0.23,1.19,49.0,2,5.5,0,0,0.0000,200000.0,4012890,4012890,656,0,2631173,4012781,4012781,4011347,4011347,2629735,4011358,152513
1787265053,1073745848,1369006080,1073741824,7438523,0,111569,133259,4026948,1395774,1395774,9694237,3873020,3,2,8.2,12.3,52.0,67.0,119.0,51.0,14.4,85.6,1.27,14496,99,70.92,11.04,0.0,0.0,0.08,0.23,1.23,54.0,0,5.8,0,0,0.0000,199999.2,4027060,4027060,656,1968,2631174,4026948,4026948,4025511,4025511,2629735,4025522,152513
1787265054,1073743000,1364951040,1073741824,7541745,0,112082,134011,4041193,1410017,1410017,9828244,3887267,0,6,6.4,13.8,53.0,66.0,119.0,52.0,14.3,85.7,1.27,14606,99,69.05,11.04,0.0,0.0,0.08,0.23,1.25,49.0,0,5.6,0,0,0.0000,199996.7,4041302,4041302,656,0,2631176,4041193,4041193,4039758,4039758,2629735,4039769,152513
1787265055,1073743128,1359765504,1073741824,7644183,0,112078,132987,4055134,1423971,1423971,9961227,3901215,0,0,6.5,12.4,54.3,64.2,118.5,51.0,14.3,85.7,1.27,14311,90,67.39,10.04,0.0,0.0,0.08,0.23,1.18,40.0,3,5.5,0,0,0.0000,200000.0,4055243,4055243,656,0,2631163,4055134,4055134,4053706,4053706,2629735,4053717,152513
1787265057,1073744000,1362780160,1073741824,7747047,0,112299,133535,4069345,1438179,1438179,10094758,3915427,0,4,6.2,13.5,47.8,70.8,118.6,25.5,14.2,85.8,1.27,14538,90,68.50,10.04,0.0,0.0,0.08,0.23,1.21,47.0,0,5.5,0,0,0.0000,199999.9,4069454,4069454,656,0,2631166,4069345,4069345,4067918,4067918,2629735,4067929,152513
1787265058,1073743848,1364889600,1073741824,7849641,0,111968,133235,4083319,1452158,1452158,10227989,3929403,0,1,6.6,12.6,46.9,71.9,118.8,52.0,14.2,85.8,1.27,7151,45,33.70,5.02,0.0,0.0,0.08,0.23,0.59,24.5,0,5.5,0,0,0.0000,200000.0,4083428,4083428,656,0,2631161,4083319,4083319,4081894,4081894,2629735,4081905,152513
1787265059,1073743232,1368035328,1073741824,7951948,0,111605,132788,4097239,1466083,1466083,10360773,3943329,0,2,6.9,12.9,48.0,71.0,119.0,50.0,14.2,85.8,1.27,14264,90,67.36,10.04,0.0,0.0,0.08,0.23,1.19,40.0,0,5.5,0,0,0.0000,199999.5,4097348,4097348,656,0,2631156,4097239,4097239,4095820,4095820,2629735,4095831,152513
1787265060,1073745872,1366876160,1073741824,8054452,0,111403,133070,4111219,1480075,1480075,10493839,3957321,3,2,6.9,13.2,52.0,67.0,119.0,51.0,14.1,85.9,1.27,14316,101,70.77,11.32,0.0,0.0,0.08,0.24,1.22,45.0,3,5.8,0,0,0.0000,199998.3,4111331,4111331,656,1968,2631144,4111219,4111219,4109812,4109812,2629735,4109823,152513
1787265061,1073744960,1362243584,1073741824,8156742,0,111564,132506,4125249,1494113,1494113,10626341,3971358,2,1,6.3,13.7,52.9,65.9,118.8,52.0,14.1,85.9,1.27,14383,99,67.96,11.04,0.0,0.0,0.08,0.23,1.20,49.0,0,5.6,0,0,0.0000,199999.2,4125360,4125360,656,1312,2631136,4125249,4125249,4123849,4123849,2629735,4123860,152513
1787265063,1073743456,1365389312,1073741824,8260516,0,112205,134368,4139285,1508154,1508154,10760705,3985400,0,2,7.8,11.9,57.1,62.1,119.2,50.0,14.0,86.0,1.27,14356,81,67.79,9.04,0.0,0.0,0.08,0.23,1.19,50.0,0,5.4,0,0,0.0000,200000.0,4139394,4139394,656,0,2631131,4139285,4139285,4137891,4137891,2629735,4137902,152513
1787265064,1073743888,1363816448,1073741824,8364636,0,112929,134801,4153445,1522307,1522307,10895502,3999555,0,4,6.7,12.4,45.0,74.0,119.0,25.5,14.0,86.0,1.27,7253,49,34.30,5.52,0.0,0.0,0.08,0.23,0.60,19.5,0,5.6,0,0,0.0000,199998.1,4153554,4153554,656,0,2631138,4153445,4153445,4152046,4152046,2629735,4152057,152513
1787265065,1073744080,1366163456,1073741824,8468729,0,112965,134727,4167379,1536258,1536258,11030225,4013502,1,0,7.1,11.5,57.1,62.1,119.2,50.0,13.9,86.1,1.27,14302,90,67.73,10.04,0.0,0.0,0.08,0.24,1.19,50.0,2,5.5,0,0,0.0000,200000.0,4167489,4167489,656,656,2631121,4167379,4167379,4165993,4165993,2629735,4166004,152513
1787265066,1073744472,1364451328,1073741824,8572619,0,112950,134577,4181574,1550453,1550453,11164798,4027701,0,4,7.4,12.3,65.8,52.9,118.7,51.0,13.9,86.1,1.27,14529,99,71.67,11.04,0.0,0.0,0.08,0.23,1.24,45.0,1,5.8,0,0,0.0000,200000.0,4181683,4181683,656,0,2631121,4181574,4181574,4180192,4180192,2629735,4180203,152513
1787265067,1073745312,1362632704,1073741824,8677285,0,113792,135547,4195544,1564429,1564429,11300341,4041675,2,2,6.2,13.7,46.4,72.4,118.8,50.0,13.8,86.2,1.27,14273,99,67.68,11.04,1.0,0.0,0.08,0.23,1.19,45.0,3,5.6,0,0,0.0000,200000.0,4195655,4195655,656,1312,2631115,4195544,4195544,4194166,4194166,2629735,4194177,152513
1787265068,1073744808,1365254144,1073741824,8781152,0,113279,134617,4209602,1578487,1578487,11434954,4055732,2,1,7.3,12.8,51.9,66.9,118.8,50.0,13.8,86.2,1.27,14396,92,68.30,10.06,1.0,0.0,0.08,0.23,1.20,50.0,0,5.5,0,0,0.0000,199999.3,4209713,4209713,656,1312,2631115,4209602,4209602,4208223,4208223,2629735,4208234,152513
1787265070,1073743568,1363845120,1073741824,8885151,0,113644,134772,4223623,1592506,1592506,11569722,4069753,0,3,7.1,12.4,53.8,64.9,118.7,27.5,13.8,86.2,1.27,7171,45,34.15,5.02,0.0,0.0,0.10,0.28,0.70,26.0,3,5.6,0,0,0.0000,199999.1,4223732,4223732,656,0,2631117,4223623,4223623,4222244,4222244,2629735,4222255,152513
1787265071,1073743864,1362583552,1073741824,8989466,0,113700,135302,4237613,1606502,1606502,11705020,4083747,0,1,6.5,12.6,46.8,71.8,118.6,50.0,13.7,86.3,1.27,14311,90,67.56,10.04,0.0,0.0,0.08,0.23,1.19,46.0,0,5.5,0,0,0.0000,200000.0,4237722,4237722,656,0,2631111,4237613,4237613,4236238,4236238,2629735,4236249,152513
1787265072,1073741592,1365860352,1073741824,9093691,0,113625,135190,4251602,1620494,1620494,11840206,4097743,0,5,6.9,11.9,56.3,62.3,118.6,51.0,13.7,86.3,1.27,14343,109,71.26,12.18,0.0,0.0,0.08,0.24,1.24,41.0,5,5.9,0,0,0.0000,199997.4,4251711,4251711,656,0,2631108,4251602,4251602,4250234,4250234,2629735,4250245,152513
1787265073,1073744416,1364361216,1073741824,9197867,0,113718,134802,4265384,1634288,1634288,11975004,4111534,0,2,6.6,13.3,47.8,70.8,118.6,49.0,13.6,86.4,1.27,14104,90,66.67,10.04,0.0,0.0,0.08,0.23,1.17,48.0,0,5.5,0,0,0.0000,200000.0,4265493,4265493,656,0,2631096,4265384,4265384,4264025,4264025,2629735,4264036,152513
1787265074,1073742704,1366851584,1073741824,9303050,0,114323,136281,4279574,1648483,1648483,12111281,4125729,0,2,6.7,13.2,44.9,74.0,118.9,50.0,13.6,86.4,1.27,14529,90,69.11,10.04,0.0,0.0,0.08,0.23,1.22,40.0,2,5.5,0,0,0.0000,200000.0,4279683,4279683,656,0,2631091,4279574,4279574,4278220,4278220,2629735,4278231,152513
1787265076,1073742448,1365880832,1073741824,9407531,0,114241,135273,4293442,1662347,1662347,12246550,4139593,0,2,6.7,12.5,51.9,66.9,118.8,24.5,13.6,86.4,1.27,7087,45,33.70,5.02,0.0,0.0,0.08,0.23,0.59,25.0,2,5.6,0,0,0.0000,199997.5,4293551,4293551,656,0,2631095,4293442,4293442,4292084,4292084,2629735,4292095,152513
1787265077,1073743824,1363578880,1073741824,9512243,0,114051,135658,4307398,1676309,1676309,12382204,4153557,2,4,6.9,12.9,51.8,66.9,118.7,51.0,13.5,86.5,1.27,14300,90,67.55,10.04,0.0,0.0,0.08,0.23,1.19,53.0,0,5.5,0,0,0.0000,199998.1,4307509,4307509,656,1312,2631089,4307398,4307398,4306048,4306048,2629735,4306059,152513
1787265078,1073744064,1366069248,1073741824,9616207,0,113689,134661,4321123,1690040,1690040,12516861,4167286,0,2,6.2,13.3,40.4,78.4,118.8,51.0,13.5,86.5,1.27,14048,90,66.66,10.04,0.0,0.0,0.08,0.23,1.18,42.0,0,5.6,0,0,0.0000,200000.0,4321232,4321232,656,0,2631083,4321123,4321123,4319777,4319777,2629735,4319788,152513
1787265079,1073743280,1368035328,1073741824,9718122,0,112150,132149,4334695,1703605,1703605,12649006,4180852,0,3,7.6,11.8,56.8,61.8,118.6,50.0,13.5,86.5,1.27,13906,99,69.54,11.04,0.0,0.0,0.08,0.24,1.20,47.0,0,5.9,0,0,0.0000,199999.8,4334804,4334804,656,0,2631090,4334695,4334695,4333343,4333343,2629735,4333354,152513
1787265080,1073744416,1370394624,1073741824,9821295,0,112198,133753,4348228,1717154,1717154,12782755,4194400,0,2,6.9,13.0,42.9,75.9,118.8,49.0,13.4,86.6,1.28,13881,90,66.04,10.04,0.0,0.0,0.08,0.23,1.17,47.0,0,5.6,0,0,0.0000,200000.0,4348337,4348337,656,0,2631074,4348228,4348228,4346891,4346891,2629735,4346902,152513
1787265082,1073744224,1366478848,1073741824,9923726,0,112229,132716,4361863,1730787,1730787,12915467,4208033,0,2,7.0,12.8,57.9,60.9,118.8,25.0,13.4,86.6,1.27,13900,90,66.19,10.04,0.0,0.0,0.08,0.23,1.18,51.0,0,5.6,0,0,0.0000,199999.8,4361972,4361972,656,0,2631076,4361863,4361863,4360524,4360524,2629735,4360535,152513
1787265083,1073745480,1368698880,1073741824,10026384,0,111831,132952,4375441,1744371,1744371,13048415,4221619,2,2,6.2,13.3,43.9,75.0,118.9,50.0,13.4,86.6,1.27,6946,45,33.12,5.02,0.0,0.0,0.08,0.23,0.58,20.5,0,5.6,0,0,0.0000,199999.8,4375552,4375550,656,0,2631070,4375441,4375441,4374108,4374108,2629735,4374120,152513
1787265084,1073744176,1371058176,1073741824,10129519,0,111716,133666,4388956,1757889,1757889,13182077,4235136,0,1,7.0,12.1,52.1,67.1,119.2,49.0,13.3,86.7,1.28,13848,90,65.80,10.04,0.0,0.0,0.08,0.23,1.16,41.0,0,5.6,0,0,0.0000,200000.0,4389065,4389065,656,0,2631067,4388956,4388956,4387625,4387625,2629735,4387637,152513
1787265085,1073744320,1366589440,1073741824,10232133,0,112183,132916,4402652,1771589,1771589,13314989,4248838,1,3,7.0,12.9,54.9,63.9,118.8,50.0,13.3,86.7,1.27,14017,99,70.22,11.04,0.0,0.0,0.09,0.23,1.22,40.0,1,5.9,0,0,0.0000,200000.0,4402762,4402762,656,656,2631063,4402652,4402652,4401327,4401327,2629735,4401339,152513
1787265086,1073744480,1366749184,1073741824,10334971,0,111984,133282,4416582,1785514,1785514,13448267,4262762,0,2,8.1,11.3,51.0,68.0,119.0,50.0,13.3,86.7,1.27,14294,92,67.96,10.41,0.0,0.0,0.08,0.24,1.21,51.0,0,5.6,0,0,0.0000,200000.0,4416691,4416691,656,0,2631068,4416582,4416582,4415251,4415251,2629735,4415263,152513
1787265087,1073744512,1366417408,1073741824,10438129,0,112160,133798,4430380,1799314,1799314,13582061,4276565,1,5,6.1,13.4,52.0,67.1,119.1,51.0,13.2,86.8,1.27,14099,90,67.27,10.04,0.0,0.0,0.08,0.24,1.18,42.0,1,5.6,0,0,0.0000,200000.0,4430490,4430490,656,656,2631066,4430380,4430380,4429054,4429054,2629735,4429066,152513
1787265089,1073743752,1368645632,1073741824,10541545,0,112754,134004,4444119,1813061,1813061,13716061,4290307,0,0,6.4,12.3,43.9,75.0,118.9,25.5,13.2,86.8,1.27,7056,45,33.53,5.02,0.0,0.0,0.08,0.23,0.59,20.0,0,5.6,0,0,0.0000,200000.0,4444228,4444228,656,0,2631058,4444118,4444118,4442795,4442795,2629735,4442809,152513
1787265090,1073743576,1371267072,1073741824,10644691,0,111945,133695,4457990,1826928,1826928,13849752,4304179,0,5,6.6,12.8,57.1,62.1,119.2,50.0,13.2,86.8,1.28,14146,92,67.64,10.38,0.0,0.0,0.08,0.24,1.20,46.0,2,5.6,0,0,0.0000,200000.0,4458099,4458099,656,0,2631062,4457989,4457989,4456667,4456667,2629735,4456681,152513
1787265091,1073744240,1373233152,1073741824,10748598,0,112916,134727,4471795,1840731,1840731,13984475,4317979,0,2,7.3,13.0,61.9,56.9,118.8,51.0,13.2,86.8,1.28,14145,108,70.94,12.05,0.0,0.0,0.08,0.23,1.22,40.0,1,6.0,0,0,0.0000,199999.7,4471904,4471904,656,0,2631064,4471794,4471794,4470467,4470467,2629735,4470481,152513
1787265092,1073745440,1369026560,1073741824,10852080,0,113136,134121,4485353,1854290,1854290,14118592,4331537,3,1,7.0,12.2,52.9,66.0,118.9,48.0,13.1,86.9,1.28,13873,83,66.32,9.28,0.0,0.0,0.08,0.24,1.17,47.0,0,5.5,0,0,0.0000,199999.8,4485465,4485465,656,1968,2631063,4485352,4485352,4484025,4484025,2629735,4484039,152513
1787265093,1073744352,1371123712,1073741824,10956043,0,113236,134673,4498996,1867940,1867940,14253261,4345188,0,2,6.4,12.9,42.3,76.3,118.6,50.0,13.1,86.9,1.28,13933,99,66.64,11.04,0.0,0.0,0.08,0.24,1.17,42.0,2,5.7,0,0,0.0000,200000.0,4499105,4499105,656,0,2631056,4498995,4498995,4497676,4497676,2629735,4497690,152513
1787265095,1073744256,1372561408,1073741824,11059144,0,112418,133493,4512534,1881484,1881484,14386750,4358734,0,4,6.2,13.5,46.5,72.6,119.1,24.0,13.1,86.9,1.28,6923,40,33.08,4.52,0.0,0.0,0.08,0.22,0.58,25.5,0,5.5,0,0,0.0000,200000.0,4512643,4512643,656,0,2631050,4512533,4512533,4511222,4511222,2629735,4511236,152513
1787265096,1073744992,1367511040,1073741824,11162959,0,112554,134462,4526383,1895335,1895335,14521208,4372586,1,5,7.1,12.2,43.0,76.1,119.1,50.0,13.1,86.9,1.27,14168,90,67.66,10.04,0.0,0.0,0.08,0.23,1.19,47.0,1,5.6,0,0,0.0000,200000.0,4526493,4526493,656,656,2631048,4526382,4526382,4525074,4525074,2629735,4525088,152513
1787265097,1073746512,1369083904,1073741824,11266482,0,113149,134070,4540050,1909004,1909004,14655274,4386255,2,5,7.5,12.4,56.4,62.4,118.8,49.0,13.0,87.0,1.28,13999,99,70.30,11.04,0.0,0.0,0.08,0.24,1.20,51.0,0,5.9,0,0,0.0000,200000.0,4540161,4540161,656,1312,2631046,4540049,4540049,4538743,4538743,2629735,4538757,152513
1787265098,1073743776,1366347776,1073741824,11370250,0,112881,134347,4553724,1922683,1922683,14789617,4399931,0,2,7.1,13.0,64.0,55.0,119.0,51.0,13.0,87.0,1.27,13979,99,66.73,11.04,0.0,0.0,0.08,0.22,1.18,46.0,0,5.7,0,0,0.0000,199999.9,4553833,4553833,656,0,2631041,4553723,4553723,4552419,4552419,2629735,4552433,152513
1787265099,1073743256,1361883136,1073741824,11473624,0,112863,133959,4567275,1936234,1936234,14923572,4413482,0,3,7.6,11.9,53.9,64.9,118.8,53.0,13.0,87.0,1.27,13835,92,66.12,10.06,0.0,0.0,0.09,0.25,1.29,51.0,4,5.6,0,0,0.0000,200000.0,4567384,4567384,656,0,2631041,4567274,4567274,4565971,4565971,2629735,4565985,152514
1787265101,1073744416,1363582976,1073741824,11577045,0,112600,133936,4580885,1949851,1949851,15057504,4427097,0,1,6.6,12.5,47.0,72.0,119.0,25.5,12.9,87.1,1.27,13949,90,66.84,10.04,0.0,0.0,0.09,0.23,1.26,40.0,1,5.6,0,0,0.0000,200000.0,4580994,4580994,656,0,2631034,4580884,4580884,4579586,4579586,2629735,4579600,152514
1787265102,1073743640,1359106048,1073741824,11680527,0,112957,133927,4594507,1963475,1963475,15191427,4440722,0,2,6.7,12.2,52.9,65.9,118.8,50.0,12.9,87.1,1.27,6946,45,33.20,5.02,0.0,0.0,0.08,0.23,0.58,23.0,0,5.6,0,0,0.0000,200000.0,4594616,4594616,656,0,2631032,4594506,4594506,4593211,4593211,2629735,4593225,152514
1787265103,1073743704,1350094848,1073741824,11783961,0,112511,134026,4608034,1977010,1977010,15325449,4454255,0,0,5.1,14.3,39.9,79.0,118.9,50.0,12.9,87.1,1.26,13819,90,66.07,10.04,0.0,0.0,0.08,0.24,1.16,40.0,0,5.6,0,0,0.0000,200000.0,4608143,4608143,656,0,2631024,4608033,4608033,4606744,4606744,2629735,4606758,152514
1787265104,1073743176,1345769472,1073741824,11887417,0,113006,134239,4621695,1990677,1990677,15459684,4467923,0,1,6.8,11.7,49.8,68.8,118.6,50.0,12.9,87.1,1.25,14022,99,70.96,11.04,0.0,0.0,0.09,0.23,1.22,44.0,2,5.9,0,0,0.0000,200000.0,4621804,4621804,656,0,2631018,4621694,4621694,4620412,4620412,2629735,4620426,152514
1787265105,1073744352,1342025728,1073741824,11992180,0,114519,135811,4635313,2004300,2004300,15595491,4481547,1,2,6.9,13.2,53.3,65.3,118.6,50.0,12.9,87.1,1.25,13972,90,67.03,10.04,0.0,0.0,0.08,0.23,1.17,53.0,2,5.6,0,0,0.0000,200000.0,4635423,4635423,656,656,2631013,4635312,4635312,4634036,4634036,2629735,4634050,152514
1787265107,1073743280,1337704448,1073741824,12098206,0,115275,137456,4649058,2018048,2018048,15732943,4495294,0,1,7.6,12.4,57.0,62.0,119.0,49.0,12.8,87.2,1.25,14037,90,67.11,10.04,0.0,0.0,0.08,0.23,1.18,56.0,0,5.6,0,0,0.0000,200000.0,4649167,4649167,656,0,2631010,4649057,4649057,4647783,4647783,2629735,4647797,152514
1787265108,1073743352,1333927936,1073741824,12203709,0,115345,137036,4662955,2031948,2031948,15869975,4509194,0,1,5.9,13.8,38.0,81.0,119.0,25.0,12.8,87.2,1.24,7121,45,34.05,5.02,0.0,0.0,0.08,0.23,0.60,20.0,6,5.6,0,0,0.0000,199999.8,4663064,4663064,656,0,2631007,4662954,4662954,4661683,4661683,2629735,4661697,152514
1787265109,1073746424,1325166592,1073741824,12309094,0,115108,136913,4676919,2045910,2045910,16006884,4523157,2,2,7.3,12.8,61.6,57.6,119.2,52.0,12.8,87.2,1.23,14283,99,68.55,11.04,0.0,0.0,0.08,0.23,1.21,56.0,1,5.7,0,0,0.0000,199999.8,4677030,4677030,656,1312,2631009,4676918,4676918,4675646,4675646,2629735,4675660,152514
1787265110,1073743736,1326239744,1073741824,12415255,0,115487,137830,4690842,2059836,2059836,16144710,4537081,0,0,6.8,13.2,53.9,64.9,118.8,51.0,12.8,87.2,1.24,14202,99,71.84,11.04,0.0,0.0,0.09,0.23,1.24,46.0,0,5.9,0,0,0.0000,200000.0,4690951,4690951,656,0,2631006,4690841,4690841,4689570,4689570,2629735,4689584,152514
1787265111,1073746888,1323651072,1073741824,12521638,0,116008,137972,4704755,2073750,2073750,16282678,4550998,5,3,6.0,13.8,46.0,73.1,119.1,51.0,12.7,87.3,1.23,14201,99,68.01,11.04,0.0,0.0,0.08,0.23,1.19,45.0,5,5.7,0,0,0.0000,199997.6,4704869,4704869,656,3280,2631005,4704754,4704754,4703487,4703487,2629735,4703501,152514
1787265112,1073741440,1319645184,1073741824,12627709,0,115949,137603,4718407,2087394,2087394,16420277,4564645,0,6,6.0,13.0,44.1,75.1,119.2,50.0,12.7,87.3,1.23,13980,90,67.01,10.04,0.0,0.0,0.08,0.23,1.18,38.0,0,5.6,0,0,0.0000,199995.9,4718516,4718516,656,0,2631013,4718406,4718406,4717134,4717134,2629735,4717148,152514
1787265114,1073743568,1321086976,1073741824,12732674,0,114930,136329,4732136,2101136,2101136,16556602,4578382,0,1,6.8,13.1,45.1,74.1,119.2,25.5,12.7,87.3,1.23,7017,45,33.59,5.02,0.0,0.0,0.08,0.23,0.59,23.0,2,5.6,0,0,0.0000,200000.0,4732245,4732245,656,0,2631000,4732135,4732135,4730871,4730871,2629735,4730885,152514
1787265115,1073743768,1322790912,1073741824,12838023,0,114681,136674,4745944,2114943,2114943,16693272,4592188,0,0,6.9,13.5,49.1,70.2,119.3,50.0,12.7,87.3,1.23,14109,81,67.64,9.04,0.0,0.0,0.08,0.23,1.18,54.0,1,5.5,0,0,0.0000,200000.0,4746053,4746053,656,0,2631001,4745943,4745943,4744677,4744677,2629735,4744691,152514
1787265116,1073745552,1318379520,1073741824,12943306,0,114362,136576,4759942,2128944,2128944,16829844,4606190,3,1,6.8,13.8,47.1,72.0,119.1,51.0,12.6,87.4,1.23,14315,108,72.66,12.05,0.0,0.0,0.09,0.24,1.27,45.0,0,6.0,0,0,0.0000,199999.0,4760054,4760051,656,0,2630998,4759941,4759941,4758679,4758679,2629735,4758693,152514
1787265117,1073744136,1319428096,1073741824,13049385,0,115340,137610,4773801,2142800,2142800,16967450,4620046,1,1,6.2,12.4,45.6,73.6,119.2,51.0,12.6,87.4,1.23,14146,99,67.76,11.04,0.0,0.0,0.08,0.24,1.20,44.0,0,5.7,0,0,0.0000,199999.9,4773911,4773911,656,656,2631001,4773800,4773800,4772535,4772535,2629735,4772549,152514
1787265118,1073745696,1321127936,1073741824,13155882,0,115912,138073,4787712,2156707,2156707,17105519,4633953,3,1,6.6,12.6,49.9,69.3,119.2,50.0,12.6,87.4,1.23,14188,90,67.80,10.04,0.0,0.0,0.08,0.23,1.20,46.0,2,5.6,0,0,0.0000,199998.8,4787824,4787824,656,1968,2631005,4787711,4787711,4786442,4786442,2629735,4786456,152514
1787265120,1073746472,1317015552,1073741824,13263180,0,116664,139194,4801593,2170589,2170589,17244709,4647835,2,1,7.4,11.8,51.5,67.8,119.3,26.0,12.6,87.4,1.23,7072,45,33.99,5.02,0.0,0.0,0.08,0.23,0.59,21.5,7,5.6,0,0,0.0000,199999.0,4801704,4801704,656,1312,2631004,4801592,4801592,4800324,4800324,2629735,4800338,152514
1787265121,1073745488,1317793792,1073741824,13369575,0,116328,137969,4815452,2184448,2184448,17382674,4661694,3,1,7.0,13.0,59.8,59.2,119.0,50.0,12.6,87.4,1.23,14172,99,68.13,11.04,0.0,0.0,0.08,0.23,1.20,52.0,0,5.7,0,0,0.0000,199998.7,4815564,4815564,656,1968,2631004,4815451,4815451,4814183,4814183,2629735,4814197,152514
1787265122,1073744328,1317924864,1073741824,13476599,0,116068,138529,4829207,2198208,2198208,17521199,4675459,1,6,7.7,12.1,61.1,58.1,119.2,50.0,12.5,87.5,1.23,14043,99,71.62,11.04,0.0,0.0,0.09,0.23,1.23,47.0,0,6.0,0,0,0.0000,199999.8,4829317,4829317,656,656,2630999,4829206,4829206,4827948,4827948,2629735,4827962,152514
1787265123,1073743720,1323560960,1073741824,13582314,0,115364,137229,4843052,2212050,2212050,17658424,4689295,0,0,6.8,13.0,49.1,70.1,119.2,51.0,12.5,87.5,1.23,14163,90,68.30,10.04,0.0,0.0,0.08,0.23,1.19,42.0,0,5.6,0,0,0.0000,200000.0,4843161,4843161,656,0,2631002,4843051,4843051,4841784,4841784,2629735,4841798,152514
1787265124,1073743424,1320267776,1073741824,13687758,0,114723,136853,4856742,2225719,2225719,17795273,4702964,0,0,6.0,14.0,43.6,75.7,119.3,50.0,12.5,87.5,1.23,13968,90,66.97,10.04,0.0,0.0,0.08,0.23,1.18,39.0,2,5.6,0,0,0.0000,200000.0,4856851,4856851,656,0,2631023,4856741,4856741,4855453,4855453,2629735,4855467,152514
1787265126,1073743360,1321971712,1073741824,13794697,0,115615,138757,4870621,2239611,2239611,17934027,4716859,0,3,7.0,12.7,44.9,74.9,119.8,25.5,12.5,87.5,1.23,7088,49,34.07,5.52,0.0,0.0,0.08,0.23,0.60,21.0,0,5.7,0,0,0.0000,200000.0,4870730,4870730,656,0,2631010,4870620,4870620,4869348,4869348,2629735,4869362,152514
1787265127,1073743264,1323806720,1073741824,13902604,0,116566,139746,4884669,2253648,2253648,18073768,4730893,0,0,6.6,13.1,50.4,69.4,119.8,52.0,12.5,87.5,1.23,14342,90,69.11,10.14,0.0,0.0,0.08,0.23,1.21,50.0,0,5.6,0,0,0.0000,199998.4,4884778,4884778,656,0,2631021,4884668,4884668,4883382,4883382,2629735,4883396,152514
1787265128,1073744376,1320218624,1073741824,14009473,0,116384,138559,4898626,2267609,2267609,18212323,4744854,1,0,6.6,12.8,48.7,70.7,119.4,52.0,12.5,87.5,1.23,14218,90,68.87,10.04,0.0,0.0,0.08,0.23,1.21,47.0,33,5.6,0,0,0.0000,199999.9,4898736,4898735,656,0,2631017,4898625,4898625,4897343,4897343,2629735,4897357,152514
1787265129,1073743688,1321791488,1073741824,14116310,0,116314,138510,4912523,2281529,2281529,18350830,4758776,0,3,6.2,14.0,47.1,72.1,119.2,51.0,12.4,87.6,1.23,14253,110,72.41,12.06,0.0,0.0,0.09,0.24,1.25,46.0,0,6.0,0,0,0.0000,199999.7,4912632,4912632,656,0,2630994,4912522,4912522,4911266,4911266,2629735,4911280,152515
1787265130,1073744872,1323233280,1073741824,14222704,0,115862,137923,4926406,2295413,2295413,18488749,4772660,1,3,7.0,13.1,50.1,69.2,119.3,53.0,12.4,87.6,1.23,14195,99,68.22,11.04,0.0,0.0,0.10,0.25,1.39,55.0,0,5.7,0,0,0.0000,200000.0,4926516,4926516,656,656,2630993,4926405,4926405,4925150,4925150,2629735,4925164,152515
1787265132,1073743248,1319272448,1073741824,14329211,0,115400,138053,4940335,2309336,2309336,18626798,4786583,0,3,6.4,13.3,48.7,70.7,119.4,25.5,12.4,87.6,1.23,14212,81,68.57,9.04,0.0,0.0,0.08,0.23,1.21,43.0,0,5.6,0,0,0.0000,200000.0,4940444,4940444,656,0,2630999,4940334,4940334,4939073,4939073,2629735,4939087,152515
1787265133,1073744168,1320452096,1073741824,14435441,0,116005,137688,4954385,2323396,2323396,18764482,4800642,0,2,7.0,12.9,49.9,68.9,118.8,52.0,12.4,87.6,1.23,7168,49,34.50,5.52,0.0,0.0,0.08,0.23,0.61,26.5,3,5.7,0,0,0.0000,200000.0,4954494,4954494,656,0,2630989,4954384,4954384,4953132,4953132,2629735,4953146,152515
1787265134,1073742616,1321099264,1073741824,14541210,0,115181,137112,4968285,2337293,2337293,18901590,4814540,0,3,7.5,12.3,56.0,63.0,119.0,50.0,12.4,87.6,1.23,14207,90,68.32,10.04,0.0,0.0,0.08,0.23,1.21,46.0,0,5.6,0,0,0.0000,199999.3,4968394,4968394,656,0,2630992,4968284,4968284,4967030,4967030,2629735,4967044,152515
1787265135,1073743784,1318121472,1073741824,14647365,0,115403,137667,4982162,2351171,2351171,19039253,4828416,0,1,7.0,12.3,55.0,64.0,119.0,51.0,12.3,87.7,1.23,14223,108,72.68,12.05,0.0,0.0,0.09,0.23,1.27,39.0,0,6.1,0,0,0.0000,200000.0,4982271,4982271,656,0,2630991,4982161,4982161,4980906,4980906,2629735,4980920,152515
1787265136,1073744200,1319297024,1073741824,14753548,0,116200,137686,4995920,2364930,2364930,19176935,4842175,0,1,6.1,13.4,51.3,67.3,118.6,50.0,12.3,87.7,1.23,14020,90,67.63,10.04,0.0,0.0,0.08,0.23,1.20,45.0,0,5.6,0,0,0.0000,200000.0,4996029,4996029,656,0,2630990,4995919,4995919,4994665,4994665,2629735,4994679,152515
1787265137,1073742744,1314877440,1073741824,14860208,0,115950,138318,5009755,2378762,2378762,19315249,4856009,0,3,6.9,12.4,57.6,61.6,119.2,51.0,12.3,87.7,1.22,14112,99,67.85,11.04,0.0,0.0,0.08,0.23,1.20,41.0,0,5.7,0,0,0.0000,200000.0,5009864,5009864,656,0,2630993,5009754,5009754,5008499,5008499,2629735,5008513,152515
1787265139,1073743232,1312555008,1073741824,14966207,0,115439,137201,5023541,2392552,2392552,19452446,4869798,0,2,7.9,11.6,57.0,62.0,119.0,25.5,12.3,87.7,1.22,7023,45,33.81,5.02,0.0,0.0,0.08,0.23,0.60,29.0,0,5.6,0,0,0.0000,199999.8,5023650,5023650,656,0,2630989,5023540,5023540,5022288,5022288,2629735,5022302,152515
1787265140,1073743912,1313218560,1073741824,15072070,0,115088,137259,5037304,2406310,2406310,19589701,4883555,0,1,6.8,13.1,52.1,67.1,119.2,51.0,12.3,87.7,1.22,14058,90,68.10,10.04,0.0,0.0,0.08,0.23,1.20,44.0,3,5.7,0,0,0.0000,200000.0,5037413,5037413,656,0,2630994,5037303,5037303,5036045,5036045,2629735,5036059,152515
1787265141,1073744224,1315446784,1073741824,15178022,0,115483,137459,5051219,2420224,2420224,19727156,4897468,1,0,6.8,12.8,50.0,69.0,119.0,51.0,12.3,87.7,1.23,14225,99,73.18,11.04,0.0,0.0,0.09,0.23,1.27,45.0,0,6.0,0,0,0.0000,199999.9,5051329,5051329,656,656,2630995,5051218,5051218,5049958,5049958,2629735,5049972,152515
1787265142,1073745920,1312858112,1073741824,15284296,0,116147,137777,5064923,2433925,2433925,19864929,4911173,3,2,7.4,12.9,53.9,64.9,118.8,51.0,12.3,87.7,1.22,14028,99,67.86,11.04,0.0,0.0,0.08,0.24,1.19,51.0,0,5.7,0,0,0.0000,200000.0,5065035,5065035,656,1968,2630998,5064922,5064922,5063661,5063661,2629735,5063676,152515
1787265143,1073743224,1313906688,1073741824,15389794,0,115776,136733,5078742,2447755,2447755,20001658,4925002,0,1,6.4,12.3,47.4,71.4,118.8,51.0,12.2,87.8,1.22,14113,90,68.30,10.04,0.0,0.0,0.08,0.23,1.21,42.0,3,5.6,0,0,0.0000,200000.0,5078851,5078851,656,0,2630987,5078741,5078741,5077490,5077490,2629735,5077505,152515
1787265145,1073745160,1314430976,1073741824,15495548,0,115032,137135,5092545,2461560,2461560,20138789,4938807,2,1,6.8,13.5,47.6,71.6,119.2,25.5,12.2,87.8,1.22,7038,49,33.96,5.52,0.0,0.0,0.08,0.23,0.60,22.0,1,5.7,0,0,0.0000,199999.0,5092656,5092656,656,1312,2630985,5092544,5092544,5091295,5091295,2629735,5091310,152515
1787265146,1073743832,1315741696,1073741824,15601186,0,115165,136972,5106332,2475345,2475345,20275757,4952590,0,0,6.4,12.4,61.1,58.1,119.2,50.0,12.2,87.8,1.23,14038,90,67.68,10.04,0.0,0.0,0.08,0.23,1.19,37.0,0,5.6,0,0,0.0000,200000.0,5106441,5106441,656,0,2630987,5106331,5106331,5105079,5105079,2629735,5105094,152516
1787265147,1073740824,1317969920,1073741824,15707122,0,114950,137429,5120105,2489123,2489123,20413182,4966371,0,3,7.0,12.4,52.2,67.2,119.4,53.0,12.2,87.8,1.23,14145,108,72.85,12.05,0.0,0.0,0.09,0.24,1.26,42.0,0,6.1,0,0,0.0000,200000.0,5120214,5120214,656,0,2630982,5120104,5120104,5118860,5118860,2629735,5118875,152516
1787265148,1073744800,1319280640,1073741824,15813551,0,116093,137985,5133920,2502937,2502937,20551163,4980183,2,1,6.8,13.8,50.0,69.0,119.0,51.0,12.2,87.8,1.23,14062,81,67.78,9.04,0.0,0.0,0.08,0.23,1.20,43.0,3,5.6,0,0,0.0000,199999.3,5134031,5134031,656,1312,2630983,5133919,5133919,5132672,5132672,2629735,5132687,152516
1787265149,1073743912,1320198144,1073741824,15919668,0,115732,137428,5147905,2516922,2516922,20688587,4994169,0,2,7.2,12.6,62.6,56.6,119.2,51.0,12.2,87.8,1.23,14317,99,69.08,11.04,0.0,0.0,0.08,0.23,1.22,54.0,0,5.7,0,0,0.0000,200000.0,5148014,5148014,656,0,2630983,5147904,5147904,5146658,5146658,2629735,5146673,152516
1787265151,1073744032,1314820096,1073741824,16025722,0,115709,137349,5161591,2530616,2530616,20825932,5007863,0,2,6.7,13.1,59.0,60.0,119.0,25.0,12.2,87.8,1.22,6976,45,33.76,5.02,0.0,0.0,0.08,0.23,0.59,24.5,0,5.7,0,0,0.0000,199999.7,5161700,5161700,656,0,2630975,5161590,5161590,5160352,5160352,2629735,5160367,152516
1787265152,1073743520,1315475456,1073741824,16131936,0,115653,137574,5175167,2544197,2544197,20963502,5021443,0,1,7.1,12.9,57.5,61.5,119.0,51.0,12.1,87.9,1.23,13873,90,67.37,10.04,0.0,0.0,0.08,0.23,1.19,58.0,2,5.7,0,0,0.0000,200000.0,5175276,5175276,656,0,2630970,5175166,5175166,5173932,5173932,2629735,5173947,152516
1787265153,1073742832,1316655104,1073741824,16237913,0,115678,137369,5188968,2557998,2557998,21100867,5035243,0,0,6.9,13.3,51.5,67.5,119.0,51.0,12.1,87.9,1.23,14138,108,73.05,12.05,0.0,0.0,0.09,0.23,1.26,50.0,3,6.1,0,0,0.0000,200000.0,5189077,5189077,656,0,2630970,5188967,5188967,5187732,5187732,2629735,5187747,152516
1787265154,1073747056,1317834752,1073741824,16344325,0,116010,138035,5202948,2571983,2571983,21238898,5049230,5,2,6.1,13.4,41.4,77.4,118.8,51.0,12.1,87.9,1.23,14266,99,68.99,11.04,0.0,0.0,0.08,0.23,1.21,44.0,4,5.7,0,0,0.0000,200000.0,5203062,5203062,656,3280,2630965,5202947,5202947,5201719,5201719,2629735,5201734,152516
1787265155,1073743160,1318883328,1073741824,16450824,0,116067,138002,5216562,2585602,2585602,21376896,5062849,0,2,7.3,12.6,58.0,61.0,119.0,50.0,12.1,87.9,1.23,13907,90,67.45,10.04,0.0,0.0,0.08,0.24,1.18,56.0,1,5.7,0,0,0.0000,200000.0,5216671,5216671,656,0,2630960,5216561,5216561,5215338,5215338,2629735,5215353,152516
1787265157,1073743328,1319931904,1073741824,16557009,0,116004,137550,5230269,2599304,2599304,21514442,5076550,0,1,7.0,12.9,48.0,71.0,119.0,25.0,12.1,87.9,1.23,13993,90,67.59,10.04,0.0,0.0,0.08,0.23,1.19,47.0,0,5.6,0,0,0.0000,200000.0,5230378,5230378,656,0,2630965,5230268,5230268,5229039,5229039,2629735,5229054,152516
1787265158,1073745152,1314549760,1073741824,16663208,0,115516,137643,5244060,2613104,2613104,21652081,5090350,2,2,6.7,12.7,53.0,66.0,119.0,50.0,12.1,87.9,1.22,7049,45,34.05,5.02,0.0,0.0,0.08,0.22,0.60,26.0,0,5.6,0,0,0.0000,199999.9,5244171,5244171,656,1312,2630956,5244059,5244059,5242840,5242840,2629735,5242855,152517
1787265159,1073744032,1315860480,1073741824,16768902,0,115363,136950,5257953,2626995,2626995,21789027,5104242,0,3,6.6,12.5,53.1,66.1,119.2,52.0,12.1,87.9,1.23,14173,101,68.65,11.06,0.0,0.0,0.08,0.24,1.21,54.0,0,5.7,0,0,0.0000,199999.8,5258062,5258062,656,0,2630958,5257952,5257952,5256732,5256732,2629735,5256747,152517
1787265160,1073745040,1316646912,1073741824,16875171,0,114963,137687,5271795,2640840,2640840,21926710,5118088,0,4,6.9,12.8,52.6,66.6,119.2,49.0,12.0,88.0,1.23,14224,108,73.26,12.05,0.0,0.0,0.09,0.23,1.27,44.0,5,6.1,0,0,0.0000,200000.0,5271904,5271904,656,0,2630955,5271794,5271794,5270578,5270578,2629735,5270593,152517
1787265161,1073742984,1317433344,1073741824,16981537,0,116046,137834,5285660,2654696,2654696,22064540,5131944,1,4,7.1,12.4,57.9,60.9,118.8,55.0,12.0,88.0,1.23,14081,90,68.25,10.04,0.0,0.0,0.10,0.26,1.41,59.0,1,5.7,0,0,0.0000,199999.1,5285770,5285770,656,656,2630964,5285659,5285659,5284434,5284434,2629735,5284449,152517
1787265162,1073742824,1318350848,1073741824,17087491,0,115820,137260,5299478,2668515,2668515,22201796,5145764,0,5,6.6,13.1,54.4,64.4,118.8,50.0,12.0,88.0,1.23,14140,99,68.34,11.04,0.0,0.0,0.08,0.23,1.21,52.0,0,5.7,0,0,0.0000,200000.0,5299587,5299587,656,0,2630963,5299477,5299477,5298254,5298254,2629735,5298269,152517
1787265164,1073743896,1317208064,1073741824,17192689,0,115160,136383,5313257,2682304,2682304,22338175,5159550,0,2,6.0,13.2,44.9,73.9,118.8,25.5,12.0,88.0,1.23,7031,45,34.09,5.02,0.0,0.0,0.08,0.23,0.60,22.5,2,5.7,0,0,0.0000,200000.0,5313366,5313366,656,0,2630953,5313256,5313256,5312040,5312040,2629735,5312055,152517
1787265165,1073743912,1318518784,1073741824,17298841,0,114816,137461,5327111,2696158,2696158,22475632,5173402,0,0,6.6,12.8,52.1,67.1,119.2,51.0,12.0,88.0,1.23,14113,90,68.50,10.04,0.0,0.0,0.08,0.23,1.21,63.0,2,5.7,0,0,0.0000,200000.0,5327220,5327220,656,0,2630953,5327110,5327110,5325892,5325892,2629735,5325907,152517
1787265166,1073744992,1320615936,1073741824,17404745,0,115229,137172,5340949,2709996,2709996,22612800,5187241,2,1,7.2,13.0,55.6,63.6,119.2,51.0,12.0,88.0,1.23,14165,108,73.30,12.05,0.0,0.0,0.09,0.23,1.26,48.0,0,6.1,0,0,0.0000,200000.0,5341060,5341060,656,1312,2630953,5340948,5340948,5339731,5339731,2629735,5339746,152517
1787265167,1073743048,1314799616,1073741824,17510309,0,114689,136828,5354568,2723607,2723607,22749624,5200858,0,7,6.5,12.0,47.1,72.1,119.2,50.0,12.0,88.0,1.22,13887,90,67.46,10.04,0.0,0.0,0.08,0.23,1.19,53.0,5,5.7,0,0,0.0000,200000.0,5354677,5354677,656,0,2630961,5354567,5354567,5353348,5353348,2629735,5353363,152517
1787265168,1073745096,1315979264,1073741824,17616096,0,115045,137205,5368313,2737357,2737357,22886825,5214602,2,1,6.2,13.7,47.1,72.1,119.2,50.0,12.0,88.0,1.23,14021,99,67.79,11.04,0.0,0.0,0.08,0.23,1.20,47.0,0,5.7,0,0,0.0000,199999.9,5368424,5368424,656,1312,2630956,5368312,5368312,5367092,5367092,2629735,5367107,152517
1787265170,1073743624,1316634624,1073741824,17721475,0,115529,136756,5381923,2750971,2750971,23023577,5228216,0,1,6.3,13.4,43.9,74.9,118.8,25.5,11.9,88.1,1.23,6967,45,33.83,5.02,0.0,0.0,0.08,0.23,0.60,19.0,0,5.7,0,0,0.0000,200000.0,5382032,5382032,656,0,2630952,5381922,5381922,5380706,5380706,2629735,5380721,152517
1787265171,1073745656,1317421056,1073741824,17827121,0,115130,137187,5395777,2764824,2764824,23160760,5242069,3,1,6.5,13.1,51.0,68.0,119.0,52.0,11.9,88.1,1.23,14115,99,68.80,11.04,0.0,0.0,0.09,0.23,1.23,50.0,0,5.8,0,0,0.0000,199998.5,5395889,5395889,656,1968,2630953,5395776,5395776,5394559,5394559,2629735,5394574,152517
1787265172,1073745784,1318469632,1073741824,17931592,0,114045,135547,5409416,2778464,2778464,23296303,5255709,3,2,6.9,13.1,53.0,66.0,119.0,51.0,11.9,88.1,1.23,13973,90,72.52,10.04,0.0,0.0,0.09,0.23,1.25,45.0,1,6.0,0,0,0.0000,199998.4,5409528,5409528,656,1968,2630952,5409415,5409415,5408200,5408200,2629735,5408215,152518
1787265173,1073743616,1324367872,1073741824,18037455,0,114673,137224,5423075,2792118,2792118,23433523,5269363,0,2,7.1,12.4,53.0,66.0,119.0,49.0,11.9,88.1,1.23,13974,99,68.38,11.04,0.0,0.0,0.08,0.23,1.20,40.0,1,5.8,0,0,0.0000,200000.0,5423184,5423184,656,0,2630957,5423074,5423074,5421854,5421854,2629735,5421869,152518
1787265174,1073744464,1325416448,1073741824,18143491,0,115428,137378,5436954,2805991,2805991,23570897,5283237,0,3,7.2,13.0,56.0,63.0,119.0,51.0,11.9,88.1,1.23,14142,90,68.75,10.04,0.0,0.0,0.08,0.23,1.22,60.0,0,5.7,0,0,0.0000,200000.0,5437063,5437063,656,0,2630963,5436953,5436953,5435728,5435728,2629735,5435743,152518
1787265176,1073744320,1326202880,1073741824,18249007,0,115124,136620,5450636,2819674,2819674,23707513,5296920,0,3,7.5,11.7,63.9,54.9,118.8,25.0,11.9,88.1,1.24,6984,49,33.80,5.52,0.0,0.0,0.08,0.24,0.60,28.5,0,5.7,0,0,0.0000,200000.0,5450745,5450745,656,0,2630962,5450635,5450635,5449411,5449411,2629735,5449426,152518
1787265177,1073742320,1326989312,1073741824,18354948,0,115262,137366,5464279,2833315,2833315,23844875,5310562,0,4,7.9,11.4,61.1,58.1,119.2,51.0,11.9,88.1,1.24,13940,90,67.30,10.04,0.0,0.0,0.08,0.23,1.20,59.0,0,5.6,0,0,0.0000,200000.0,5464388,5464388,656,0,2630964,5464278,5464278,5463053,5463053,2629735,5463068,152518
1787265178,1073744248,1319055360,1073741824,18460298,0,114968,136532,5478061,2847085,2847085,23981403,5324332,0,4,7.3,12.2,56.0,63.0,119.0,51.0,11.9,88.1,1.23,14046,99,68.50,11.04,0.0,0.0,0.08,0.23,1.21,52.0,0,5.8,0,0,0.0000,199999.0,5478170,5478170,656,0,2630976,5478060,5478060,5476823,5476823,2629735,5476838,152518
1787265179,1073745624,1319841792,1073741824,18565786,0,114773,136876,5491901,2860932,2860932,24118275,5338176,3,1,7.0,11.9,54.9,63.9,118.8,51.0,11.9,88.1,1.23,14159,108,73.65,12.05,0.0,0.0,0.09,0.23,1.28,42.0,0,6.2,0,0,0.0000,199999.6,5492013,5492013,656,1968,2630969,5491900,5491900,5490667,5490667,2629735,5490682,152518
1787265180,1073744072,1320595456,1073741824,18671747,0,115213,137419,5505653,2874690,2874690,24255690,5351935,0,2,7.1,11.9,49.0,70.0,119.0,52.0,11.9,88.1,1.23,14067,81,68.40,9.04,0.0,0.0,0.08,0.23,1.19,46.0,0,5.6,0,0,0.0000,200000.0,5505762,5505762,656,0,2630963,5505652,5505652,5504426,5504426,2629735,5504441,152518
1787265182,1073743680,1315692544,1073741824,18776903,0,114973,136112,5519291,2888324,2888324,24391798,5365567,0,0,6.9,11.9,49.0,70.0,119.0,25.0,11.8,88.2,1.23,13934,99,67.88,11.04,0.0,0.0,0.08,0.23,1.20,45.0,0,5.8,0,0,0.0000,200000.0,5519400,5519400,656,0,2630967,5519290,5519290,5518058,5518058,2629735,5518073,152518
1787265183,1073743176,1321984000,1073741824,18882878,0,115068,137122,5532935,2901970,2901970,24528916,5379214,0,1,6.7,13.0,50.1,69.1,119.2,51.0,11.8,88.2,1.23,6949,45,33.86,5.02,0.0,0.0,0.08,0.23,0.59,27.5,0,5.7,0,0,0.0000,199999.0,5533044,5533044,656,0,2630965,5532934,5532934,5531705,5531705,2629735,5531720,152518
1787265184,1073744056,1317400576,1073741824,18988775,0,115196,137096,5546637,2915667,2915667,24666008,5392911,0,1,7.1,12.0,52.0,67.0,119.0,52.0,11.8,88.2,1.23,13966,99,67.70,11.04,0.0,0.0,0.08,0.24,1.21,51.0,0,5.7,0,0,0.0000,200000.0,5546746,5546746,656,0,2630970,5546636,5546636,5545402,5545402,2629735,5545417,152518
1787265185,1073743704,1323560960,1073741824,19093767,0,114031,135907,5560235,2929272,2929272,24801911,5406519,0,2,6.4,13.9,48.1,71.2,119.3,51.0,11.8,88.2,1.23,13919,108,72.95,12.05,0.0,0.0,0.09,0.23,1.25,46.0,6,6.2,0,0,0.0000,200000.0,5560344,5560344,656,0,2630963,5560234,5560234,5559008,5559008,2629735,5559024,152518
1787265186,1073745232,1324322816,1073741824,19199446,0,114388,136929,5574000,2943031,2943031,24938836,5420280,0,5,7.1,12.0,47.1,72.1,119.2,50.0,11.8,88.2,1.23,14038,99,68.51,11.04,0.0,0.0,0.08,0.23,1.20,48.0,2,5.8,0,0,0.0000,200000.0,5574109,5574109,656,0,2630969,5573999,5573999,5572770,5572770,2629735,5572786,152519
1787265187,1073743744,1318387712,1073741824,19304847,0,114645,136751,5587776,2956810,2956810,25075583,5434058,0,2,7.7,12.2,62.7,56.6,119.3,51.0,11.8,88.2,1.23,14086,81,68.74,9.04,0.0,0.0,0.09,0.23,1.22,58.0,0,5.6,0,0,0.0000,200000.0,5587885,5587885,656,0,2630966,5587775,5587775,5586546,5586546,2629735,5586563,152519
1787265189,1073744008,1319305216,1073741824,19408950,0,113944,134888,5601253,2970290,2970290,25210467,5447538,0,3,6.9,11.8,53.0,66.0,119.0,25.5,11.8,88.2,1.23,6876,46,33.45,5.03,0.0,0.0,0.08,0.23,0.59,23.0,0,5.7,0,0,0.0000,199999.7,5601362,5601362,656,0,2630963,5601252,5601252,5600027,5600027,2629735,5600044,152520
1787265190,1073743920,1319829504,1073741824,19510626,0,110961,131607,5614471,2983505,2983505,25342070,5460754,0,4,7.3,13.2,54.0,65.0,119.0,50.0,11.8,88.2,1.23,13470,99,65.63,11.04,0.0,0.0,0.08,0.23,1.16,54.0,0,5.8,0,0,0.0000,199999.9,5614580,5614580,656,0,2630966,5614470,5614470,5613243,5613243,2629735,5613260,152520
1787265191,1073745392,1320615936,1073741824,19612748,0,110595,132182,5627553,2996591,2996591,25474248,5473840,1,4,6.3,13.8,45.1,74.1,119.2,53.0,11.8,88.2,1.23,13351,108,70.54,12.05,0.0,0.0,0.11,0.27,1.45,49.0,2,6.3,0,0,0.0000,199998.7,5627663,5627663,656,656,2630962,5627552,5627552,5626329,5626329,2629735,5626346,152520
1787265192,1073742944,1316745216,1073741824,19715098,0,111178,132613,5640978,3010014,3010014,25606857,5487260,0,1,6.3,13.2,48.9,69.9,118.8,51.0,11.8,88.2,1.23,13750,90,67.37,10.04,0.0,0.0,0.08,0.23,1.18,45.0,0,5.7,0,0,0.0000,200000.0,5641087,5641087,656,0,2630964,5640977,5640977,5639749,5639749,2629735,5639766,152520
1787265193,1073743672,1318055936,1073741824,19818634,0,112631,133881,5654394,3023432,3023432,25740734,5500679,0,2,6.5,12.2,40.9,78.0,118.9,50.0,11.7,88.3,1.23,13673,90,67.10,10.04,0.0,0.0,0.08,0.23,1.18,46.0,0,5.7,0,0,0.0000,199999.7,5654503,5654503,656,0,2630962,5654393,5654393,5653168,5653168,2629735,5653185,152520
1787265195,1073744488,1319235584,1073741824,19922295,0,112583,134004,5667634,3036671,3036671,25874734,5513920,1,4,6.9,12.7,48.0,71.0,119.0,25.0,11.7,88.3,1.23,6753,45,33.05,5.02,0.0,0.0,0.08,0.23,0.58,25.5,0,5.7,0,0,0.0000,199999.7,5667744,5667744,656,656,2630963,5667633,5667633,5666409,5666409,2629735,5666426,152520
1787265196,1073743784,1319235584,1073741824,20025133,0,112139,132933,5680827,3049874,3049874,26007663,5527120,0,1,6.5,13.8,44.0,75.0,119.0,49.0,11.7,88.3,1.23,13481,81,66.16,9.04,0.0,0.0,0.08,0.23,1.16,40.0,0,5.7,0,0,0.0000,200000.0,5680936,5680936,656,0,2630953,5680826,5680826,5679609,5679609,2629735,5679626,152520
1787265197,1073744368,1319366656,1073741824,20127509,0,111172,132603,5694131,3063173,3063173,26140262,5540420,0,2,6.7,12.9,50.0,69.0,119.0,50.0,11.7,88.3,1.23,13617,117,71.66,13.05,0.0,0.0,0.09,0.23,1.25,43.0,4,6.3,0,0,0.0000,200000.0,5694240,5694240,656,0,2630958,5694130,5694130,5692909,5692909,2629735,5692926,152520
1787265198,1073742928,1313255424,1073741824,20230676,0,112139,133591,5707569,3076610,3076610,26273849,5553859,0,4,7.0,12.3,46.9,71.9,118.8,50.0,11.7,88.3,1.22,13704,90,66.91,10.04,0.0,0.0,0.08,0.24,1.18,43.0,2,5.7,0,0,0.0000,200000.0,5707678,5707678,656,0,2630959,5707568,5707568,5706348,5706348,2629735,5706365,152520
1787265199,1073745032,1314697216,1073741824,20333333,0,111842,132780,5720885,3089929,3089929,26406625,5567179,1,5,5.9,13.6,43.0,76.1,119.1,50.0,11.7,88.3,1.22,13590,90,66.41,10.04,0.0,0.0,0.09,0.22,1.19,46.0,0,5.7,0,0,0.0000,200000.0,5720995,5720995,656,656,2630956,5720884,5720884,5719668,5719668,2629735,5719685,152520
1787265201,1073743856,1315483648,1073741824,20435362,0,111017,132093,5734085,3103128,3103128,26538714,5580376,0,3,7.1,13.6,54.0,65.1,119.1,24.5,11.7,88.3,1.23,6730,49,32.97,5.52,0.0,0.0,0.08,0.23,0.58,19.0,2,5.8,0,0,0.0000,200000.0,5734194,5734194,656,0,2630957,5734084,5734084,5732865,5732865,2629735,5732882,152520
1787265202,1073743488,1310654464,1073741824,20537784,0,111342,132400,5747283,3116327,3116327,26671110,5593574,0,2,6.5,13.0,47.0,72.0,119.0,50.0,11.7,88.3,1.22,13457,81,65.76,9.04,0.0,0.0,0.08,0.23,1.16,42.0,1,5.7,0,0,0.0000,200000.0,5747392,5747392,656,0,2630956,5747282,5747282,5746063,5746063,2629735,5746080,152520
1787265203,1073743664,1316421632,1073741824,20640870,0,111423,133192,5760555,3129598,3129598,26804298,5606847,0,4,7.2,12.5,54.1,65.1,119.2,50.0,11.7,88.3,1.23,13576,90,71.65,10.04,0.0,0.0,0.09,0.24,1.23,53.0,0,6.1,0,0,0.0000,200000.0,5760664,5760664,656,0,2630957,5760554,5760554,5759336,5759336,2629735,5759353,152520
1787265204,1073743432,1317335040,1073741824,20743127,0,111292,132440,5773737,3142789,3142789,26936734,5620034,0,0,7.0,13.1,57.9,60.9,118.8,50.0,11.7,88.3,1.23,13432,108,66.20,12.05,0.0,0.0,0.08,0.23,1.16,57.0,0,5.9,0,0,0.0000,200000.0,5773846,5773846,656,0,2630948,5773736,5773736,5772523,5772523,2629735,5772540,152520
1787265205,1073746512,1316474880,1073741824,20845549,0,111324,132552,5787071,3156127,3156127,27069282,5633375,5,3,7.0,12.0,59.9,58.8,118.7,49.0,11.7,88.3,1.23,13614,90,66.73,10.04,0.0,0.0,0.08,0.23,1.17,55.0,0,5.7,0,0,0.0000,199999.3,5787185,5787185,656,3280,2630944,5787070,5787070,5785864,5785864,2629735,5785881,152520
1787265207,1073744304,1317916672,1073741824,20948034,0,111195,132645,5800401,3169452,3169452,27201923,5646700,0,3,6.4,13.5,46.0,73.0,119.0,25.0,11.7,88.3,1.23,13587,99,66.60,11.04,0.0,0.0,0.08,0.23,1.18,46.0,2,5.8,0,0,0.0000,200000.0,5800510,5800510,656,0,2630949,5800400,5800400,5799189,5799189,2629735,5799206,152520
1787265208,1073741960,1310416896,1073741824,21050861,0,111798,133108,5813467,3182522,3182522,27335027,5659769,0,2,6.8,12.4,52.9,65.9,118.8,50.0,11.6,88.4,1.22,6680,45,32.91,5.02,0.0,0.0,0.09,0.23,0.58,23.0,0,5.8,0,0,0.0000,200000.0,5813576,5813576,656,0,2630945,5813466,5813466,5812258,5812258,2629735,5812275,152520
1787265209,1073743744,1311858688,1073741824,21154010,0,112037,133413,5826728,3195790,3195790,27468436,5673035,0,0,7.1,12.4,57.0,62.0,119.0,49.0,11.6,88.4,1.22,13518,90,66.06,10.04,0.0,0.0,0.09,0.23,1.18,45.0,0,5.7,0,0,0.0000,200000.0,5826837,5826837,656,0,2630938,5826727,5826727,5825524,5825524,2629735,5825541,152520
1787265210,1073743840,1311989760,1073741824,21256086,0,110992,132047,5839870,3208922,3208922,27600479,5686169,0,3,6.6,13.8,45.0,74.0,119.0,50.0,11.6,88.4,1.22,13439,99,71.43,11.04,0.0,0.0,0.09,0.23,1.23,43.0,0,6.2,0,0,0.0000,200000.0,5839979,5839979,656,0,2630948,5839869,5839869,5838659,5838659,2629735,5838676,152521
1787265211,1073745072,1312514048,1073741824,21359999,0,111598,134328,5853177,3222229,3222229,27734803,5699476,2,3,6.8,13.1,50.3,69.3,119.6,49.0,11.6,88.4,1.22,13549,90,66.41,10.04,0.0,0.0,0.09,0.23,1.17,52.0,0,5.7,0,0,0.0000,200000.0,5853288,5853287,656,656,2630948,5853176,5853176,5851966,5851966,2629735,5851983,152521
1787265212,1073741816,1313693696,1073741824,21463762,0,112357,134204,5866479,3235531,3235531,27869003,5712777,0,2,6.0,13.6,43.6,75.6,119.2,49.0,11.6,88.4,1.22,13617,99,66.77,11.04,0.0,0.0,0.08,0.23,1.18,39.0,0,5.8,0,0,0.0000,199996.6,5866588,5866588,656,0,2630948,5866478,5866478,5865267,5865267,2629735,5865284,152521
1787265214,1073745680,1313562624,1073741824,21566973,0,112424,133512,5879724,3248782,3248782,28002511,5726029,1,3,7.0,12.2,54.0,65.0,119.0,25.5,11.6,88.4,1.22,6731,45,33.12,5.02,0.0,0.0,0.08,0.23,0.58,23.5,0,5.8,0,0,0.0000,199999.6,5879834,5879834,656,656,2630942,5879723,5879723,5878519,5878519,2629735,5878536,152521
1787265215,1073743800,1300385792,1073741824,21669870,0,111751,133226,5893038,3262103,3262103,28135733,5739347,0,0,7.3,11.9,54.0,65.1,119.1,50.0,11.6,88.4,1.21,13618,99,66.97,11.04,0.0,0.0,0.08,0.23,1.17,48.0,0,5.8,0,0,0.0000,200000.0,5893147,5893147,656,0,2630935,5893037,5893037,5891837,5891837,2629735,5891854,152521
1787265216,1073743576,1307594752,1073741824,21772293,0,111256,132421,5906332,3275394,3275394,28268150,5752638,0,0,7.1,12.2,51.1,68.1,119.2,50.0,11.6,88.4,1.22,13597,90,72.33,10.04,0.0,0.0,0.09,0.23,1.23,43.0,1,6.2,0,0,0.0000,200000.0,5906441,5906441,656,0,2630938,5906331,5906331,5905128,5905128,2629735,5905145,152521
1787265217,1073743120,1307594752,1073741824,21874866,0,110996,132565,5919599,3288654,3288654,28400711,5765901,0,3,6.3,12.8,54.0,65.0,119.0,49.0,11.6,88.4,1.22,13510,99,66.38,11.04,0.0,0.0,0.09,0.23,1.18,45.0,0,5.8,0,0,0.0000,199999.5,5919708,5919708,656,0,2630945,5919598,5919598,5918391,5918391,2629735,5918408,152521
1787265218,1073745264,1307725824,1073741824,21977823,0,111788,133120,5932907,3301967,3301967,28533827,5779214,0,3,6.2,12.7,46.0,73.0,119.0,50.0,11.6,88.4,1.22,13628,90,66.94,10.04,0.0,0.0,0.08,0.23,1.17,43.0,2,5.7,0,0,0.0000,199999.2,5933016,5933016,656,0,2630940,5932906,5932906,5931704,5931704,2629735,5931721,152521
1787265220,1073744528,1303674880,1073741824,22080024,0,111480,132240,5946069,3315131,3315131,28666063,5792376,1,1,6.7,13.0,46.9,71.9,118.8,26.0,11.6,88.4,1.21,6690,50,32.95,5.53,0.0,0.0,0.08,0.24,0.58,25.5,0,5.8,0,0,0.0000,199999.6,5946179,5946179,656,656,2630938,5946068,5946068,5944866,5944866,2629735,5944883,152521
1787265221,1073743912,1304199168,1073741824,22182728,0,111701,133016,5959296,3328360,3328360,28799075,5805605,0,1,6.6,11.8,51.0,68.0,119.0,50.0,11.6,88.4,1.21,13489,90,66.20,10.04,0.0,0.0,0.09,0.23,1.17,45.0,0,5.7,0,0,0.0000,199999.6,5959405,5959405,656,0,2630936,5959295,5959295,5958095,5958095,2629735,5958112,152521
1787265222,1073744056,1305509888,1073741824,22284121,0,110971,131410,5972462,3341530,3341530,28930481,5818778,0,4,7.5,12.3,61.0,58.0,119.0,52.0,11.6,88.4,1.22,13464,108,71.64,12.05,0.0,0.0,0.10,0.25,1.43,51.0,0,6.3,0,0,0.0000,200000.0,5972571,5972571,656,0,2630932,5972461,5972461,5971268,5971268,2629735,5971285,152521
1787265223,1073743192,1301499904,1073741824,22386159,0,110527,132250,5985610,3354678,3354678,29062727,5831923,0,1,7.6,12.1,59.9,58.9,118.8,49.0,11.5,88.5,1.21,13400,81,66.03,9.04,0.0,0.0,0.08,0.23,1.15,49.0,1,5.7,0,0,0.0000,200000.0,5985719,5985719,656,0,2630932,5985609,5985609,5984413,5984413,2629735,5984430,152521
1787265224,1073744864,1303072768,1073741824,22488781,0,111667,132875,5998820,3367894,3367894,29195598,5845141,1,3,6.7,12.2,48.0,71.0,119.0,50.0,11.5,88.5,1.21,13513,99,66.48,11.04,0.0,0.0,0.08,0.23,1.17,48.0,0,5.8,0,0,0.0000,200000.0,5998930,5998930,656,656,2630926,5998819,5998819,5997631,5997631,2629735,5997648,152521
1787265226,1073744240,1303597056,1073741824,22590482,0,110738,131544,6011993,3381072,3381072,29327138,5858316,1,0,6.2,13.1,49.4,69.4,118.8,25.0,11.5,88.5,1.21,6737,45,33.17,5.02,0.0,0.0,0.08,0.23,0.58,18.5,0,5.8,0,0,0.0000,199999.8,6012103,6012103,656,656,2630921,6011992,6011992,6010806,6010806,2629735,6010823,152521
1787265227,1073743840,1299128320,1073741824,22693221,0,111213,132784,6025228,3394304,3394304,29459918,5871550,0,2,7.4,11.4,56.0,63.0,119.0,50.0,11.5,88.5,1.21,13516,99,66.68,11.04,0.0,0.0,0.08,0.23,1.17,54.0,5,5.8,0,0,0.0000,200000.0,6025337,6025337,656,0,2630924,6025227,6025227,6024040,6024040,2629735,6024057,152521
1787265228,1073743952,1300963328,1073741824,22795481,0,111401,132367,6038553,3407630,3407630,29592281,5884875,0,1,6.6,11.9,55.9,62.9,118.8,52.0,11.5,88.5,1.21,13603,93,66.82,10.52,0.0,0.0,0.08,0.25,1.18,46.0,2,5.8,0,0,0.0000,200000.0,6038662,6038662,656,0,2630923,6038552,6038552,6037365,6037365,2629735,6037382,152521
1787265229,1073745320,1301225472,1073741824,22898464,0,111692,133001,6051756,3420832,3420832,29725278,5898077,2,1,7.5,12.0,56.9,61.9,118.8,50.0,11.5,88.5,1.21,13489,108,71.96,12.05,0.0,0.0,0.09,0.23,1.25,52.0,0,6.3,0,0,0.0000,199999.7,6051867,6051867,656,1312,2630924,6051755,6051755,6050567,6050567,2629735,6050584,152521
1787265230,1073745104,1295785984,1073741824,23001931,0,112148,133605,6065221,3434294,3434294,29858879,5911539,2,1,6.5,12.8,42.0,77.0,119.0,49.0,11.5,88.5,1.21,13741,81,67.80,9.04,0.0,0.0,0.08,0.23,1.18,41.0,0,5.7,0,0,0.0000,199999.0,6065332,6065332,656,1312,2630927,6065220,6065220,6064029,6064029,2629735,6064046,152521
1787265232,1073746024,1296048128,1073741824,23103464,0,110350,131303,6078498,3447561,3447561,29990178,5924808,1,3,6.9,12.9,53.7,65.7,119.4,25.0,11.5,88.5,1.21,13548,90,66.76,10.04,0.0,0.0,0.09,0.23,1.19,47.0,4,5.8,0,0,0.0000,199999.7,6078608,6078608,656,656,2630937,6078497,6078497,6077298,6077298,2629735,6077315,152521
1787265233,1073745536,1296695296,1073741824,23205623,0,110325,132070,6091853,3460918,3460918,30122244,5938167,0,5,6.6,13.0,49.1,70.1,119.2,50.0,11.5,88.5,1.21,6808,49,33.60,5.52,0.0,0.0,0.09,0.23,0.59,19.5,0,5.8,0,0,0.0000,199999.5,6091962,6091962,656,0,2630935,6091852,6091852,6090657,6090657,2629735,6090674,152521
1787265234,1073743632,1289969664,1073741824,23308334,0,111060,132678,6104930,3473990,3473990,30254918,5951234,0,0,7.2,11.8,63.1,56.1,119.2,50.0,11.5,88.5,1.20,13334,90,65.45,10.04,0.0,0.0,0.08,0.23,1.15,45.0,2,5.8,0,0,0.0000,200000.0,6105039,6105039,656,0,2630940,6104929,6104929,6103724,6103724,2629735,6103741,152521
1787265235,1073744312,1292066816,1073741824,23410420,0,110843,132179,6117970,3487031,3487031,30387093,5964277,0,2,7.0,12.4,51.0,68.0,119.0,49.0,11.5,88.5,1.20,13340,117,71.39,13.05,0.0,0.0,0.09,0.23,1.24,47.0,2,6.4,0,0,0.0000,199999.5,6118079,6118079,656,0,2630939,6117969,6117969,6116767,6116767,2629735,6116784,152521
1787265236,1073743528,1292066816,1073741824,23512081,0,110198,131538,6131006,3500069,3500069,30518627,5977313,0,0,6.2,13.0,42.2,77.2,119.4,49.0,11.5,88.5,1.20,13287,81,65.79,9.04,0.0,0.0,0.09,0.23,1.15,45.0,0,5.7,0,0,0.0000,200000.0,6131115,6131115,656,0,2630937,6131005,6131005,6129803,6129803,2629735,6129820,152521
1787265237,1073744216,1292324864,1073741824,23614423,0,110598,132442,6144269,3513330,3513330,30651065,5990574,1,0,8.0,12.2,57.7,61.6,119.3,49.0,11.5,88.5,1.20,13540,90,66.92,10.04,0.0,0.0,0.09,0.23,1.18,45.0,3,5.8,0,0,0.0000,199999.9,6144379,6144378,656,0,2630939,6144268,6144268,6143064,6143064,2629735,6143081,152521
1787265239,1073745384,1289613312,1073741824,23716676,0,111070,132283,6157372,3526437,3526437,30783344,6003682,3,1,7.6,11.7,49.9,68.9,118.8,25.0,11.5,88.5,1.20,6691,45,33.01,5.02,0.0,0.0,0.09,0.23,0.58,27.5,0,5.8,0,0,0.0000,199998.7,6157484,6157484,656,1968,2630935,6157371,6157371,6156172,6156172,2629735,6156189,152521
1787265240,1073743496,1287454720,1073741824,23819117,0,111246,132588,6170568,3539635,3539635,30915928,6016882,0,3,7.0,11.9,49.0,70.0,119.0,51.0,11.4,88.6,1.20,13418,99,66.50,11.04,0.0,0.0,0.09,0.23,1.17,47.0,2,5.9,0,0,0.0000,200000.0,6170677,6170677,656,0,2630933,6170567,6170567,6169372,6169372,2629735,6169389,152521
1787265241,1073743568,1290076160,1073741824,23921469,0,111096,132380,6183556,3552625,3552625,31048304,6029869,0,0,6.5,13.0,48.0,71.0,119.0,50.0,11.4,88.6,1.20,13347,108,71.58,12.05,0.0,0.0,0.09,0.23,1.22,48.0,4,6.4,0,0,0.0000,200000.0,6183665,6183665,656,0,2630931,6183555,6183555,6182359,6182359,2629735,6182376,152521
1787265242,1073743368,1285767168,1073741824,24023464,0,110746,131862,6196872,3565936,3565936,31180162,6043182,0,2,7.4,13.3,52.0,67.0,119.0,50.0,11.4,88.6,1.20,13561,99,67.23,11.04,0.0,0.0,0.09,0.24,1.18,46.0,0,5.9,0,0,0.0000,200000.0,6196981,6196981,656,0,2630936,6196871,6196871,6195672,6195672,2629735,6195689,152521
1787265243,1073744344,1286160384,1073741824,24126580,0,111329,133272,6210167,3579227,3579227,31313430,6056472,1,1,6.7,12.4,53.0,66.0,119.0,50.0,11.4,88.6,1.20,13566,81,66.50,9.04,0.0,0.0,0.09,0.23,1.18,51.0,0,5.7,0,0,0.0000,200000.0,6210277,6210277,656,656,2630940,6210166,6210166,6208962,6208962,2629735,6208979,152521
1787265245,1073742088,1286684672,1073741824,24228922,0,111233,132294,6223367,3592423,3592423,31445720,6069671,0,4,6.2,12.8,49.9,68.9,118.8,24.5,11.4,88.6,1.20,6733,45,33.28,5.02,0.0,0.0,0.09,0.23,0.59,26.0,0,5.8,0,0,0.0000,199996.8,6223476,6223476,656,0,2630944,6223366,6223366,6222161,6222161,2629735,6222178,152521
1787265246,1073743928,1282273280,1073741824,24331427,0,110959,132572,6236804,3605866,3605866,31578288,6083111,0,1,6.9,12.3,46.1,73.1,119.2,50.0,11.4,88.6,1.19,13722,99,67.80,11.04,0.0,0.0,0.09,0.23,1.19,45.0,0,5.8,0,0,0.0000,199999.5,6236913,6236913,656,0,2630938,6236803,6236803,6235601,6235601,2629735,6235618,152521
1787265247,1073743816,1282535424,1073741824,24434414,0,111761,133182,6250128,3619190,3619190,31711466,6096436,0,2,7.0,13.0,58.9,59.9,118.8,52.0,11.4,88.6,1.19,13603,108,72.81,12.05,0.0,0.0,0.09,0.23,1.28,47.0,0,6.3,0,0,0.0000,200000.0,6250237,6250237,656,0,2630938,6250127,6250127,6248926,6248926,2629735,6248943,152521
1787265248,1073744544,1283584000,1073741824,24537810,0,111922,133662,6263384,3632445,3632445,31845124,6109691,0,2,7.2,12.6,54.0,65.0,119.0,50.0,11.4,88.6,1.20,13523,99,66.71,11.04,0.0,0.0,0.09,0.23,1.18,56.0,3,5.8,0,0,0.0000,200000.0,6263493,6263493,656,0,2630939,6263383,6263383,6262181,6262181,2629735,6262198,152521
1787265249,1073743480,1279557632,1073741824,24640584,0,111549,132935,6276723,3645789,3645789,31978055,6123033,0,0,7.0,12.2,54.0,65.0,119.0,50.0,11.4,88.6,1.19,13586,92,67.11,10.06,0.0,0.0,0.09,0.24,1.19,53.0,0,5.8,0,0,0.0000,200000.0,6276832,6276832,656,0,2630934,6276722,6276722,6275523,6275523,2629735,6275540,152521
1787265251,1073743664,1279557632,1073741824,24744031,0,112075,133803,6289973,3659033,3659033,32111854,6136279,0,2,7.0,12.4,48.1,71.1,119.2,24.0,11.4,88.6,1.19,6745,40,33.23,4.52,0.0,0.0,0.09,0.23,0.59,19.5,0,5.7,0,0,0.0000,200000.0,6290082,6290082,656,0,2630940,6289972,6289972,6288769,6288769,2629735,6288786,152521
1787265252,1073743296,1279688704,1073741824,24846531,0,112011,132782,6303420,3672482,3672482,32244632,6149728,0,2,6.5,13.0,50.9,67.9,118.8,53.0,11.4,88.6,1.19,13688,99,67.52,11.04,0.0,0.0,0.10,0.28,1.37,57.0,5,5.8,0,0,0.0000,200000.0,6303529,6303529,656,0,2630938,6303419,6303419,6302218,6302218,2629735,6302235,152521
1787265253,1073743624,1275936768,1073741824,24949376,0,111419,132994,6316770,3685830,3685830,32377622,6163078,0,4,6.6,13.8,47.1,72.1,119.2,50.0,11.4,88.6,1.19,13624,90,70.81,10.04,0.0,0.0,0.09,0.23,1.28,46.0,7,6.0,0,0,0.0000,200000.0,6316879,6316879,656,0,2630940,6316769,6316769,6315568,6315568,2629735,6315585,152521
1787265254,1073743944,1281945600,1073741824,25052235,0,111457,133173,6329997,3699055,3699055,32510791,6176300,0,1,7.1,12.6,66.1,53.1,119.2,48.0,11.4,88.6,1.19,13542,117,69.61,13.05,0.0,0.0,0.09,0.23,1.22,56.0,3,6.2,0,0,0.0000,199998.3,6330106,6330106,656,0,2630942,6329996,6329996,6328790,6328790,2629735,6328807,152521
1787265255,1073743840,1279352832,1073741824,25155401,0,112195,133338,6343316,3712374,3712374,32644125,6189621,0,3,6.5,13.5,47.8,70.8,118.6,50.0,11.4,88.6,1.19,13599,99,67.02,11.04,0.0,0.0,0.09,0.23,1.18,39.0,0,5.8,0,0,0.0000,200000.0,6343425,6343425,656,0,2630942,6343315,6343315,6342111,6342111,2629735,6342128,152521
1787265257,1073743800,1279746048,1073741824,25257979,0,111394,132745,6356691,3725746,3725746,32776866,6202990,0,0,7.3,12.4,49.0,70.0,119.0,24.5,11.4,88.6,1.19,13649,90,67.20,10.04,0.0,0.0,0.09,0.23,1.19,50.0,3,5.8,0,0,0.0000,200000.0,6356800,6356800,656,0,2630945,6356690,6356690,6355480,6355480,2629735,6355497,152521
1787265258,1073744424,1279815680,1073741824,25360412,0,111639,132589,6370132,3739181,3739181,32909451,6216426,1,1,6.7,14.0,51.9,66.9,118.8,49.0,11.4,88.6,1.19,6859,40,33.90,4.52,0.0,0.0,0.08,0.22,0.59,27.0,0,5.7,0,0,0.0000,199999.7,6370242,6370242,656,656,2630951,6370131,6370131,6368916,6368916,2629735,6368933,152521
1787265259,1073743768,1279946752,1073741824,25463799,0,111656,133665,6383464,3752514,3752514,33043112,6229759,0,1,6.9,12.0,58.1,61.1,119.2,50.0,11.4,88.6,1.19,13566,99,67.23,11.04,0.0,0.0,0.09,0.23,1.19,46.0,0,5.9,0,0,0.0000,200000.0,6383573,6383573,656,0,2630950,6383463,6383463,6382249,6382249,2629735,6382266,152521
1787265260,1073744360,1280602112,1073741824,25566161,0,111051,132293,6396892,3765948,3765948,33175401,6243193,0,1,7.8,12.0,55.0,64.0,119.0,50.0,11.4,88.6,1.19,13762,117,73.83,13.05,0.0,0.0,0.09,0.24,1.30,46.0,3,6.4,0,0,0.0000,200000.0,6397001,6397001,656,0,2630944,6396891,6396891,6395683,6395683,2629735,6395700,152521
1787265261,1073743072,1280790528,1073741824,25668970,0,111354,132911,6410236,3779284,3779284,33308308,6256529,0,1,7.1,12.8,54.0,65.1,119.1,50.0,11.3,88.7,1.19,13620,99,67.40,11.04,0.0,0.0,0.09,0.23,1.18,46.0,0,5.9,0,0,0.0000,199999.9,6410345,6410345,656,0,2630952,6410235,6410235,6409019,6409019,2629735,6409036,152521
1787265262,1073744072,1281183744,1073741824,25772191,0,111861,133446,6423276,3792337,3792337,33441750,6269582,0,1,7.2,12.8,48.0,71.0,119.0,48.0,11.3,88.7,1.19,13288,90,66.02,10.04,0.0,0.0,0.09,0.23,1.16,52.0,0,5.8,0,0,0.0000,200000.0,6423385,6423385,656,0,2630939,6423275,6423275,6422072,6422072,2629735,6422089,152521
1787265264,1073744416,1275424768,1073741824,25874893,0,111628,132905,6436586,3805647,3805647,33574651,6282892,1,1,6.9,13.4,46.9,71.9,118.8,24.5,11.3,88.7,1.19,6797,40,33.76,4.52,0.0,0.0,0.09,0.23,0.59,21.5,0,5.7,0,0,0.0000,200000.0,6436696,6436695,656,0,2630939,6436585,6436585,6435382,6435382,2629735,6435399,152521
1787265265,1073745912,1269268480,1073741824,25977892,0,112185,133327,6449826,3818891,3818891,33707974,6296138,1,3,7.2,12.4,53.9,64.9,118.8,50.0,11.3,88.7,1.18,13525,90,67.02,10.04,0.0,0.0,0.09,0.23,1.18,42.0,0,5.8,0,0,0.0000,200000.0,6449936,6449936,656,656,2630935,6449825,6449825,6448628,6448628,2629735,6448645,152521
1787265266,1073744464,1276215296,1073741824,26081074,0,112019,133613,6463203,3832264,3832264,33841583,6309511,0,3,6.8,13.2,47.0,72.0,119.0,50.0,11.3,88.7,1.19,13714,117,74.20,13.05,0.0,0.0,0.09,0.23,1.28,38.0,0,6.5,0,0,0.0000,199999.7,6463312,6463312,656,0,2630939,6463202,6463202,6462001,6462001,2629735,6462018,152521
1787265267,1073744480,1276436480,1073741824,26184659,0,112431,133921,6476711,3845776,3845776,33975500,6323021,1,1,7.0,12.4,55.9,62.9,118.8,50.0,11.3,88.7,1.19,13762,99,68.34,11.04,0.0,0.0,0.09,0.23,1.20,54.0,0,5.9,0,0,0.0000,199999.6,6476821,6476820,656,0,2630935,6476710,6476710,6475511,6475511,2629735,6475528,152521
1787265268,1073743648,1276698624,1073741824,26287480,0,111754,133004,6490083,3859151,3859151,34108500,6336400,0,3,6.1,12.3,46.0,73.0,119.0,50.0,11.3,88.7,1.19,13616,99,67.67,11.04,0.0,0.0,0.09,0.23,1.20,37.0,0,5.9,0,0,0.0000,200000.0,6490192,6490192,656,0,2630932,6490082,6490082,6488888,6488888,2629735,6488906,152521
1787265270,1073743616,1277059072,1073741824,26389713,0,111583,132270,6503335,3872404,3872404,34240766,6349650,0,0,7.7,12.1,54.0,65.0,119.0,24.5,11.3,88.7,1.19,6756,45,33.53,5.02,0.0,0.0,0.09,0.23,0.59,26.0,0,5.8,0,0,0.0000,200000.0,6503444,6503444,656,0,2630931,6503334,6503334,6502138,6502138,2629735,6502156,152521
1787265271,1073744560,1270865920,1073741824,26491417,0,110519,131486,6516444,3885519,3885519,34372248,6362767,1,2,6.9,12.5,45.0,74.1,119.1,50.0,11.3,88.7,1.18,13410,81,66.70,9.04,0.0,0.0,0.09,0.23,1.16,43.0,1,5.7,0,0,0.0000,199999.1,6516554,6516554,656,656,2630925,6516443,6516443,6515255,6515255,2629735,6515273,152521
1787265272,1073744280,1277681664,1073741824,26594083,0,111144,132840,6529797,3898869,3898869,34505084,6376119,1,4,7.3,11.9,62.0,57.0,119.0,50.0,11.3,88.7,1.19,13679,117,73.93,13.05,0.0,0.0,0.09,0.24,1.27,55.0,0,6.5,0,0,0.0000,200000.0,6529907,6529907,656,656,2630928,6529796,6529796,6528607,6528607,2629735,6528625,152521
1787265273,1073744408,1270427648,1073741824,26697188,0,111916,133336,6543094,3912166,3912166,34638416,6389413,1,1,6.9,12.5,49.9,68.9,118.8,49.0,11.3,88.7,1.18,13542,90,67.28,10.04,0.0,0.0,0.08,0.23,1.17,44.0,0,5.8,0,0,0.0000,200000.0,6543204,6543204,656,656,2630928,6543093,6543093,6541901,6541901,2629735,6541919,152521
1787265274,1073743392,1263857664,1073741824,26799894,0,111537,132821,6556373,3925444,3925444,34771233,6402693,0,3,6.2,13.7,45.0,74.0,119.0,50.0,11.3,88.7,1.18,13586,99,67.43,11.04,0.0,0.0,0.09,0.23,1.20,46.0,0,5.9,0,0,0.0000,200000.0,6556482,6556482,656,0,2630929,6556372,6556372,6555181,6555181,2629735,6555199,152521
1787265276,1073743272,1270673408,1073741824,26901960,0,110932,132104,6569680,3938747,3938747,34903333,6415994,0,1,6.2,13.2,55.0,64.0,119.0,25.0,11.3,88.7,1.18,6761,49,33.56,5.52,0.0,0.0,0.08,0.23,0.59,18.5,0,5.9,0,0,0.0000,200000.0,6569789,6569789,656,0,2630933,6569679,6569679,6568482,6568482,2629735,6568500,152521
1787265277,1073745264,1264394240,1073741824,27004878,0,111549,133162,6582878,3951941,3951941,35036491,6429189,1,3,6.0,12.5,52.0,67.0,119.0,50.0,11.3,88.7,1.18,13428,81,66.72,9.04,0.0,0.0,0.09,0.23,1.16,40.0,0,5.7,0,0,0.0000,200000.0,6582988,6582988,656,656,2630937,6582877,6582877,6581678,6581678,2629735,6581696,152522
1787265278,1073744200,1271341056,1073741824,27107119,0,110999,132221,6596177,3965241,3965241,35168708,6442488,0,2,7.3,12.2,56.0,63.0,119.0,50.0,11.3,88.7,1.18,13532,90,67.03,10.04,0.0,0.0,0.09,0.23,1.17,52.0,0,5.8,0,0,0.0000,200000.0,6596286,6596286,656,0,2630936,6596176,6596176,6594977,6594977,2629735,6594995,152522
1787265279,1073743128,1271898112,1073741824,27208962,0,110477,131699,6609158,3978221,3978221,35300403,6455467,0,1,6.3,13.4,54.0,65.0,119.0,50.0,11.3,88.7,1.18,13279,119,72.07,13.07,0.0,0.0,0.09,0.24,1.24,55.0,1,6.5,0,0,0.0000,200000.0,6609267,6609267,656,0,2630937,6609157,6609157,6607956,6607956,2629735,6607974,152522
1787265280,1073743640,1272020992,1073741824,27311217,0,110586,132180,6622321,3991386,3991386,35432579,6468632,0,1,6.5,13.0,48.0,71.0,119.0,51.0,11.3,88.7,1.18,13476,99,67.11,11.04,0.0,0.0,0.09,0.23,1.17,50.0,4,5.9,0,0,0.0000,200000.0,6622430,6622430,656,0,2630935,6622320,6622320,6621121,6621121,2629735,6621139,152522
1787265282,1073745064,1266704384,1073741824,27414015,0,111428,132901,6635613,4004673,4004673,35565476,6481919,2,1,7.0,12.4,52.9,65.9,118.8,25.0,11.3,88.7,1.18,13534,90,67.40,10.04,0.0,0.0,0.09,0.23,1.18,43.0,0,5.8,0,0,0.0000,199999.1,6635724,6635724,656,1312,2630940,6635612,6635612,6634408,6634408,2629735,6634426,152522
1787265283,1073743432,1267003392,1073741824,27516810,0,111746,133072,6648794,4017848,4017848,35698544,6495093,0,1,7.0,12.8,46.0,73.0,119.0,53.0,11.3,88.7,1.18,6703,49,33.45,5.52,0.0,0.0,0.10,0.25,0.68,23.5,0,5.9,0,0,0.0000,200000.0,6648903,6648903,656,0,2630946,6648793,6648793,6647583,6647583,2629735,6647601,152523
1787265284,1073744496,1267265536,1073741824,27619643,0,111558,133068,6662149,4031202,4031202,35831608,6508451,0,5,6.4,13.3,52.0,67.0,119.0,51.0,11.3,88.7,1.18,13655,81,67.76,9.04,0.0,0.0,0.09,0.23,1.20,46.0,0,5.7,0,0,0.0000,199998.1,6662258,6662258,656,0,2630947,6662148,6662148,6660941,6660941,2629735,6660959,152523
1787265285,1073743568,1267658752,1073741824,27723240,0,112244,133972,6675526,4044580,4044580,35965576,6521826,0,2,6.4,13.1,51.9,66.9,118.8,50.0,11.2,88.8,1.18,13722,117,74.42,13.05,0.0,0.0,0.09,0.23,1.31,43.0,3,6.5,0,0,0.0000,200000.0,6675635,6675635,656,0,2630946,6675525,6675525,6674316,6674316,2629735,6674334,152523
1787265286,1073743992,1268080640,1073741824,27825213,0,111070,131798,6688751,4057801,4057801,36097370,6535047,0,2,6.3,13.9,48.0,71.0,119.0,51.0,11.2,88.8,1.18,13474,90,67.09,10.04,0.0,0.0,0.08,0.23,1.16,49.0,0,5.8,0,0,0.0000,200000.0,6688860,6688860,656,0,2630950,6688750,6688750,6687537,6687537,2629735,6687555,152523
1787265287,1073743808,1268080640,1073741824,27928593,0,111702,133717,6702013,4071065,4071065,36231083,6548309,0,0,6.5,12.5,51.1,68.1,119.2,50.0,11.2,88.8,1.18,13549,99,67.38,11.04,0.0,0.0,0.09,0.23,1.19,44.0,1,5.9,0,0,0.0000,200000.0,6702122,6702122,656,0,2630948,6702012,6702012,6700799,6700799,2629735,6700817,152523
1787265289,1073743848,1268174848,1073741824,28031613,0,111900,133108,6715020,4084067,4084067,36364187,6561312,0,1,6.2,12.5,45.9,72.9,118.8,25.0,11.2,88.8,1.18,6641,49,32.92,5.52,0.0,0.0,0.09,0.24,0.59,25.5,0,5.9,0,0,0.0000,200000.0,6715129,6715129,656,0,2630953,6715019,6715019,6713802,6713802,2629735,6713820,152523
1787265290,1073744192,1261813760,1073741824,28134951,0,111825,133735,6728160,4097220,4097220,36497918,6574465,0,1,7.2,12.7,58.2,61.2,119.4,49.0,11.2,88.8,1.18,13432,81,67.01,9.04,0.0,0.0,0.09,0.22,1.20,49.0,0,5.8,0,0,0.0000,200000.0,6728269,6728269,656,0,2630940,6728159,6728159,6726955,6726955,2629735,6726973,152523
1787265291,1073744496,1262346240,1073741824,28237916,0,111690,133147,6741372,4110425,4110425,36631061,6587670,1,1,6.5,12.0,42.6,76.6,119.2,51.0,11.2,88.8,1.18,13509,108,73.46,12.05,0.0,0.0,0.09,0.24,1.26,41.0,0,6.4,0,0,0.0000,200000.0,6741482,6741482,656,656,2630947,6741371,6741371,6740160,6740160,2629735,6740178,152523
1787265292,1073744200,1262673920,1073741824,28341248,0,112395,133643,6754662,4123713,4123713,36764700,6600957,1,0,7.4,12.0,50.4,68.4,118.8,50.0,11.2,88.8,1.18,13551,99,67.18,11.04,0.0,0.0,0.08,0.23,1.17,47.0,0,5.9,0,0,0.0000,200000.0,6754772,6754771,656,0,2630949,6754661,6754661,6753447,6753447,2629735,6753465,152523
1787265293,1073744016,1262936064,1073741824,28444070,0,111666,133089,6767971,4137020,4137020,36897785,6614265,0,1,6.6,12.9,48.5,70.5,119.0,49.0,11.2,88.8,1.18,13569,99,67.59,11.04,0.0,0.0,0.09,0.24,1.22,49.0,4,5.9,0,0,0.0000,200000.0,6768080,6768080,656,0,2630951,6767970,6767970,6766755,6766755,2629735,6766773,152523
1787265295,1073744048,1263169536,1073741824,28546896,0,111794,133113,6781328,4150370,4150370,37030894,6627618,0,4,6.2,13.2,40.4,78.5,118.9,24.5,11.2,88.8,1.18,6801,49,33.80,5.52,0.0,0.0,0.09,0.23,0.59,17.5,0,5.9,0,0,0.0000,200000.0,6781437,6781437,656,0,2630958,6781327,6781327,6780108,6780108,2629735,6780126,152523
1787265296,1073743784,1256669184,1073741824,28649266,0,111400,132441,6794538,4163586,4163586,37163331,6640832,0,2,7.3,11.7,50.6,68.5,119.1,49.0,11.2,88.8,1.17,13545,81,67.27,9.04,0.0,0.0,0.09,0.23,1.19,53.0,3,5.7,0,0,0.0000,200000.0,6794647,6794647,656,0,2630952,6794537,6794537,6793322,6793322,2629735,6793340,152523
1787265297,1073743664,1263747072,1073741824,28751595,0,110371,132244,6807655,4176707,4176707,37295571,6653951,0,0,6.3,12.7,53.3,66.4,119.7,50.0,11.2,88.8,1.18,13431,108,73.21,12.05,0.0,0.0,0.09,0.24,1.26,46.0,2,6.4,0,0,0.0000,199999.7,6807764,6807764,656,0,2630948,6807654,6807654,6806441,6806441,2629735,6806459,152523
1787265298,1073744184,1263955968,1073741824,28854903,0,111535,133674,6820729,4189780,4189780,37429241,6667026,0,3,6.7,13.5,49.0,70.1,119.1,49.0,11.2,88.8,1.18,13358,99,66.49,11.04,0.0,0.0,0.09,0.23,1.17,54.0,1,5.9,0,0,0.0000,200000.0,6820838,6820838,656,0,2630949,6820728,6820728,6819517,6819517,2629735,6819535,152524
1787265299,1073743528,1257594880,1073741824,28957453,0,111653,132835,6834140,4203197,4203197,37562072,6680441,0,1,6.7,12.7,43.0,76.0,119.0,52.0,11.2,88.8,1.17,13672,99,68.00,11.04,0.0,0.0,0.09,0.23,1.20,33.0,2,5.9,0,0,0.0000,200000.0,6834249,6834249,656,0,2630943,6834139,6834139,6832932,6832932,2629735,6832950,152524
1787265301,1073743840,1258348544,1073741824,29060419,0,111721,133179,6847586,4216650,4216650,37695247,6693895,0,3,5.8,13.9,46.0,73.0,119.0,25.0,11.2,88.8,1.17,6866,49,34.06,5.52,0.0,0.0,0.09,0.23,0.60,20.0,3,5.9,0,0,0.0000,200000.0,6847695,6847695,656,0,2630936,6847585,6847585,6846387,6846387,2629735,6846405,152525
1787265302,1073743600,1251721216,1073741824,29163188,0,111673,132944,6860824,4229891,4229891,37828187,6707135,0,2,7.0,12.9,46.9,71.9,118.8,50.0,11.2,88.8,1.17,13487,90,67.23,10.04,0.0,0.0,0.09,0.23,1.20,50.0,2,5.8,0,0,0.0000,199999.6,6860933,6860933,656,0,2630933,6860823,6860823,6859627,6859627,2629735,6859645,152525
1787265303,1073744248,1258668032,1073741824,29266729,0,112327,133889,6874227,4243296,4243296,37962072,6720543,1,5,5.6,13.6,51.0,68.0,119.0,50.0,11.2,88.8,1.17,13693,81,68.31,9.04,0.0,0.0,0.09,0.23,1.19,49.0,0,5.7,0,0,0.0000,200000.0,6874337,6874337,656,656,2630931,6874226,6874226,6873035,6873035,2629735,6873053,152525
1787265304,1073743904,1258930176,1073741824,29369447,0,111765,132869,6887481,4256549,4256549,38094937,6733795,0,4,6.6,13.4,48.0,71.0,119.0,51.0,11.2,88.8,1.17,13578,117,73.97,13.05,0.0,0.0,0.09,0.24,1.30,46.0,0,6.5,0,0,0.0000,199999.9,6887590,6887590,656,0,2630932,6887480,6887480,6886287,6886287,2629735,6886305,152525
1787265305,1073745376,1252134912,1073741824,29472048,0,111025,132623,6900620,4269683,4269683,38227556,6746928,1,3,6.7,13.3,51.0,68.0,119.0,49.0,11.2,88.8,1.17,13356,99,66.57,11.04,0.0,0.0,0.09,0.23,1.18,47.0,1,5.9,0,0,0.0000,199998.8,6900730,6900730,656,656,2630937,6900619,6900619,6899420,6899420,2629735,6899438,152525
1787265307,1073743088,1259343872,1073741824,29573875,0,110679,131605,6913799,4282854,4282854,38359157,6760101,0,5,6.5,11.8,51.6,67.5,119.1,25.0,11.2,88.8,1.17,13509,99,67.89,11.04,0.0,0.0,0.09,0.23,1.18,42.0,1,5.9,0,0,0.0000,200000.0,6913908,6913908,656,0,2630945,6913798,6913798,6912593,6912593,2629735,6912611,152525
1787265308,1073743656,1259446272,1073741824,29675894,0,110445,131918,6927170,4296235,4296235,38491071,6773479,0,2,6.7,12.1,47.1,72.1,119.2,51.0,11.2,88.8,1.17,6808,49,33.89,5.52,0.0,0.0,0.09,0.23,0.60,19.5,0,5.9,0,0,0.0000,200000.0,6927279,6927279,656,0,2630935,6927169,6927169,6925971,6925971,2629735,6925989,152525
1787265309,1073744384,1259708416,1073741824,29778298,0,110927,132480,6940371,4309433,4309433,38623547,6786676,0,1,5.6,14.2,52.1,67.1,119.2,50.0,11.2,88.8,1.17,13445,81,66.95,9.04,0.0,0.0,0.09,0.23,1.20,44.0,1,5.8,0,0,0.0000,200000.0,6940480,6940480,656,0,2630938,6940370,6940370,6939168,6939168,2629735,6939186,152525
1787265310,1073743816,1259970560,1073741824,29880361,0,110758,131985,6953712,4322770,4322770,38755528,6800013,0,1,7.5,13.2,49.0,70.0,119.0,51.0,11.2,88.8,1.17,13643,110,74.38,12.06,0.0,0.0,0.09,0.23,1.30,45.0,0,6.4,0,0,0.0000,200000.0,6953821,6953821,656,0,2630942,6953711,6953711,6952505,6952505,2629735,6952523,152525
1787265311,1073743760,1254891520,1073741824,29981325,0,109770,130597,6966677,4335741,4335741,38886121,6812984,0,1,6.5,13.8,48.1,71.1,119.2,48.0,11.1,88.9,1.17,13222,99,66.36,11.04,0.0,0.0,0.09,0.23,1.17,46.0,2,6.0,0,0,0.0000,200000.0,6966786,6966786,656,0,2630936,6966676,6966676,6965476,6965476,2629735,6965494,152525
1787265312,1073742992,1255153664,1073741824,30083381,0,109928,131986,6979886,4348946,4348946,39018103,6826190,0,2,6.7,12.5,50.7,68.7,119.4,51.0,11.1,88.9,1.17,13503,99,67.39,11.04,0.0,0.0,0.09,0.23,1.21,43.0,0,5.9,0,0,0.0000,199998.1,6979995,6979995,656,0,2630940,6979885,6979885,6978682,6978682,2629735,6978700,152525
1787265314,1073744480,1255424000,1073741824,30184148,0,109616,130314,6992848,4361909,4361909,39148413,6839152,1,1,6.7,13.7,46.1,73.1,119.2,26.0,11.1,88.9,1.17,6600,45,32.89,5.02,0.0,0.0,0.10,0.26,0.68,27.5,0,5.8,0,0,0.0000,199999.8,6992958,6992958,656,656,2630939,6992847,6992847,6991644,6991644,2629735,6991662,152525
1787265315,1073743864,1256734720,1073741824,30285360,0,109743,130960,7005829,4374879,4374879,39279369,6852123,0,2,6.7,14.0,56.2,63.2,119.4,49.0,11.1,88.9,1.17,13212,90,65.94,10.07,0.0,0.0,0.09,0.23,1.17,46.0,0,5.9,0,0,0.0000,200000.0,7005938,7005938,656,0,2630950,7005828,7005828,7004615,7004615,2629735,7004633,152525
1787265316,1073743064,1256865792,1073741824,30386421,0,109673,130827,7018915,4387968,4387968,39410192,6865210,0,0,7.1,13.3,53.1,66.1,119.2,50.0,11.1,88.9,1.17,13354,108,73.24,12.05,0.0,0.0,0.10,0.23,1.29,40.0,2,6.5,0,0,0.0000,200000.0,7019024,7019024,656,0,2630947,7018914,7018914,7017702,7017702,2629735,7017720,152525
1787265317,1073746096,1256587264,1073741824,30487905,0,109706,131520,7032118,4401167,4401167,39541708,6878413,4,4,6.6,13.4,50.0,69.0,119.0,50.0,11.1,88.9,1.17,13515,99,67.29,11.04,0.0,0.0,0.09,0.23,1.20,50.0,0,5.9,0,0,0.0000,199998.1,7032231,7032227,656,0,2630951,7032117,7032117,7030905,7030905,2629735,7030923,152525
1787265318,1073744024,1256587264,1073741824,30589918,0,110807,131986,7045219,4414264,4414264,39673690,6891507,0,1,6.6,12.8,50.6,68.6,119.2,49.0,11.1,88.9,1.17,13378,90,67.03,10.04,0.0,0.0,0.09,0.23,1.19,48.0,1,5.9,0,0,0.0000,200000.0,7045328,7045328,656,0,2630955,7045218,7045218,7043999,7043999,2629735,7044017,152525
1787265320,1073745808,1256443904,1073741824,30691166,0,110001,131016,7058444,4427485,4427485,39804702,6904729,3,2,6.3,13.6,48.2,71.2,119.4,25.0,11.1,88.9,1.17,6743,49,33.66,5.52,0.0,0.0,0.09,0.23,0.60,20.0,0,5.9,0,0,0.0000,199999.3,7058556,7058556,656,1968,2630959,7058443,7058443,7057221,7057221,2629735,7057239,152525
1787265321,1073743680,1251110912,1073741824,30793694,0,110862,132638,7071542,4440583,4440583,39937336,6917827,0,2,6.7,11.5,50.0,69.0,119.0,49.0,11.1,88.9,1.17,13369,90,66.85,10.04,0.0,0.0,0.09,0.24,1.18,48.0,2,5.9,0,0,0.0000,200000.0,7071651,7071651,656,0,2630959,7071541,7071541,7070319,7070319,2629735,7070337,152525
1787265322,1073743872,1251241984,1073741824,30895670,0,110596,132011,7084703,4453754,4453754,40069343,6930997,0,1,7.0,13.4,44.1,75.1,119.2,52.0,11.1,88.9,1.17,13515,108,73.63,12.05,0.0,0.0,0.09,0.23,1.30,40.0,1,6.4,0,0,0.0000,199999.9,7084812,7084812,656,0,2630949,7084702,7084702,7083489,7083489,2629735,7083507,152525
1787265323,1073743808,1251106816,1073741824,30998409,0,111470,132785,7098005,4467058,4467058,40202124,6944302,0,2,6.7,12.2,48.9,69.9,118.8,50.0,11.1,88.9,1.17,13497,99,67.51,11.04,0.0,0.0,0.09,0.23,1.20,47.0,0,5.9,0,0,0.0000,199999.8,7098114,7098114,656,0,2630947,7098004,7098004,7096794,7096794,2629735,7096812,152525
1787265324,1073744024,1251237888,1073741824,31100382,0,110503,131951,7111185,4480237,4480237,40334071,6957481,0,2,7.0,13.3,53.1,66.1,119.2,51.0,11.1,88.9,1.17,13440,99,67.58,11.04,0.0,0.0,0.09,0.23,1.20,41.0,4,5.9,0,0,0.0000,200000.0,7111294,7111294,656,0,2630948,7111184,7111184,7109973,7109973,2629735,7109991,152525
1787265326,1073743216,1251500032,1073741824,31203480,0,111492,133369,7124569,4493620,4493620,40467436,6970864,0,2,7.0,12.5,50.0,69.0,119.0,25.0,11.1,88.9,1.17,6858,49,34.20,5.52,0.0,0.0,0.09,0.23,0.61,23.5,1,5.9,0,0,0.0000,200000.0,7124678,7124678,656,0,2630949,7124568,7124568,7123356,7123356,2629735,7123374,152525
1787265327,1073743232,1244635136,1073741824,31305774,0,111367,132342,7137953,4507007,4507007,40599774,6984251,0,2,7.8,12.8,50.6,68.5,119.1,52.0,11.1,88.9,1.16,13620,90,68.07,10.04,0.0,0.0,0.09,0.23,1.22,39.0,0,5.8,0,0,0.0000,200000.0,7138062,7138062,656,0,2630946,7137952,7137952,7136743,7136743,2629735,7136761,152525
1787265328,1073744400,1251844096,1073741824,31407749,0,110637,131932,7151201,4520248,4520248,40731702,6997494,0,5,6.7,12.6,52.1,67.1,119.2,51.0,11.1,88.9,1.17,13604,99,74.19,11.04,0.0,0.0,0.09,0.23,1.29,32.0,0,6.4,0,0,0.0000,200000.0,7151310,7151310,656,0,2630953,7151200,7151200,7149987,7149987,2629735,7150005,152526
1787265329,1073744624,1252073472,1073741824,31509694,0,110493,131890,7164495,4533542,4533542,40863588,7010786,1,3,7.7,12.3,50.0,69.1,119.1,50.0,11.1,88.9,1.17,13554,99,67.70,11.04,0.0,0.0,0.09,0.24,1.19,47.0,0,5.9,0,0,0.0000,199999.7,7164605,7164605,656,656,2630953,7164494,7164494,7163279,7163279,2629735,7163297,152526
1787265330,1073744112,1252196352,1073741824,31612219,0,111333,132753,7177572,4546629,4546629,40996337,7023871,0,1,6.9,12.6,50.9,67.9,118.8,49.0,11.1,88.9,1.17,13345,99,66.88,11.04,0.0,0.0,0.09,0.23,1.19,50.0,0,5.9,0,0,0.0000,200000.0,7177681,7177681,656,0,2630943,7177571,7177571,7176364,7176364,2629735,7176382,152526
1787265332,1073744016,1247588352,1073741824,31714966,0,111741,132838,7190708,4559760,4559760,41129171,7037002,0,1,7.6,11.1,65.0,54.0,119.0,25.0,11.1,88.9,1.16,13413,81,66.80,9.04,0.0,0.0,0.09,0.23,1.18,47.0,0,5.8,0,0,0.0000,199999.9,7190817,7190817,656,0,2630948,7190707,7190707,7189495,7189495,2629735,7189513,152526
1787265333,1073744856,1240649728,1073741824,31817499,0,111395,132561,7203803,4572857,4572857,41261728,7050101,0,3,6.9,14.4,54.0,65.0,119.0,49.0,11.1,88.9,1.16,6680,49,33.35,5.52,0.0,0.0,0.09,0.23,0.59,23.5,0,5.9,0,0,0.0000,199999.7,7203912,7203912,656,0,2630946,7203802,7203802,7202594,7202594,2629735,7202612,152526
1787265334,1073743640,1247858688,1073741824,31919533,0,110790,131960,7216978,4586030,4586030,41393684,7063272,0,1,6.9,12.0,54.1,65.1,119.2,51.0,11.1,88.9,1.16,13452,99,67.38,11.04,0.0,0.0,0.09,0.23,1.18,44.0,0,5.9,0,0,0.0000,200000.0,7217087,7217087,656,0,2630948,7216977,7216977,7215765,7215765,2629735,7215783,152526
1787265335,1073744280,1248075776,1073741824,32020430,0,109721,130603,7230077,4599130,4599130,41524283,7076372,1,1,7.7,12.8,54.1,65.1,119.2,50.0,11.1,88.9,1.16,13427,108,73.80,12.05,0.0,0.0,0.09,0.23,1.29,54.0,1,6.5,0,0,0.0000,200000.0,7230187,7230187,656,656,2630947,7230076,7230076,7228865,7228865,2629735,7228883,152526
1787265336,1073743952,1248337920,1073741824,32122834,0,110816,132487,7243238,4612288,4612288,41656766,7089535,0,6,6.5,13.2,56.1,63.1,119.2,50.0,11.1,88.9,1.16,13442,90,67.30,10.04,0.0,0.0,0.09,0.23,1.20,49.0,2,5.9,0,0,0.0000,200000.0,7243347,7243347,656,0,2630950,7243237,7243237,7242028,7242028,2629735,7242046,152526
1787265338,1073744032,1248468992,1073741824,32225025,0,111308,132051,7256481,4625534,4625534,41788813,7102777,0,2,6.6,12.8,50.0,69.1,119.1,49.0,11.1,88.9,1.16,13472,99,67.54,11.04,0.0,0.0,0.09,0.23,1.21,46.0,0,5.9,0,0,0.0000,200000.0,7256590,7256590,656,0,2630947,7256480,7256480,7255270,7255270,2629735,7255288,152526
1787265339,1073743376,1248845824,1073741824,32327611,0,111372,132566,7269513,4638560,4638560,41921375,7115801,0,0,6.3,13.6,52.9,65.9,118.8,24.5,11.1,88.9,1.16,6660,45,33.34,5.02,0.0,0.0,0.09,0.24,0.59,21.5,0,5.9,0,0,0.0000,200000.0,7269622,7269622,656,0,2630953,7269512,7269512,7268294,7268294,2629735,7268312,152526
1787265340,1073743128,1248976896,1073741824,32429255,0,110529,131428,7282618,4651667,4651667,42052799,7128908,0,0,7.0,13.0,48.7,70.6,119.3,52.0,11.1,88.9,1.16,13338,101,66.88,11.06,0.0,0.0,0.09,0.23,1.21,44.0,1,5.9,0,0,0.0000,200000.0,7282727,7282727,656,0,2630951,7282617,7282617,7281401,7281401,2629735,7281419,152526
1787265341,1073743768,1244229632,1073741824,32531780,0,111229,132634,7295847,4664901,4664901,42185429,7142145,0,3,6.7,12.8,51.0,68.0,119.0,50.0,11.1,88.9,1.16,13542,108,74.65,12.05,0.0,0.0,0.09,0.23,1.31,51.0,1,6.5,0,0,0.0000,200000.0,7295956,7295956,656,0,2630946,7295846,7295846,7294638,7294638,2629735,7294656,152526
1787265342,1073744368,1244413952,1073741824,32634366,0,111746,132730,7308932,4677992,4677992,42318155,7155236,0,3,6.0,13.6,45.4,73.4,118.8,49.0,11.1,88.9,1.16,13382,99,67.20,11.04,0.0,0.0,0.09,0.23,1.17,48.0,0,5.9,0,0,0.0000,199999.7,7309041,7309041,656,0,2630940,7308931,7308931,7307729,7307729,2629735,7307747,152526
1787265343,1073745064,1244545024,1073741824,32736743,0,111186,132358,7322143,4691206,4691206,42450509,7168448,2,1,7.4,13.0,59.0,60.0,119.0,54.0,11.1,88.9,1.16,13489,90,67.22,10.04,0.0,0.0,0.10,0.24,1.42,53.0,3,5.8,0,0,0.0000,199999.9,7322254,7322252,656,0,2630937,7322142,7322142,7320941,7320941,2629735,7320959,152526
1787265345,1073744056,1244413952,1073741824,32838736,0,110556,131848,7335343,4704408,4704408,42582353,7181651,0,2,6.2,12.1,48.7,70.6,119.3,24.5,11.0,89.0,1.16,6730,45,33.87,5.02,0.0,0.0,0.09,0.23,0.61,23.0,0,5.9,0,0,0.0000,199999.8,7335452,7335452,656,0,2630935,7335342,7335342,7334144,7334144,2629735,7334162,152526
1787265346,1073742952,1237331968,1073741824,32939717,0,109864,130600,7348455,4717518,4717518,42712949,7194760,0,1,6.5,13.8,47.1,72.1,119.2,51.0,11.0,89.0,1.15,13392,99,67.03,11.04,0.0,0.0,0.09,0.23,1.19,55.0,0,5.9,0,0,0.0000,200000.0,7348564,7348564,656,0,2630937,7348454,7348454,7347253,7347253,2629735,7347271,152526
1787265347,1073748728,1244672000,1073741824,33041037,0,109746,131050,7361796,4730858,4730858,42843995,7208103,6,4,6.6,12.7,47.1,72.1,119.2,50.0,11.0,89.0,1.16,13671,108,75.11,12.05,0.0,0.0,0.09,0.23,1.30,53.0,0,6.5,0,0,0.0000,199998.4,7361911,7361911,656,3936,2630938,7361795,7361795,7360596,7360596,2629735,7360614,152526
1787265348,1073744032,1244803072,1073741824,33143108,0,110486,132004,7374948,4744010,4744010,42975995,7221252,0,1,7.0,12.4,58.0,61.0,119.0,49.0,11.0,89.0,1.16,13420,99,67.37,11.04,0.0,0.0,0.09,0.23,1.21,51.0,1,5.9,0,0,0.0000,200000.0,7375057,7375057,656,0,2630938,7374947,7374947,7373745,7373745,2629735,7373763,152526
1787265349,1073743408,1245196288,1073741824,33244769,0,110477,131542,7388032,4757095,4757095,43107533,7234337,0,1,6.3,12.9,48.1,71.2,119.3,50.0,11.0,89.0,1.16,13367,99,66.78,11.04,0.0,0.0,0.09,0.24,1.20,44.0,3,5.9,0,0,0.0000,200000.0,7388141,7388141,656,0,2630937,7388031,7388031,7386830,7386830,2629735,7386848,152526
1787265351,1073745032,1239625728,1073741824,33346991,0,110787,132339,7401226,4770290,4770290,43239868,7247532,2,1,5.4,13.4,35.6,83.6,119.2,25.0,11.0,89.0,1.15,6706,45,33.71,5.02,0.0,0.0,0.09,0.23,0.59,18.0,3,5.9,0,0,0.0000,200000.0,7401337,7401335,656,0,2630936,7401225,7401225,7400025,7400025,2629735,7400043,152526
1787265352,1073742480,1232654336,1073741824,33447633,0,109798,130195,7414115,4783184,4783184,43370059,7260425,0,0,7.4,13.4,57.1,62.1,119.2,49.0,11.0,89.0,1.15,13134,99,66.07,11.04,0.0,0.0,0.09,0.23,1.18,53.0,0,6.0,0,0,0.0000,200000.0,7414224,7414224,656,0,2630931,7414114,7414114,7412918,7412918,2629735,7412936,152526
1787265353,1073742480,1240125440,1073741824,33549264,0,109681,131538,7427216,4796283,4796283,43501593,7273527,0,3,6.9,13.1,47.2,72.2,119.4,51.0,11.0,89.0,1.15,13418,108,73.90,12.05,0.0,0.0,0.09,0.23,1.27,36.0,0,6.5,0,0,0.0000,199998.7,7427325,7427325,656,0,2630933,7427215,7427215,7426020,7426020,2629735,7426038,152526
1787265354,1073745264,1240297472,1073741824,33651025,0,110695,131828,7440546,4809617,4809617,43633417,7286862,0,4,7.3,12.6,52.0,67.0,119.0,51.0,11.0,89.0,1.16,13622,99,68.20,11.04,0.0,0.0,0.09,0.23,1.20,48.0,2,5.9,0,0,0.0000,200000.0,7440655,7440655,656,0,2630929,7440545,7440545,7439355,7439355,2629735,7439373,152526
1787265355,1073755264,1233022976,1073741824,33764736,0,110405,131323,7453741,4822937,4822937,43764736,7300179,1,1,5.7,13.2,48.0,69.0,117.0,54.0,11.0,89.0,1.15,13579,90,68.16,10.04,0.0,0.0,0.09,0.23,1.21,52.0,0,5.9,0,0,0.0001,199983.2,7453851,7453851,656,656,2630804,7453740,7453740,7452672,7452672,2629735,7452690,152526
1787265357,1073741632,1240625152,1073741824,33896390,0,110873,131658,7467083,4836266,4836266,43896390,7313507,0,0,6.5,12.8,46.6,68.5,115.1,30.0,11.0,89.0,1.16,13552,99,67.96,11.04,0.0,0.0,0.08,0.24,1.17,53.0,0,5.9,0,0,0.0000,200000.0,7467192,7467192,656,0,2630817,7467082,7467082,7466000,7466000,2629735,7466018,152526
1787265358,1073755608,1241018368,1073741824,34027338,0,110934,130952,7480260,4849462,4849462,44027338,7326704,5,1,6.5,12.5,54.2,60.4,114.6,59.0,11.0,89.0,1.16,6737,45,33.82,5.02,0.0,0.0,0.09,0.23,0.60,26.0,0,5.9,0,0,0.0000,199990.4,7480374,7480374,656,3280,2630798,7480259,7480259,7479197,7479197,2629735,7479215,152526
1787265359,1073756352,1241411584,1073741824,34156108,0,108992,128774,7493040,4862248,4862248,44156108,7339489,4,0,6.4,12.7,46.0,67.3,113.3,60.0,11.0,89.0,1.16,13025,99,65.54,11.04,0.0,0.0,0.09,0.23,1.17,59.0,5,6.0,0,0,0.0000,200000.0,7493153,7493153,656,2624,2630792,7493039,7493039,7491982,7491982,2629735,7492000,152526
1787265360,1073757968,1241718784,1073741824,34283337,0,107214,127233,7505589,4874802,4874802,44283337,7352044,7,1,6.9,13.4,42.2,70.6,112.8,59.0,11.0,89.0,1.16,12934,108,71.89,12.05,0.0,0.0,0.09,0.23,1.24,56.0,0,6.6,0,0,0.0001,199988.9,7505705,7505705,656,4592,2630787,7505588,7505588,7504537,7504537,2629735,7504555,152526
1787265361,1073757696,1228275712,1073741824,34409629,0,106447,126296,7518112,4887327,4887327,44409629,7364570,9,2,7.1,12.1,52.5,60.5,113.0,58.0,11.0,89.0,1.14,12775,99,64.50,11.04,0.0,0.0,0.09,0.23,1.11,57.0,1,6.0,0,0,0.0001,199986.4,7518230,7518222,656,656,2630785,7518111,7518111,7517063,7517063,2629735,7517081,152526
1787265362,1073753296,1228320768,1073741824,34536149,0,106326,126524,7530631,4899845,4899845,44536149,7377086,3,0,5.8,14.5,42.6,70.6,113.2,60.0,11.0,89.0,1.14,12790,90,64.47,10.04,0.0,0.0,0.09,0.23,1.11,53.0,0,5.9,0,0,0.0001,199985.9,7530743,7530740,656,0,2630786,7530630,7530630,7529579,7529579,2629735,7529597,152526
1787265364,1073751248,1228402688,1073741824,34663825,0,107686,127680,7543367,4912579,4912579,44663825,7389820,3,0,7.4,12.0,51.6,61.0,112.6,30.0,11.0,89.0,1.14,6496,45,32.69,5.02,0.0,0.0,0.09,0.23,0.57,30.5,0,5.9,0,0,0.0001,199986.0,7543479,7543476,656,0,2630788,7543366,7543366,7542313,7542313,2629735,7542331,152526
1787265365,1073755856,1228611584,1073741824,34790589,0,107487,126768,7555877,4925092,4925092,44790589,7402336,1,1,7.5,12.6,57.1,55.7,112.8,59.0,11.0,89.0,1.14,12747,90,64.41,10.04,0.0,0.0,0.09,0.23,1.11,54.0,0,5.9,0,0,0.0000,200000.0,7555987,7555987,656,656,2630785,7555876,7555876,7554827,7554827,2629735,7554846,152526
1787265366,1073756216,1233903616,1073741824,34918072,0,106846,127487,7568635,4937852,4937852,44918072,7415095,3,0,6.5,12.5,46.0,67.2,113.2,61.0,11.0,89.0,1.15,13096,117,72.84,13.05,0.0,0.0,0.09,0.23,1.23,49.0,1,6.7,0,0,0.0001,199989.0,7568747,7568744,656,0,2630783,7568634,7568634,7567586,7567586,2629735,7567605,152526
1787265367,1073756320,1229750272,1073741824,35045412,0,107298,127344,7581234,4950452,4950452,45045412,7427695,2,0,6.8,13.2,45.9,67.1,113.0,58.0,11.0,89.0,1.15,12855,90,64.85,10.04,0.0,0.0,0.09,0.23,1.12,60.0,1,5.9,0,0,0.0000,200000.0,7581345,7581343,656,0,2630782,7581233,7581233,7580186,7580186,2629735,7580205,152526
1787265368,1073756064,1229959168,1073741824,35171706,0,106448,126298,7593828,4963042,4963042,45171706,7440289,1,2,7.0,12.4,44.2,69.0,113.2,59.0,11.0,89.0,1.15,12816,90,64.64,10.04,0.0,0.0,0.09,0.23,1.12,53.0,0,5.9,0,0,0.0001,199988.1,7593938,7593938,656,656,2630786,7593827,7593827,7592778,7592778,2629735,7592798,152526
1787265370,1073763304,1229725696,1073741824,35296857,0,105393,125155,7606241,4975470,4975470,45296857,7452716,8,1,6.3,12.8,45.4,67.7,113.1,29.0,11.0,89.0,1.15,6343,50,32.09,5.53,0.0,0.0,0.09,0.24,0.57,24.5,2,6.0,0,0,0.0001,199983.6,7606358,7606358,656,5248,2630771,7606240,7606240,7605205,7605205,2629735,7605225,152526
1787265371,1073743048,1223340032,1073741824,35422862,0,105693,126009,7618715,4987922,4987922,45422862,7465168,0,1,7.0,13.2,56.1,57.1,113.2,59.0,11.0,89.0,1.14,12722,90,64.05,10.04,0.0,0.0,0.09,0.22,1.11,58.0,1,5.9,0,0,0.0000,200000.0,7618824,7618824,656,0,2630793,7618714,7618714,7617657,7617657,2629735,7617677,152526
1787265372,1073754392,1223385088,1073741824,35549168,0,106161,126310,7631349,5000578,5000578,45549168,7477823,1,0,6.9,12.0,49.8,63.3,113.1,61.0,11.0,89.0,1.14,12952,108,71.97,12.05,0.0,0.0,0.09,0.24,1.21,49.0,0,6.6,0,0,0.0000,199999.6,7631459,7631459,656,656,2630771,7631348,7631348,7630312,7630312,2629735,7630332,152526
1787265373,1073758592,1223802880,1073741824,35674942,0,106175,125778,7643928,5013162,5013162,45674942,7490408,4,1,7.0,13.3,45.4,67.3,112.7,58.0,11.0,89.0,1.14,12808,99,64.63,11.04,0.0,0.0,0.08,0.23,1.11,60.0,0,6.0,0,0,0.0000,200000.0,7644041,7644040,656,1968,2630766,7643927,7643927,7642897,7642897,2629735,7642917,152526
1787265374,1073756384,1223946240,1073741824,35801469,0,106238,126531,7656359,5025596,5025596,45801469,7502841,2,0,7.2,13.1,44.5,68.4,112.9,64.0,11.0,89.0,1.14,12645,90,63.72,10.04,0.0,0.0,0.10,0.23,1.28,68.0,0,5.9,0,0,0.0001,199982.7,7656470,7656468,656,0,2630763,7656358,7656358,7655330,7655330,2629735,7655350,152526
1787265376,1073760832,1224097792,1073741824,35927446,0,106546,125981,7668814,5038055,5038055,45927446,7515300,8,0,7.6,12.0,56.8,56.0,112.8,29.0,11.0,89.0,1.14,12776,90,64.88,10.04,0.0,0.0,0.09,0.23,1.12,61.0,0,6.0,0,0,0.0000,200000.0,7668931,7668931,656,5248,2630759,7668813,7668813,7667789,7667789,2629735,7667809,152526
1787265377,1073744352,1224278016,1073741824,36053217,0,105624,125775,7681310,5050523,5050523,46053217,7527771,0,3,6.4,13.4,41.7,71.7,113.4,60.0,11.0,89.0,1.14,6366,49,32.07,5.52,0.0,0.0,0.08,0.23,0.55,24.0,4,6.0,0,0,0.0000,200000.0,7681419,7681419,656,0,2630787,7681309,7681309,7680260,7680260,2629735,7680280,152526
1787265378,1073756312,1224310784,1073741824,36180798,0,106443,127585,7694284,5063515,5063515,46180798,7540760,1,0,7.1,12.9,46.5,67.4,113.9,61.0,11.0,89.0,1.14,13248,90,66.52,10.04,0.0,0.0,0.09,0.23,1.17,53.0,0,5.9,0,0,0.0000,200000.0,7694394,7694393,656,0,2630769,7694283,7694283,7693249,7693249,2629735,7693269,152526
1787265379,1073743728,1224462336,1073741824,36308386,0,107166,127592,7707058,5076270,5076270,46308386,7553515,0,0,7.2,12.3,51.7,61.8,113.5,59.0,11.0,89.0,1.14,13061,117,72.91,13.05,0.0,0.0,0.09,0.23,1.25,53.0,0,6.7,0,0,0.0000,200000.0,7707167,7707167,656,0,2630788,7707057,7707057,7706004,7706004,2629735,7706024,152526
1787265380,1073755856,1224630272,1073741824,36435907,0,107265,127525,7719960,5089185,5089185,46435907,7566430,3,0,6.9,12.9,48.3,65.2,113.5,60.0,11.0,89.0,1.14,13151,99,66.42,11.04,0.0,0.0,0.09,0.24,1.15,62.0,1,6.0,0,0,0.0001,199989.3,7720072,7720072,656,1968,2630775,7719959,7719959,7718919,7718919,2629735,7718939,152526
1787265382,1073752736,1219444736,1073741824,36562306,0,106868,126403,7732146,5101374,5101374,46562306,7578619,2,0,6.1,13.0,45.0,67.6,112.6,59.0,11.0,89.0,1.14,12412,90,63.11,10.04,0.0,0.0,0.09,0.23,1.08,57.0,0,6.0,0,0,0.0001,199983.6,7732257,7732255,656,0,2630772,7732145,7732145,7731108,7731108,2629735,7731128,152526
1787265383,1073758000,1219526656,1073741824,36688792,0,106694,126490,7744733,5113964,5113964,46688792,7591209,5,0,7.4,12.5,49.2,63.3,112.5,29.5,11.0,89.0,1.14,6418,49,32.42,5.52,0.0,0.0,0.09,0.23,0.56,26.5,1,6.0,0,0,0.0001,199987.5,7744847,7744847,656,3280,2630769,7744732,7744732,7743698,7743698,2629735,7743718,152526
1787265384,1073755576,1219526656,1073741824,36815109,0,106504,126321,7757186,5126413,5126413,46815109,7603658,2,0,6.9,13.1,42.8,69.8,112.6,59.0,11.0,89.0,1.14,12706,90,64.71,10.04,0.0,0.0,0.09,0.23,1.10,60.0,1,6.0,0,0,0.0001,199984.8,7757297,7757295,656,0,2630773,7757185,7757185,7756147,7756147,2629735,7756167,152526
1787265385,1073755400,1219522560,1073741824,36940402,0,105621,125297,7769698,5138917,5138917,46940402,7616162,5,0,6.7,12.9,48.9,63.2,112.1,62.0,10.9,89.1,1.14,12793,108,71.64,12.05,0.0,0.0,0.09,0.23,1.20,54.0,0,6.6,0,0,0.0001,199983.6,7769812,7769812,656,3280,2630781,7769697,7769697,7768651,7768651,2629735,7768671,152526
1787265386,1073762456,1219620864,1073741824,37066033,0,105663,125635,7782282,5151509,5151509,47066033,7628754,8,0,5.9,13.3,41.0,71.1,112.1,61.0,10.9,89.1,1.14,12877,90,64.97,10.04,0.0,0.0,0.09,0.23,1.12,58.0,0,5.9,0,0,0.0001,199984.8,7782399,7782399,656,5248,2630773,7782281,7782281,7781243,7781243,2629735,7781263,152526
1787265387,1073758632,1219698688,1073741824,37191738,0,105890,125709,7794628,5163856,5163856,47191738,7641103,1,2,7.8,12.3,54.0,58.0,112.0,59.0,10.9,89.1,1.14,12591,99,64.02,11.04,0.0,0.0,0.09,0.23,1.10,64.0,0,6.1,0,0,0.0001,199984.0,7794738,7794738,656,656,2630772,7794627,7794627,7793592,7793592,2629735,7793612,152526
1787265389,1073755928,1219358720,1073741824,37316678,0,105661,124944,7807072,5176300,5176300,47316678,7653545,5,0,6.6,12.8,38.6,73.2,111.8,30.0,10.9,89.1,1.14,6357,45,32.24,5.02,0.0,0.0,0.09,0.23,0.55,26.5,1,6.0,0,0,0.0000,200000.0,7807186,7807186,656,3280,2630772,7807071,7807071,7806034,7806034,2629735,7806054,152526
1787265390,1073756504,1219452928,1073741824,37441805,0,105449,125131,7819541,5188773,5188773,47441805,7666018,4,0,6.5,12.6,43.2,68.3,111.5,60.0,10.9,89.1,1.14,12750,99,64.38,11.04,0.0,0.0,0.09,0.23,1.12,48.0,0,6.0,0,0,0.0001,199989.0,7819654,7819651,656,656,2630768,7819540,7819540,7818507,7818507,2629735,7818527,152526
1787265391,1073757488,1215676416,1073741824,37566153,0,105277,124352,7831891,5201126,5201126,47566153,7678373,3,2,6.4,12.7,37.3,74.0,111.3,61.0,10.9,89.1,1.13,12669,108,71.23,12.05,0.0,0.0,0.09,0.24,1.19,55.0,1,6.7,0,0,0.0001,199986.5,7832003,7832003,656,1968,2630765,7831890,7831890,7830862,7830862,2629735,7830882,152526
1787265392,1073752160,1215860736,1073741824,37691409,0,105295,125260,7844512,5213738,5213738,47691409,7690985,6,0,6.1,13.8,43.6,68.3,111.9,62.0,10.9,89.1,1.13,12848,99,65.09,11.04,0.0,0.0,0.09,0.23,1.12,51.0,4,6.0,0,0,0.0000,199993.2,7844627,7844627,656,3936,2630774,7844511,7844511,7843472,7843472,2629735,7843493,152526
1787265393,1073756472,1215877120,1073741824,37816902,0,105861,125497,7856878,5226107,5226107,47816902,7703354,3,0,6.5,13.1,47.4,64.3,111.7,60.0,10.9,89.1,1.13,12632,90,64.27,10.04,0.0,0.0,0.09,0.23,1.10,64.0,0,6.0,0,0,0.0001,199986.5,7856990,7856987,656,0,2630771,7856877,7856877,7855841,7855841,2629735,7855862,152526
1787265395,1073760496,1216000000,1073741824,37941682,0,105391,124784,7869241,5238475,5238475,47941682,7715722,7,0,5.7,13.5,32.3,79.5,111.8,30.5,10.9,89.1,1.13,12580,90,63.73,10.04,0.0,0.0,0.09,0.23,1.10,59.0,0,6.0,0,0,0.0001,199985.2,7869357,7869357,656,4592,2630766,7869240,7869240,7868209,7868209,2629735,7868230,152526
1787265396,1073751464,1215643648,1073741824,38065979,0,104874,124301,7881636,5250859,5250859,48065979,7728106,8,0,7.7,12.0,53.0,59.2,112.2,61.0,10.9,89.1,1.13,6327,49,32.09,5.52,0.0,0.0,0.09,0.23,0.56,21.5,3,6.0,0,0,0.0000,199992.0,7881753,7881753,656,5248,2630777,7881635,7881635,7880593,7880593,2629735,7880614,152526
1787265397,1073758976,1215827968,1073741824,38190448,0,104920,124473,7894229,5263458,5263458,48190448,7740710,1,5,7.2,12.9,52.1,58.6,110.7,62.0,10.9,89.1,1.13,12875,90,65.59,10.04,0.0,0.0,0.09,0.23,1.13,45.0,0,6.0,0,0,0.0000,200000.0,7894339,7894339,656,656,2630771,7894228,7894228,7893197,7893197,2629735,7893218,152526
1787265398,1073761248,1216077824,1073741824,38314822,0,104621,124378,7906557,5275791,5275791,48314822,7753040,7,2,6.5,12.6,40.6,69.8,110.4,60.0,10.9,89.1,1.13,12669,117,71.18,13.05,0.0,0.0,0.09,0.23,1.21,54.0,0,6.7,0,0,0.0001,199984.3,7906673,7906673,656,4592,2630766,7906556,7906556,7905527,7905527,2629735,7905548,152526
1787265399,1073759768,1215938560,1073741824,38440798,0,106005,125980,7919205,5288439,5288439,48440798,7765687,5,1,8.3,11.0,58.8,52.7,111.5,60.0,10.9,89.1,1.13,12910,92,65.47,10.06,0.0,0.0,0.09,0.23,1.12,61.0,0,5.9,0,0,0.0001,199986.0,7919319,7919316,656,1312,2630766,7919204,7919204,7918174,7918174,2629735,7918195,152526
1787265401,1073760808,1214607360,1073741824,38566217,0,105862,125423,7931626,5300870,5300870,48566217,7778117,7,0,6.0,13.6,41.2,69.1,110.3,61.0,10.9,89.1,1.13,12630,99,63.89,11.04,0.0,0.0,0.09,0.23,1.11,51.0,0,6.0,0,0,0.0000,200000.0,7931742,7931742,656,4592,2630756,7931625,7931625,7930604,7930604,2629735,7930625,152526
1787265402,1073761704,1214750720,1073741824,38691732,0,105565,125519,7944315,5313562,5313562,48691732,7790809,7,0,7.0,13.2,37.5,73.3,110.8,31.0,10.9,89.1,1.13,6468,45,32.65,5.02,0.0,0.0,0.09,0.23,0.57,28.0,0,5.9,0,0,0.0000,200000.0,7944431,7944431,656,4592,2630753,7944314,7944314,7943296,7943296,2629735,7943317,152526
1787265403,1073758832,1214550016,1073741824,38817459,0,105831,125731,7956715,5325959,5325959,48817459,7803206,5,0,5.8,13.0,43.3,67.4,110.7,59.0,10.9,89.1,1.13,12654,99,64.25,11.04,0.0,0.0,0.09,0.23,1.10,57.0,1,6.0,0,0,0.0000,200000.0,7956829,7956829,656,3280,2630756,7956714,7956714,7955693,7955693,2629735,7955714,152526
1787265404,1073751896,1214971904,1073741824,38941266,0,104443,123811,7968970,5338204,5338204,48941266,7815452,1,1,6.5,13.1,45.1,65.3,110.4,65.0,10.9,89.1,1.13,12558,117,70.65,13.05,0.0,0.0,0.10,0.24,1.25,60.0,2,6.8,0,0,0.0000,199992.1,7969080,7969080,656,656,2630766,7968969,7968969,7967939,7967939,2629735,7967960,152526
1787265405,1073758384,1214935040,1073741824,39065961,0,104840,124699,7981381,5350624,5350624,49065961,7827872,5,1,5.9,14.3,39.3,72.2,111.5,63.0,10.9,89.1,1.13,12680,90,64.37,10.04,0.0,0.0,0.10,0.24,1.24,55.0,1,6.0,0,0,0.0001,199987.7,7981495,7981495,656,3280,2630757,7981380,7981380,7980359,7980359,2629735,7980380,152526
1787265406,1073755808,1215041536,1073741824,39190568,0,104794,124611,7993842,5363085,5363085,49190568,7840332,2,0,8.0,11.8,52.0,58.4,110.4,61.0,10.9,89.1,1.13,12694,90,64.32,10.04,0.0,0.0,0.09,0.23,1.11,61.0,3,6.0,0,0,0.0000,199999.6,7993953,7993951,656,0,2630757,7993841,7993841,7992819,7992819,2629735,7992840,152526
1787265408,1073754152,1215074304,1073741824,39315414,0,105249,124850,8006366,5375606,5375606,49315414,7852855,1,2,5.8,14.0,43.9,67.9,111.8,30.5,10.9,89.1,1.13,6381,49,32.35,5.52,0.0,0.0,0.09,0.23,0.56,23.5,2,6.0,0,0,0.0001,199984.3,8006476,8006476,656,656,2630760,8006365,8006365,8005342,8005342,2629735,8005363,152526
1787265409,1073757584,1215180800,1073741824,39440204,0,105395,124794,8018748,5387995,5387995,49440204,7865242,3,0,5.9,13.5,37.2,74.4,111.6,59.0,10.9,89.1,1.13,12645,90,64.35,10.04,0.0,0.0,0.09,0.23,1.10,51.0,0,6.0,0,0,0.0001,199987.7,8018860,8018857,656,0,2630753,8018747,8018747,8017729,8017729,2629735,8017750,152526
1787265410,1073761040,1215234048,1073741824,39564749,0,104900,124549,8031100,5400349,5400349,49564749,7877596,7,0,6.4,13.1,46.1,65.3,111.4,62.0,10.9,89.1,1.13,12683,117,71.20,13.05,0.0,0.0,0.09,0.23,1.21,46.0,0,6.7,0,0,0.0001,199985.0,8031216,8031216,656,4592,2630751,8031099,8031099,8030083,8030083,2629735,8030104,152526
1787265411,1073758968,1213812736,1073741824,39689877,0,105111,125132,8043677,5412920,5412920,49689877,7890168,6,1,7.0,12.9,47.3,64.3,111.6,60.0,10.9,89.1,1.13,12882,99,65.36,11.04,0.0,0.0,0.09,0.23,1.13,61.0,0,6.0,0,0,0.0000,200000.0,8043792,8043792,656,3936,2630757,8043676,8043676,8042655,8042655,2629735,8042676,152526
1787265412,1073754888,1213874176,1073741824,39815342,0,105686,125469,8056048,5425286,5425286,49815342,7902534,2,1,6.9,13.2,51.3,60.5,111.8,60.0,10.9,89.1,1.13,12572,90,63.88,10.04,1.0,0.0,0.09,0.23,1.10,50.0,2,6.0,0,0,0.0001,199985.0,8056159,8056159,656,1312,2630762,8056047,8056047,8055021,8055021,2629735,8055042,152526
1787265414,1073755568,1213980672,1073741824,39940132,0,105571,124794,8068308,5437548,5437548,49940132,7914796,5,1,6.7,13.1,45.6,64.8,110.4,30.0,10.9,89.1,1.13,6281,45,31.88,5.02,0.0,0.0,0.09,0.23,0.55,30.0,0,6.0,0,0,0.0001,199989.7,8068422,8068422,656,3280,2630760,8068307,8068307,8067283,8067283,2629735,8067304,152526
