timestamp,used_memory,used_memory_rss,maxmemory,keyspace_hits,keyspace_misses,ops_per_sec,total_commands_delta,total_num_items_spilled_to_ext_storage,total_num_items_fetched_from_ext_storage,completion_read_ok,dram_value_hits,kbc_fetching_block,num_items_spilling_to_ext_storage,blocked_clients,cpu_user,cpu_sys,valkey_cpu_user,valkey_cpu_sys,valkey_cpu_total,asio_cpu_pct,disk_hit_pct,mem_hit_pct,mem_frag_ratio,disk_read_iops,disk_write_iops,disk_read_mb,disk_write_mb,disk_read_merges_ps,disk_write_merges_ps,disk_r_await_ms,disk_w_await_ms,disk_aqu_sz,disk_util_pct,disk_in_flight,disk_req_sz_kb,throttle_total_throttled,throttle_queued_clients,throttle_current_rate,throttle_allowed_tps,spill_submitted_count,spill_serialized_count,mean_spill_ram,inflight_spill_ram_bytes,keys_key_spilled,total_keys_dropped_from_dict,total_keys_dropped_at_completion,total_keys_rematerialized,kbc_keyspill_miss_fetch,kbc_keyspill_absent_consumed,kbc_progressive_drain_runs,kbc_progressive_drain_resolved
1787605630,1074572760,1152884736,1073741824,1699,0,176,3332,2636733,2059,2059,3325,1,1,4,2.4,1.5,6.9,0.6,7.5,5.5,61.9,38.1,1.07,2622,45,11.85,5.02,0.0,0.0,0.08,0.22,0.23,5.0,5,6.5,0,0,0.0039,199236.1,2636734,2636734,656,656,2634674,2636733,2636733,2631786,2631786,2629723,0,0
1787605631,1073743728,1176215552,1073741824,55398,0,62676,107109,2678925,43999,43999,110433,4,0,5,7.1,7.1,60.4,53.6,114.0,72.0,39.8,60.2,1.10,21677,140,100.46,15.57,0.0,0.5,0.09,0.23,2.01,34.0,0,5.4,0,0,0.0000,200000.0,2678925,2678925,656,0,2634926,2678925,2678925,2673727,2673727,2629723,0,0
1787605632,1073744896,1193398272,1073741824,114432,0,102131,117937,2712618,80857,80857,228369,5,1,7,7.1,6.8,60.1,54.1,114.2,67.0,35.4,64.6,1.11,37927,234,175.64,26.10,0.0,0.0,0.09,0.23,3.44,63.0,1,5.4,0,0,0.0000,200000.0,2712619,2712619,656,656,2631761,2712618,2712618,2710587,2710587,2629723,0,0
1787605633,1073744608,1207422976,1073741824,174967,0,105599,121056,2746260,114516,114516,349424,5,1,4,7.4,6.8,61.4,52.3,113.7,67.0,32.8,67.2,1.12,34627,234,160.86,26.10,0.0,0.0,0.09,0.23,3.06,68.0,0,5.5,0,0,0.0000,199999.4,2746261,2746261,656,656,2631744,2746260,2746260,2744243,2744243,2629723,0,0
1787605634,1073743800,1220661248,1073741824,237216,0,108790,124872,2778373,146634,146634,474295,5,0,3,6.5,7.3,54.8,58.9,113.7,66.0,30.9,69.1,1.14,33076,216,153.79,24.09,0.0,0.0,0.09,0.24,2.90,66.0,0,5.5,0,0,0.0000,199999.7,2778373,2778373,656,0,2631739,2778373,2778373,2776360,2776360,2629723,0,0
1787605635,1073745112,1233711104,1073741824,300971,0,111287,127133,2809175,177441,177441,601427,5,3,2,6.1,8.1,48.9,65.0,113.9,65.0,29.5,70.5,1.15,31721,245,151.77,27.12,0.0,1.0,0.09,0.23,2.85,55.0,2,5.7,0,0,0.0000,199999.0,2809178,2809178,656,1968,2631734,2809175,2809175,2807166,2807166,2629723,0,0
1787605636,1073743288,1245229056,1073741824,365448,0,112711,129348,2838576,206861,206861,730774,5,0,1,7.2,7.2,56.7,57.8,114.5,65.0,28.3,71.7,1.16,30306,198,140.99,22.09,0.0,0.0,0.09,0.23,2.63,64.0,4,5.5,0,0,0.0000,200000.0,2838576,2838576,656,0,2631715,2838576,2838576,2836585,2836585,2629723,0,0
1787605638,1073748096,1257156608,1073741824,431098,0,114641,131241,2867162,235471,235471,862014,5,7,6,7.1,6.9,59.1,55.1,114.2,32.0,27.3,72.7,1.17,29417,198,136.74,22.09,0.0,0.0,0.08,0.23,2.54,60.0,3,5.5,0,0,0.0000,199998.9,2867169,2867169,656,4592,2631691,2867162,2867162,2865200,2865200,2629723,0,0
1787605639,1073745064,1265037312,1073741824,497295,0,116305,132905,2894730,263033,263033,994918,5,0,4,6.4,7.3,57.1,57.1,114.2,63.0,26.4,73.6,1.18,14163,94,65.93,10.54,0.0,0.0,0.08,0.23,1.22,29.5,0,5.5,0,0,0.0000,199999.0,2894730,2894730,656,0,2631697,2894730,2894730,2892760,2892760,2629723,0,0
1787605640,1073744376,1278144512,1073741824,563114,0,116050,131775,2921216,289531,289531,1126692,5,1,3,6.9,7.7,52.0,62.0,114.0,63.0,25.7,74.3,1.19,27267,182,127.20,20.09,0.0,1.0,0.08,0.23,2.35,57.0,0,5.5,0,0,0.0000,199999.6,2921217,2921217,656,656,2631685,2921216,2921216,2919257,2919257,2629723,0,0
1787605641,1073742512,1286795264,1073741824,629970,0,117182,134065,2947015,315349,315349,1260756,5,0,1,6.7,7.6,59.8,53.9,113.7,60.0,25.0,75.0,1.20,26537,171,123.36,19.07,0.0,0.0,0.08,0.23,2.28,58.0,0,5.5,0,0,0.0000,200000.0,2947015,2947015,656,0,2631666,2947015,2947015,2945073,2945073,2629723,0,0
1787605642,1073745288,1297281024,1073741824,696991,0,118368,133917,2972228,340564,340564,1394672,6,1,5,6.1,8.2,46.3,67.3,113.6,62.0,24.4,75.6,1.21,25957,171,120.86,19.07,0.0,0.0,0.08,0.23,2.22,55.0,0,5.5,0,0,0.0000,199998.9,2972229,2972229,656,656,2631664,2972228,2972228,2970292,2970292,2629723,0,0
1787605643,1073743920,1309995008,1073741824,762492,0,115948,130439,2996187,364528,364528,1525110,6,0,4,6.3,7.0,59.9,53.9,113.8,60.0,23.9,76.1,1.22,24647,162,114.76,18.07,0.0,0.0,0.08,0.23,2.10,61.0,4,5.5,0,0,0.0000,199999.9,2996187,2996187,656,0,2631659,2996187,2996187,2994255,2994255,2629723,0,0
1787605644,1073743528,1319170048,1073741824,825619,0,110179,126148,3018794,387140,387140,1651257,6,0,3,6.4,7.2,56.0,59.0,115.0,60.0,23.4,76.6,1.23,23285,180,111.47,20.08,0.0,0.0,0.09,0.23,2.03,49.0,1,5.7,0,0,0.0000,199998.6,3018794,3018794,656,0,2631654,3018794,3018794,3016866,3016866,2629723,0,0
1787605646,1073745296,1326407680,1073741824,888772,0,109770,126369,3040970,409327,409327,1777625,6,0,5,6.5,8.0,52.6,62.7,115.3,29.0,23.0,77.0,1.24,22822,146,106.45,16.07,0.0,1.0,0.08,0.23,1.93,59.0,0,5.5,0,0,0.0000,199999.7,3040970,3040970,656,0,2631643,3040970,3040970,3039055,3039055,2629723,0,0
1787605647,1073742984,1335058432,1073741824,951966,0,110144,126821,3062714,431087,431087,1904445,6,0,1,5.8,8.0,57.1,58.1,115.2,58.0,22.6,77.4,1.24,11191,75,52.29,8.35,0.0,0.0,0.08,0.23,0.95,27.5,3,5.5,0,0,0.0000,200000.0,3062714,3062714,656,0,2631627,3062714,3062714,3060811,3060811,2629723,0,0
1787605648,1073743672,1345675264,1073741824,1016052,0,110591,127616,3084017,452401,452401,2032060,7,0,1,6.2,7.9,54.1,61.1,115.2,57.0,22.3,77.7,1.25,21849,138,101.80,15.43,0.0,0.0,0.08,0.24,1.85,60.0,3,5.5,0,0,0.0000,200000.0,3084017,3084017,656,0,2631616,3084017,3084017,3082125,3082125,2629723,0,0
1787605649,1073743696,1352622080,1073741824,1080370,0,111455,128519,3104898,473290,473290,2160578,7,0,1,5.5,8.5,39.1,76.1,115.2,57.0,21.9,78.1,1.26,21465,144,100.49,16.06,0.0,0.0,0.08,0.24,1.81,44.0,0,5.5,0,0,0.0000,200000.0,3104898,3104898,656,0,2631608,3104898,3104898,3103014,3103014,2629723,0,0
1787605650,1073743888,1362714624,1073741824,1144327,0,111086,127804,3125336,493740,493740,2288381,7,0,2,6.6,7.4,60.1,55.1,115.2,57.0,21.6,78.4,1.27,21124,136,98.45,15.05,0.0,1.0,0.08,0.25,1.78,53.0,2,5.5,0,0,0.0000,200000.0,3125336,3125336,656,0,2631596,3125336,3125336,3123465,3123465,2629723,0,0
1787605651,1073743576,1370972160,1073741824,1208595,0,111169,128138,3145518,513922,513922,2416518,7,0,3,6.6,7.5,49.5,65.7,115.2,57.0,21.3,78.7,1.28,20733,153,99.80,17.07,0.0,0.0,0.08,0.24,1.78,52.0,0,5.7,0,0,0.0000,200000.0,3145518,3145518,656,0,2631596,3145518,3145518,3143648,3143648,2629723,0,0
1787605652,1073748208,1379491840,1073741824,1273317,0,112028,128894,3165377,533789,533789,2545411,7,7,3,6.0,8.8,51.5,63.4,114.9,55.0,21.0,79.0,1.28,20416,135,95.04,15.06,0.0,0.0,0.08,0.23,1.72,54.0,0,5.5,0,0,0.0000,200000.0,3165384,3165384,656,4592,2631588,3165377,3165377,3163515,3163515,2629723,0,0
1787605654,1073743176,1385783296,1073741824,1338650,0,112789,130417,3185330,553742,553742,2675827,7,0,2,5.9,8.1,47.0,68.0,115.0,28.5,20.7,79.3,1.29,10251,63,47.89,7.03,0.0,0.0,0.08,0.24,0.86,27.5,2,5.5,0,0,0.0000,200000.0,3185330,3185330,656,0,2631588,3185330,3185330,3183467,3183467,2629723,0,0
1787605655,1073743856,1393631232,1073741824,1405637,0,115733,133458,3205399,573834,573834,2809284,7,0,1,6.6,7.2,51.9,63.0,114.9,56.0,20.4,79.6,1.30,20656,135,96.65,15.06,0.0,0.0,0.08,0.23,1.74,54.0,4,5.5,0,0,0.0000,200000.0,3205399,3205399,656,0,2631565,3205399,3205399,3203558,3203558,2629723,0,0
1787605656,1073742984,1401495552,1073741824,1472415,0,116571,133627,3225111,593555,593555,2942910,7,0,0,6.7,7.2,59.8,54.9,114.7,54.0,20.2,79.8,1.31,20275,137,94.31,15.07,0.0,1.0,0.08,0.23,1.71,61.0,0,5.5,0,0,0.0000,200000.0,3225111,3225111,656,0,2631556,3225111,3225111,3223278,3223278,2629723,0,0
1787605657,1073742440,1409753088,1073741824,1539517,0,116958,133893,3244618,613058,613058,3076802,7,0,2,5.8,8.2,49.7,64.8,114.5,55.0,19.9,80.1,1.31,19996,126,93.04,14.05,0.0,0.0,0.08,0.24,1.68,48.0,0,5.5,0,0,0.0000,200000.0,3244618,3244618,656,0,2631560,3244618,3244618,3242783,3242783,2629723,0,0
1787605658,1073745072,1418657792,1073741824,1608584,0,119973,138318,3264360,632814,632814,3215119,7,1,5,6.8,7.5,54.2,60.2,114.4,54.0,19.7,80.3,1.32,20319,135,94.87,15.06,0.0,0.0,0.08,0.23,1.71,56.0,0,5.5,0,0,0.0000,199998.9,3264361,3264361,656,656,2631546,3264360,3264360,3262542,3262542,2629723,0,0
1787605659,1073742880,1426391040,1073741824,1678010,0,121803,138719,3284198,652668,652668,3353837,7,0,2,6.2,7.9,63.1,51.1,114.2,55.0,19.5,80.5,1.33,20478,144,98.69,16.06,0.0,0.0,0.08,0.24,1.76,54.0,2,5.7,0,0,0.0000,200000.0,3284198,3284198,656,0,2631530,3284198,3284198,3282393,3282393,2629723,0,0
1787605660,1073743784,1434517504,1073741824,1748027,0,122594,139841,3303743,672218,672218,3493677,8,0,1,6.1,8.5,51.0,63.0,114.0,54.0,19.2,80.8,1.34,20023,137,93.19,15.07,0.0,1.0,0.08,0.23,1.69,49.0,0,5.5,0,0,0.0000,200000.0,3303743,3303743,656,0,2631525,3303743,3303743,3301942,3301942,2629723,0,0
1787605662,1073743936,1440153600,1073741824,1817240,0,122110,138229,3322686,691161,691161,3631905,9,0,2,6.8,7.2,59.8,53.9,113.7,27.0,19.0,81.0,1.34,9754,63,45.41,7.03,0.0,0.0,0.08,0.24,0.82,24.5,0,5.5,0,0,0.0000,199998.7,3322686,3322686,656,0,2631525,3322686,3322686,3320886,3320886,2629723,0,0
1787605663,1073743512,1449066496,1073741824,1886333,0,121735,138188,3341447,709928,709928,3770092,9,0,3,6.5,7.8,59.8,53.9,113.7,52.0,18.8,81.2,1.35,19257,117,89.68,13.05,0.0,0.0,0.08,0.23,1.62,57.0,0,5.4,0,0,0.0000,200000.0,3341447,3341447,656,0,2631519,3341447,3341447,3339654,3339654,2629723,0,0
1787605664,1073742912,1454178304,1073741824,1955624,0,121783,138764,3360104,728594,728594,3908855,9,0,8,6.6,7.8,59.0,55.0,114.0,53.0,18.6,81.4,1.35,19197,126,89.58,14.05,0.0,0.0,0.08,0.24,1.61,62.0,3,5.5,0,0,0.0000,200000.0,3360104,3360104,656,0,2631510,3360104,3360104,3358325,3358325,2629723,0,0
1787605665,1073741848,1461649408,1073741824,2024800,0,122289,138569,3378332,746833,746833,4047423,9,0,2,6.2,7.3,50.9,63.0,113.9,52.0,18.5,81.5,1.36,18731,119,87.33,13.06,0.0,1.0,0.08,0.24,1.58,49.0,7,5.5,0,0,0.0000,199999.1,3378332,3378332,656,0,2631499,3378332,3378332,3376558,3376558,2629723,0,0
1787605666,1073749840,1470038016,1073741824,2093820,0,121399,138235,3396729,765237,765237,4185657,9,11,10,6.8,7.1,61.1,53.0,114.1,53.0,18.3,81.7,1.37,18927,126,88.22,14.05,0.0,0.0,0.08,0.23,1.59,52.0,0,5.5,0,0,0.0000,199997.2,3396740,3396740,656,7216,2631492,3396729,3396729,3394970,3394970,2629723,0,0
1787605667,1073742528,1481834496,1073741824,2162695,0,121216,137992,3414732,783258,783258,4323648,9,0,0,5.0,9.3,45.9,68.0,113.9,53.0,18.1,81.9,1.38,18520,133,89.38,14.88,0.0,0.0,0.08,0.25,1.59,42.0,0,5.7,0,0,0.0000,200000.0,3414732,3414732,656,0,2631474,3414732,3414732,3412981,3412981,2629723,0,0
1787605668,1073743344,1489174528,1073741824,2231623,0,121048,138102,3432625,801153,801153,4461749,9,0,4,5.8,7.8,47.9,66.0,113.9,52.0,18.0,82.0,1.39,18389,117,85.81,13.05,0.0,0.0,0.08,0.24,1.54,42.0,0,5.5,0,0,0.0000,200000.0,3432625,3432625,656,0,2631472,3432625,3432625,3430880,3430880,2629723,0,0
1787605670,1073742816,1495199744,1073741824,2299248,0,119393,135200,3449946,818478,818478,4596948,9,0,2,5.9,7.9,60.4,53.4,113.8,26.5,17.8,82.2,1.39,17799,117,82.89,13.05,0.0,0.0,0.08,0.23,1.50,55.0,0,5.5,0,0,0.0000,199999.5,3449946,3449946,656,0,2631468,3449946,3449946,3448203,3448203,2629723,0,0
1787605671,1073744552,1499262976,1073741824,2367517,0,118005,136247,3467107,835651,835651,4733194,9,1,2,6.7,6.4,62.7,51.8,114.5,52.0,17.7,82.3,1.40,8838,55,41.36,6.03,0.0,0.5,0.08,0.24,0.74,24.5,0,5.5,0,0,0.0000,199999.6,3467108,3467108,656,656,2631456,3467107,3467107,3465376,3465376,2629723,0,0
1787605672,1073743816,1505816576,1073741824,2436281,0,120129,137369,3484307,852856,852856,4870562,10,0,2,6.2,7.5,58.2,56.2,114.4,51.0,17.5,82.5,1.40,17656,117,82.61,13.05,0.0,0.0,0.08,0.24,1.49,41.0,0,5.5,0,0,0.0000,200000.0,3484307,3484307,656,0,2631451,3484307,3484307,3482581,3482581,2629723,0,0
1787605673,1073746432,1510072320,1073741824,2504286,0,119405,135777,3501023,869587,869587,5006338,10,4,2,5.9,7.7,55.6,58.7,114.3,52.0,17.4,82.6,1.41,17187,108,80.23,12.05,0.0,0.0,0.08,0.23,1.43,49.0,0,5.5,0,0,0.0000,199999.4,3501027,3501027,656,2624,2631436,3501023,3501023,3499312,3499312,2629723,0,0
1787605674,1073743104,1515577344,1073741824,2573310,0,119286,137591,3517768,886333,886333,5143928,10,0,2,6.1,7.4,55.2,59.2,114.4,50.0,17.2,82.8,1.41,17199,108,79.96,12.05,0.0,0.0,0.08,0.23,1.44,52.0,0,5.4,0,0,0.0000,200000.0,3517768,3517768,656,0,2631435,3517768,3517768,3516058,3516058,2629723,0,0
1787605675,1073743688,1510547456,1073741824,2643659,0,122354,140228,3534987,903553,903553,5284155,10,0,2,6.4,7.4,62.1,52.1,114.2,51.0,17.1,82.9,1.41,17694,130,85.62,14.26,0.0,1.0,0.08,0.24,1.51,54.0,6,5.7,0,0,0.0000,200000.0,3534987,3534987,656,0,2631434,3534987,3534987,3533278,3533278,2629723,0,0
1787605676,1073744544,1501642752,1073741824,2714723,0,124653,142169,3552422,920999,920999,5426323,10,1,2,6.4,8.2,58.1,56.0,114.1,52.0,17.0,83.0,1.40,17929,108,83.78,12.05,0.0,0.0,0.08,0.23,1.51,47.0,0,5.4,0,0,0.0000,200000.0,3552423,3552423,656,656,2631423,3552422,3552422,3550724,3550724,2629723,0,0
1787605678,1073742904,1482022912,1073741824,2785894,0,124981,142424,3569732,938315,938315,5568746,10,0,2,5.4,7.9,54.7,59.7,114.4,25.0,16.8,83.2,1.38,17774,117,83.06,13.05,0.0,0.0,0.08,0.24,1.49,52.0,0,5.5,0,0,0.0000,200000.0,3569732,3569732,656,0,2631417,3569732,3569732,3568040,3568040,2629723,0,0
1787605679,1073742272,1455390720,1073741824,2857692,0,126186,143590,3586982,955572,955572,5712335,10,2,4,6.6,7.8,54.9,58.9,113.8,52.0,16.7,83.3,1.36,8855,54,41.40,6.02,0.0,0.0,0.08,0.23,0.74,27.0,0,5.5,0,0,0.0000,199996.0,3586984,3586984,656,1312,2631410,3586982,3586982,3585299,3585299,2629723,0,0
1787605680,1073743168,1431621632,1073741824,2929413,0,126471,143610,3603969,972562,972562,5855944,10,0,2,6.2,7.5,47.5,66.4,113.9,50.0,16.6,83.4,1.33,17446,117,81.77,13.05,0.0,0.0,0.08,0.23,1.47,51.0,3,5.5,0,0,0.0000,199999.9,3603969,3603969,656,0,2631407,3603969,3603969,3602287,3602287,2629723,0,0
1787605681,1073743720,1408118784,1073741824,3001118,0,126525,143983,3620869,989473,989473,5999926,10,0,2,6.0,7.6,47.9,66.0,113.9,51.0,16.5,83.5,1.31,17379,110,81.34,12.06,0.0,1.0,0.08,0.23,1.45,43.0,0,5.5,0,0,0.0000,200000.0,3620869,3620869,656,0,2631396,3620869,3620869,3619198,3619198,2629723,0,0
1787605682,1073744096,1386651648,1073741824,3072842,0,126387,143787,3637912,1006516,1006516,6143712,10,0,2,5.9,8.7,52.9,61.0,113.9,51.0,16.4,83.6,1.29,17474,108,81.84,12.05,0.0,0.0,0.08,0.23,1.47,48.0,0,5.5,0,0,0.0000,200000.0,3637912,3637912,656,0,2631396,3637912,3637912,3636241,3636241,2629723,0,0
1787605683,1073743936,1380360192,1073741824,3144806,0,126527,144215,3654803,1023418,1023418,6287926,10,0,2,6.5,7.8,54.9,59.0,113.9,51.0,16.3,83.7,1.29,17352,129,84.04,14.43,0.0,0.0,0.08,0.24,1.49,49.0,0,5.8,0,0,0.0000,200000.0,3654803,3654803,656,0,2631385,3654803,3654803,3653143,3653143,2629723,0,0
1787605684,1073743800,1374265344,1073741824,3216989,0,126705,144623,3671596,1040210,1040210,6432548,10,0,3,6.2,7.6,55.9,58.0,113.9,51.0,16.2,83.8,1.28,17198,108,80.45,12.05,0.0,0.0,0.08,0.23,1.44,49.0,0,5.5,0,0,0.0000,199998.0,3671596,3671596,656,0,2631386,3671596,3671596,3669936,3669936,2629723,0,0
1787605686,1073746088,1366454272,1073741824,3288886,0,126537,144014,3687935,1056562,1056562,6576561,10,1,4,5.5,8.3,50.9,63.0,113.9,24.5,16.1,83.9,1.27,16796,110,78.22,12.06,0.0,1.0,0.08,0.24,1.40,52.0,0,5.5,0,0,0.0000,200000.0,3687936,3687936,656,656,2631373,3687935,3687935,3686289,3686289,2629723,0,0
1787605687,1073745864,1361891328,1073741824,3360815,0,126161,143556,3704510,1073141,1073141,6720116,10,3,2,6.5,7.2,54.9,58.9,113.8,51.0,16.0,84.0,1.27,8487,54,39.81,6.11,0.0,0.0,0.08,0.24,0.71,25.0,0,5.5,0,0,0.0000,199999.8,3704513,3704513,656,1968,2631369,3704510,3704510,3702866,3702866,2629723,0,0
1787605688,1073743728,1357373440,1073741824,3433620,0,127419,145577,3720988,1089631,1089631,6865692,10,0,2,6.0,7.8,50.1,64.1,114.2,51.0,15.9,84.1,1.26,16959,108,79.36,12.05,0.0,0.0,0.08,0.23,1.42,46.0,1,5.5,0,0,0.0000,200000.0,3720988,3720988,656,0,2631357,3720988,3720988,3719356,3719356,2629723,0,0
1787605689,1073742888,1355755520,1073741824,3506403,0,127365,145524,3737473,1106128,1106128,7011215,10,0,0,5.7,8.4,52.2,62.1,114.3,51.0,15.8,84.2,1.26,16901,99,79.10,11.04,0.0,0.0,0.08,0.23,1.41,49.0,2,5.4,0,0,0.0000,200000.0,3737473,3737473,656,0,2631345,3737473,3737473,3735851,3735851,2629723,0,0
1787605690,1073744784,1351213056,1073741824,3578427,0,127309,144482,3753831,1122495,1122495,7155696,10,1,3,6.3,7.7,49.0,65.0,114.0,50.0,15.7,84.3,1.26,16777,110,78.88,12.06,0.0,1.0,0.08,0.23,1.40,47.0,8,5.5,0,0,0.0000,200000.0,3753832,3753832,656,656,2631336,3753831,3753831,3752221,3752221,2629723,0,0
1787605691,1073740880,1345998848,1073741824,3650625,0,127237,144490,3770016,1138686,1138686,7300185,10,0,3,6.5,7.8,52.0,62.0,114.0,51.0,15.6,84.4,1.25,16617,110,80.42,12.32,0.0,0.0,0.08,0.24,1.41,54.0,3,5.7,0,0,0.0000,199996.6,3770016,3770016,656,0,2631330,3770016,3770016,3768412,3768412,2629723,0,0
1787605692,1073743896,1343311872,1073741824,3722947,0,126881,144528,3786281,1154967,1154967,7444712,10,0,2,5.8,8.1,54.7,59.7,114.4,50.0,15.5,84.5,1.25,16646,108,77.97,12.05,0.0,0.0,0.08,0.23,1.39,46.0,3,5.5,0,0,0.0000,200000.0,3786281,3786281,656,0,2631314,3786281,3786281,3784692,3784692,2629723,0,0
1787605694,1073743680,1343102976,1073741824,3795392,0,126995,144735,3802300,1170993,1170993,7589446,10,0,0,5.8,7.4,54.0,60.0,114.0,25.0,15.4,84.6,1.25,16461,108,77.47,12.05,0.0,0.0,0.08,0.24,1.37,40.0,3,5.5,0,0,0.0000,200000.0,3802300,3802300,656,0,2631307,3802300,3802300,3800716,3800716,2629723,0,0
1787605695,1073746448,1340567552,1073741824,3867038,0,126318,143287,3818124,1186820,1186820,7732732,10,4,3,5.5,7.8,46.0,68.0,114.0,49.0,15.3,84.7,1.25,8127,49,38.01,5.52,0.0,0.0,0.08,0.23,0.68,24.0,0,5.5,0,0,0.0000,199998.8,3818128,3818128,656,2624,2631304,3818124,3818124,3816546,3816546,2629723,0,0
1787605696,1073748000,1339691008,1073741824,3938934,0,125396,144059,3833996,1202700,1202700,7876790,10,5,3,5.5,8.8,38.3,76.3,114.6,50.0,15.3,84.7,1.25,16253,110,76.25,12.06,0.0,1.0,0.08,0.24,1.36,42.0,0,5.5,0,0,0.0000,199997.4,3834001,3834001,656,3280,2631296,3833996,3833996,3832426,3832426,2629723,0,0
1787605697,1073743864,1339871232,1073741824,4013141,0,129209,147831,3850215,1218925,1218925,8024620,10,0,3,5.7,7.9,47.9,66.0,113.9,51.0,15.2,84.8,1.25,16642,99,78.28,11.04,0.0,0.0,0.08,0.23,1.39,38.0,3,5.5,0,0,0.0000,200000.0,3850215,3850215,656,0,2631290,3850215,3850215,3848651,3848651,2629723,0,0
1787605698,1073742592,1337675776,1073741824,4088226,0,131359,150023,3866779,1235489,1235489,8174642,10,0,1,6.0,8.3,51.0,63.0,114.0,51.0,15.1,84.9,1.25,16980,108,79.58,12.05,0.0,0.0,0.08,0.23,1.42,46.0,3,5.5,0,0,0.0000,199999.4,3866779,3866779,656,0,2631290,3866779,3866779,3865213,3865213,2629723,0,0
1787605699,1073744112,1342287872,1073741824,4161360,0,129784,146560,3882715,1251431,1251431,8321201,10,0,4,5.9,8.6,45.0,69.0,114.0,50.0,15.0,85.0,1.25,16390,108,79.78,12.05,0.0,0.0,0.08,0.23,1.39,48.0,0,5.7,0,0,0.0000,199999.9,3882715,3882715,656,0,2631284,3882715,3882715,3881158,3881158,2629723,0,0
1787605700,1073744032,1340600320,1073741824,4232321,0,123467,142090,3898065,1266782,1266782,8463290,10,0,2,6.4,7.8,50.7,64.7,115.4,50.0,15.0,85.0,1.25,15708,110,73.52,12.06,0.0,1.0,0.08,0.24,1.31,44.0,6,5.5,0,0,0.0000,200000.0,3898065,3898065,656,0,2631283,3898065,3898065,3896507,3896507,2629723,0,0
1787605702,1073743872,1346105344,1073741824,4302741,0,123193,141959,3913362,1282084,1282084,8605248,10,0,3,6.2,7.2,56.1,59.1,115.2,25.0,14.9,85.1,1.25,15662,101,73.43,11.32,0.0,0.0,0.08,0.24,1.30,48.0,0,5.5,0,0,0.0000,200000.0,3913362,3913362,656,0,2631278,3913362,3913362,3911810,3911810,2629723,0,0
1787605703,1073744264,1344724992,1073741824,4373522,0,124117,142865,3928786,1297515,1297515,8748112,10,0,5,5.5,8.6,48.0,67.0,115.0,49.0,14.8,85.2,1.25,7908,49,37.07,5.52,0.0,0.0,0.08,0.23,0.66,23.5,0,5.5,0,0,0.0000,199999.5,3928786,3928786,656,0,2631271,3928786,3928786,3927243,3927243,2629723,0,0
1787605704,1073744592,1349181440,1073741824,4444838,0,124177,142957,3944077,1312804,1312804,8891068,10,1,3,6.8,7.3,53.0,62.0,115.0,51.0,14.8,85.2,1.26,15628,99,73.14,11.04,0.0,0.0,0.08,0.23,1.30,47.0,2,5.5,0,0,0.0000,200000.0,3944078,3944078,656,656,2631273,3944077,3944077,3942530,3942530,2629723,0,0
1787605705,1073744208,1346945024,1073741824,4518123,0,126643,146691,3959931,1328673,1328673,9037758,10,2,1,5.4,8.4,50.1,65.1,115.2,51.0,14.7,85.3,1.25,16256,108,76.11,12.05,0.0,0.0,0.08,0.24,1.35,49.0,0,5.5,0,0,0.0000,199999.9,3959933,3959933,656,1312,2631258,3959931,3959931,3958397,3958397,2629723,0,0
1787605706,1073744624,1341136896,1073741824,4593435,0,131228,151602,3976258,1345004,1345004,9189359,10,1,4,5.4,8.7,51.8,62.8,114.6,51.0,14.6,85.4,1.25,16786,101,78.66,11.05,0.0,1.0,0.08,0.23,1.40,52.0,0,5.4,0,0,0.0000,200000.0,3976259,3976259,656,656,2631254,3976258,3976258,3974731,3974731,2629723,0,0
1787605707,1073742992,1343193088,1073741824,4668947,0,132264,151238,3992425,1361175,1361175,9340596,10,0,2,6.2,8.1,50.4,64.3,114.7,50.0,14.6,85.4,1.25,16568,117,80.82,13.05,0.0,0.0,0.08,0.23,1.42,47.0,2,5.8,0,0,0.0000,199999.9,3992425,3992425,656,0,2631250,3992424,3992424,3990899,3990899,2629723,0,0
1787605708,1073744936,1341677568,1073741824,4744479,0,132314,152002,4008537,1377289,1377289,9492597,10,0,3,5.7,8.5,51.9,62.9,114.8,52.0,14.5,85.5,1.25,16493,99,77.61,11.04,0.0,0.0,0.08,0.23,1.37,51.0,2,5.5,0,0,0.0000,200000.0,4008537,4008537,656,0,2631248,4008536,4008536,4007014,4007014,2629723,0,0
1787605710,1073743320,1340829696,1073741824,4820595,0,134290,153364,4024708,1393463,1393463,9645960,10,0,4,5.9,8.4,45.1,69.1,114.2,25.0,14.4,85.6,1.25,8298,54,39.04,6.02,0.0,0.0,0.08,0.23,0.70,25.0,0,5.5,0,0,0.0000,200000.0,4024708,4024708,656,0,2631245,4024707,4024707,4023189,4023189,2629723,0,0
1787605711,1073742560,1339744256,1073741824,4896449,0,134155,152998,4040821,1409592,1409592,9798957,10,0,1,6.4,7.7,56.1,58.1,114.2,49.0,14.4,85.6,1.25,16490,101,77.52,11.05,0.0,1.0,0.08,0.24,1.38,48.0,3,5.5,0,0,0.0000,200000.0,4040821,4040821,656,0,2631229,4040820,4040820,4039315,4039315,2629723,0,0
1787605712,1073740856,1338793984,1073741824,4972599,0,134433,152466,4056977,1425754,1425754,9951422,10,0,4,6.3,7.7,43.9,69.9,113.8,50.0,14.3,85.7,1.25,16595,108,77.49,12.05,0.0,0.0,0.08,0.23,1.39,52.0,0,5.5,0,0,0.0000,200000.0,4056977,4056977,656,0,2631223,4056976,4056976,4055480,4055480,2629723,0,0
1787605713,1073742856,1336102912,1073741824,5049205,0,135179,154308,4073131,1441922,1441922,10105729,10,0,1,5.4,9.6,41.0,73.0,114.0,51.0,14.3,85.7,1.24,16539,108,77.86,12.05,0.0,0.0,0.08,0.23,1.38,46.0,0,5.5,0,0,0.0000,200000.0,4073131,4073131,656,0,2631209,4073130,4073130,4071645,4071645,2629723,0,0
1787605714,1073747376,1333600256,1073741824,5125586,0,135946,154236,4089311,1458104,1458104,10259964,10,7,3,6.5,8.3,53.9,59.9,113.8,51.0,14.2,85.8,1.24,16599,99,77.91,11.04,0.0,0.0,0.08,0.24,1.38,39.0,6,5.5,0,0,0.0000,199996.9,4089318,4089318,656,4592,2631207,4089310,4089310,4087829,4087829,2629723,0,0
1787605715,1073743872,1334685696,1073741824,5199746,0,132419,148225,4105042,1473837,1473837,10408188,10,0,1,5.1,9.6,42.9,70.9,113.8,50.0,14.2,85.8,1.24,16120,119,78.79,13.06,0.0,1.0,0.08,0.23,1.37,39.0,2,5.8,0,0,0.0000,200000.0,4105042,4105042,656,0,2631205,4105041,4105041,4103560,4103560,2629723,0,0
1787605716,1073742344,1331908608,1073741824,5276735,0,132083,154728,4121195,1489990,1489990,10562915,10,0,2,6.4,7.9,50.8,63.9,114.7,51.0,14.1,85.9,1.24,16499,99,77.51,11.04,0.0,0.0,0.08,0.24,1.38,54.0,5,5.5,0,0,0.0000,200000.0,4121195,4121195,656,0,2631205,4121194,4121194,4119714,4119714,2629723,0,0
1787605718,1073743680,1335578624,1073741824,5353188,0,135444,154057,4137251,1506042,1506042,10716971,10,1,0,5.9,7.9,44.9,68.9,113.8,24.5,14.1,85.9,1.24,16496,108,77.20,12.05,0.0,0.0,0.08,0.23,1.38,43.0,3,5.5,0,0,0.0000,200000.0,4137252,4137251,656,0,2631209,4137250,4137250,4135764,4135764,2629723,0,0
1787605719,1073743856,1333395456,1073741824,5429613,0,134269,152725,4152988,1521784,1521784,10869695,10,0,1,5.9,8.2,47.4,66.4,113.8,50.0,14.0,86.0,1.24,8044,49,37.88,5.52,0.0,0.0,0.08,0.23,0.67,25.5,1,5.5,0,0,0.0000,200000.0,4152988,4152988,656,0,2631204,4152987,4152987,4151507,4151507,2629723,0,0
1787605720,1073743064,1336934400,1073741824,5501889,0,127773,144694,4168194,1536993,1536993,11014388,10,0,1,6.4,7.6,51.6,63.6,115.2,50.0,14.0,86.0,1.25,15522,90,73.25,10.04,0.0,0.0,0.08,0.23,1.29,47.0,0,5.5,0,0,0.0000,200000.0,4168194,4168194,656,0,2631201,4168193,4168193,4166716,4166716,2629723,0,0
1787605721,1073744232,1335050240,1073741824,5574309,0,125637,144604,4183309,1552119,1552119,11158991,10,1,0,5.3,8.4,47.0,68.0,115.0,48.0,13.9,86.1,1.24,15503,101,73.20,11.05,0.0,1.0,0.08,0.23,1.30,50.0,0,5.5,0,0,0.0000,200000.0,4183310,4183309,656,0,2631190,4183308,4183308,4181841,4181841,2629723,0,0
1787605722,1073742968,1333178368,1073741824,5647427,0,126444,145841,4198490,1567299,1567299,11304831,10,0,1,5.8,8.5,56.0,59.0,115.0,51.0,13.9,86.1,1.24,15520,99,73.31,11.04,0.0,0.0,0.08,0.24,1.29,45.0,0,5.5,0,0,0.0000,199999.6,4198490,4198490,656,0,2631191,4198489,4198489,4197022,4197022,2629723,0,0
1787605723,1073742800,1336717312,1073741824,5720189,0,125947,145142,4213520,1582336,1582336,11449972,10,0,2,6.1,7.3,49.2,66.2,115.4,49.0,13.8,86.2,1.24,15407,108,75.71,12.05,0.0,0.0,0.08,0.23,1.31,46.0,0,5.8,0,0,0.0000,200000.0,4213520,4213520,656,0,2631184,4213519,4213519,4212060,4212060,2629723,0,0
1787605724,1073741832,1335119872,1073741824,5792899,0,125991,144991,4228681,1597502,1597502,11594962,10,0,2,5.7,8.0,50.1,65.1,115.2,50.0,13.8,86.2,1.24,15519,99,73.39,11.04,0.0,0.0,0.08,0.23,1.30,48.0,0,5.5,0,0,0.0000,200000.0,4228681,4228681,656,0,2631179,4228680,4228680,4227226,4227226,2629723,0,0
1787605726,1073743632,1339838464,1073741824,5868567,0,130357,150847,4244447,1613272,1613272,11745808,10,0,3,7.1,7.1,59.7,54.8,114.5,24.5,13.7,86.3,1.25,8066,55,38.13,6.07,0.0,1.0,0.08,0.24,0.68,22.5,0,5.6,0,0,0.0000,200000.0,4244447,4244447,656,0,2631175,4244446,4244446,4242997,4242997,2629723,0,0
1787605727,1073743152,1338814464,1073741824,5944961,0,133069,152362,4260142,1628973,1628973,11898169,10,0,5,6.4,7.6,56.2,58.2,114.4,51.0,13.7,86.3,1.25,16079,99,75.46,11.04,0.0,0.0,0.08,0.23,1.35,53.0,3,5.5,0,0,0.0000,200000.0,4260142,4260142,656,0,2631169,4260141,4260141,4258700,4258700,2629723,0,0
1787605728,1073742560,1338359808,1073741824,6021432,0,133942,152983,4275848,1644691,1644691,12051151,10,0,2,4.8,8.9,48.1,66.1,114.2,50.0,13.6,86.4,1.25,16041,99,75.82,11.04,0.0,0.0,0.08,0.23,1.34,45.0,0,5.5,0,0,0.0000,200000.0,4275848,4275848,656,0,2631157,4275847,4275847,4274415,4274415,2629723,0,0
1787605729,1073745512,1340563456,1073741824,6097772,0,134656,152567,4291385,1660234,1660234,12203717,10,3,2,5.9,8.4,45.9,67.9,113.8,51.0,13.6,86.4,1.25,15903,108,75.04,12.05,0.0,0.0,0.08,0.23,1.34,48.0,0,5.6,0,0,0.0000,199998.7,4291388,4291388,656,1968,2631151,4291384,4291384,4289958,4289958,2629723,0,0
1787605730,1073743744,1339568128,1073741824,6174270,0,134289,152862,4307320,1676167,1676167,12356578,11,0,5,6.4,9.2,48.9,64.9,113.8,49.0,13.6,86.4,1.25,16303,99,76.85,11.04,0.0,0.0,0.08,0.23,1.36,44.0,3,5.5,0,0,0.0000,200000.0,4307320,4307320,656,0,2631153,4307319,4307319,4305894,4305894,2629723,0,0
1787605731,1073742712,1342976000,1073741824,6250973,0,134681,153242,4323198,1692042,1692042,12509819,11,0,3,6.1,8.0,48.0,66.0,114.0,51.0,13.5,86.5,1.25,16247,119,80.07,13.06,0.0,1.0,0.08,0.23,1.40,46.0,0,5.8,0,0,0.0000,200000.0,4323198,4323198,656,0,2631156,4323197,4323197,4321767,4321767,2629723,0,0
1787605732,1073743176,1342246912,1073741824,6326386,0,131829,150323,4338737,1707586,1707586,12660141,11,0,1,5.5,8.1,47.9,66.9,114.8,50.0,13.5,86.5,1.25,15853,90,75.00,10.04,0.0,0.0,0.08,0.23,1.32,42.0,4,5.5,0,0,0.0000,200000.0,4338737,4338737,656,0,2631151,4338736,4338736,4337309,4337309,2629723,0,0
1787605734,1073742944,1345216512,1073741824,6403736,0,135074,154081,4354583,1723436,1723436,12814221,11,3,5,6.1,8.3,55.4,58.4,113.8,25.0,13.4,86.6,1.25,8108,54,38.17,6.02,0.0,0.0,0.08,0.24,0.68,24.5,0,5.5,0,0,0.0000,199997.3,4354586,4354586,656,1968,2631147,4354582,4354582,4353163,4353163,2629723,0,0
1787605735,1073744272,1348231168,1073741824,6478659,0,133138,150771,4369998,1738849,1738849,12964991,11,2,1,5.9,8.0,48.7,65.7,114.4,50.0,13.4,86.6,1.26,15782,99,74.63,11.04,0.0,0.0,0.08,0.23,1.33,52.0,6,5.5,0,0,0.0000,199999.8,4370000,4370000,656,1312,2631149,4369997,4369997,4368572,4368572,2629723,0,0
1787605736,1073742832,1347788800,1073741824,6551830,0,127332,145955,4385052,1753896,1753896,13110945,11,0,2,6.2,8.1,52.9,61.9,114.8,50.0,13.4,86.6,1.26,15405,101,73.01,11.05,0.0,1.0,0.08,0.23,1.30,48.0,0,5.6,0,0,0.0000,200000.0,4385052,4385052,656,0,2631156,4385051,4385051,4383620,4383620,2629723,0,0
1787605737,1073743520,1350541312,1073741824,6624077,0,126019,144291,4400136,1768994,1768994,13255235,11,0,2,5.5,8.1,47.0,68.0,115.0,50.0,13.3,86.7,1.26,15439,99,73.24,11.04,0.0,0.0,0.08,0.23,1.29,44.0,2,5.6,0,0,0.0000,199999.1,4400136,4400136,656,0,2631142,4400135,4400135,4398718,4398718,2629723,0,0
1787605738,1073743192,1353293824,1073741824,6697147,0,126393,145552,4415199,1784067,1784067,13400786,11,0,2,6.6,7.4,51.4,63.4,114.8,50.0,13.3,86.7,1.26,15414,99,72.80,11.04,0.0,0.0,0.08,0.23,1.29,50.0,0,5.5,0,0,0.0000,200000.0,4415199,4415199,656,0,2631132,4415198,4415198,4413791,4413791,2629723,0,0
1787605739,1073743368,1349783552,1073741824,6769779,0,126471,145528,4430125,1798995,1798995,13546313,11,0,2,6.1,8.1,48.0,67.0,115.0,49.0,13.3,86.7,1.26,15238,108,75.81,12.05,0.0,0.0,0.08,0.24,1.32,51.0,3,5.9,0,0,0.0000,200000.0,4430125,4430125,656,0,2631130,4430124,4430124,4428719,4428719,2629723,0,0
1787605740,1073743824,1352126464,1073741824,6843983,0,127957,148607,4445180,1814049,1814049,13694919,11,0,3,6.3,8.0,56.6,58.6,115.2,50.0,13.2,86.8,1.26,15424,101,73.39,11.05,0.0,1.0,0.08,0.24,1.31,53.0,4,5.6,0,0,0.0000,200000.0,4445180,4445180,656,0,2631131,4445179,4445179,4443774,4443774,2629723,0,0
1787605742,1073743648,1355272192,1073741824,6919623,0,131997,151773,4460648,1829528,1829528,13846691,11,0,3,6.0,8.4,49.3,65.3,114.6,24.5,13.2,86.8,1.26,7918,49,37.45,5.52,0.0,0.0,0.08,0.23,0.67,28.0,0,5.5,0,0,0.0000,200000.0,4460648,4460648,656,0,2631120,4460647,4460647,4459253,4459253,2629723,0,0
1787605743,1073744096,1358024704,1073741824,6995391,0,133367,151920,4476286,1845168,1845168,13998610,11,0,5,4.5,9.1,42.6,71.6,114.2,51.0,13.2,86.8,1.26,16007,99,75.94,11.04,0.0,0.0,0.08,0.23,1.36,34.0,0,5.5,0,0,0.0000,199999.9,4476286,4476286,656,0,2631118,4476285,4476285,4474895,4474895,2629723,0,0
1787605744,1073742856,1351806976,1073741824,7071603,0,133964,152831,4492238,1861111,1861111,14151440,11,0,2,6.3,8.5,49.1,65.1,114.2,50.0,13.2,86.8,1.26,16262,108,77.16,12.05,0.0,0.0,0.08,0.23,1.38,45.0,0,5.6,0,0,0.0000,200000.0,4492238,4492238,656,0,2631127,4492237,4492237,4490835,4490835,2629723,0,0
1787605745,1073743360,1354690560,1073741824,7148901,0,135441,155051,4508070,1876956,1876956,14306490,11,0,2,6.0,7.5,55.1,59.1,114.2,49.0,13.1,86.9,1.26,16217,99,76.81,11.04,0.0,0.0,0.08,0.23,1.38,49.0,0,5.5,0,0,0.0000,200000.0,4508070,4508070,656,0,2631114,4508069,4508069,4506680,4506680,2629723,0,0
1787605746,1073743840,1356914688,1073741824,7225967,0,135982,154049,4523919,1892810,1892810,14460538,11,0,3,6.3,7.9,48.9,64.9,113.8,50.0,13.1,86.9,1.26,16241,101,76.77,11.05,0.0,1.0,0.08,0.23,1.38,41.0,0,5.5,0,0,0.0000,200000.0,4523919,4523919,656,0,2631109,4523918,4523918,4522535,4522535,2629723,0,0
1787605747,1073745384,1356001280,1073741824,7301802,0,134530,151673,4539423,1908318,1908318,14612210,11,1,5,5.5,9.3,46.0,68.0,114.0,51.0,13.1,86.9,1.26,15872,118,78.91,13.25,0.0,1.0,0.09,0.24,1.38,42.0,0,5.9,0,0,0.0000,200000.0,4539424,4539424,656,656,2631105,4539422,4539422,4538045,4538045,2629723,0,0
1787605748,1073743496,1358753792,1073741824,7379617,0,134014,155688,4555103,1924007,1924007,14767897,11,1,0,6.3,7.7,52.3,62.3,114.6,49.0,13.0,87.0,1.27,15992,99,75.96,11.04,0.0,0.0,0.08,0.23,1.35,56.0,0,5.5,0,0,0.0000,200000.0,4555104,4555103,656,0,2631096,4555102,4555102,4553729,4553729,2629723,0,0
1787605750,1073742576,1361375232,1073741824,7457112,0,136365,154979,4570913,1939815,1939815,14922875,11,3,6,5.9,8.1,50.9,63.0,113.9,25.0,13.0,87.0,1.27,8068,49,38.10,5.52,0.0,0.0,0.08,0.24,0.68,20.5,0,5.5,0,0,0.0000,199995.6,4570916,4570916,656,1968,2631098,4570912,4570912,4569543,4569543,2629723,0,0
1787605751,1073743768,1359159296,1073741824,7532202,0,133388,150157,4586376,1955272,1955272,15073031,11,0,8,5.8,8.6,49.9,63.9,113.8,49.0,13.0,87.0,1.27,15788,110,74.95,12.06,0.0,1.0,0.08,0.23,1.34,52.0,0,5.6,0,0,0.0000,199997.1,4586376,4586376,656,0,2631104,4586375,4586375,4585002,4585002,2629723,0,0
1787605752,1073744008,1361248256,1073741824,7607240,0,131969,150255,4601827,1970733,1970733,15223285,11,0,2,6.5,7.7,52.9,60.9,113.8,48.0,12.9,87.1,1.27,15768,99,75.30,11.04,0.0,0.0,0.08,0.23,1.33,47.0,2,5.6,0,0,0.0000,200000.0,4601827,4601827,656,0,2631094,4601826,4601826,4600457,4600457,2629723,0,0
1787605753,1073742472,1363738624,1073741824,7680311,0,129299,146228,4616573,1985477,1985477,15369512,11,0,3,6.1,7.8,50.1,64.1,114.2,50.0,12.9,87.1,1.27,15073,99,71.96,11.04,0.0,0.0,0.08,0.23,1.28,44.0,0,5.6,0,0,0.0000,199998.6,4616573,4616573,656,0,2631096,4616572,4616572,4615202,4615202,2629723,0,0
1787605754,1073743328,1366097920,1073741824,7751594,0,124241,142725,4630982,1999894,1999894,15512236,11,0,3,6.1,7.6,41.0,74.0,115.0,48.0,12.9,87.1,1.27,14771,90,70.50,10.04,0.0,0.0,0.08,0.22,1.24,44.0,4,5.5,0,0,0.0000,200000.0,4630982,4630982,656,0,2631088,4630981,4630981,4629619,4629619,2629723,0,0
1787605755,1073743840,1368477696,1073741824,7822506,0,123321,141651,4645398,2014299,2014299,15653886,11,0,2,6.1,7.9,54.0,61.0,115.0,49.0,12.9,87.1,1.27,14778,110,74.13,12.06,0.0,1.0,0.08,0.24,1.28,43.0,3,5.9,0,0,0.0000,200000.0,4645398,4645398,656,0,2631099,4645397,4645397,4644023,4644023,2629723,0,0
1787605756,1073746544,1370292224,1073741824,7895001,0,125139,145183,4660163,2029073,2029073,15799068,11,4,2,6.4,7.6,55.6,59.7,115.3,50.0,12.8,87.2,1.28,15105,90,72.00,10.04,0.0,0.0,0.08,0.23,1.28,49.0,0,5.5,0,0,0.0000,199999.2,4660167,4660167,656,2624,2631090,4660162,4660162,4658797,4658797,2629723,0,0
1787605758,1073745488,1372651520,1073741824,7967263,0,125728,144840,4674888,2043804,2043804,15943907,11,0,6,6.2,7.6,48.1,67.2,115.3,24.5,12.8,87.2,1.28,7540,49,36.10,5.52,0.0,0.0,0.08,0.23,0.64,22.0,0,5.6,0,0,0.0000,200000.0,4674888,4674888,656,0,2631084,4674887,4674887,4673532,4673532,2629723,0,0
1787605759,1073743168,1366134784,1073741824,8040952,0,127280,147684,4689833,2058757,2058757,16091590,11,0,2,6.1,6.9,47.2,68.2,115.4,49.0,12.8,87.2,1.27,15281,99,73.11,11.04,0.0,0.0,0.08,0.23,1.29,45.0,0,5.6,0,0,0.0000,200000.0,4689833,4689833,656,0,2631076,4689832,4689832,4688481,4688481,2629723,0,0
1787605760,1073743096,1368756224,1073741824,8116061,0,130944,150555,4705315,2074252,2074252,16242144,11,0,1,6.5,7.8,52.8,61.8,114.6,50.0,12.8,87.2,1.27,15800,99,75.47,11.04,0.0,0.0,0.08,0.23,1.33,53.0,3,5.6,0,0,0.0000,199999.6,4705315,4705315,656,0,2631063,4705314,4705314,4703975,4703975,2629723,0,0
1787605761,1073743824,1371115520,1073741824,8192082,0,133161,152480,4720714,2089650,2089650,16394623,11,0,5,6.1,7.7,58.1,56.1,114.2,49.0,12.7,87.3,1.28,15740,110,74.98,12.06,1.0,1.0,0.08,0.23,1.34,61.0,5,5.6,0,0,0.0000,200000.0,4720714,4720714,656,0,2631064,4720713,4720713,4719377,4719377,2629723,0,0
1787605762,1073743064,1361682432,1073741824,8268725,0,134646,153763,4736319,2105258,2105258,16548385,11,0,1,5.4,9.1,47.0,67.0,114.0,51.0,12.7,87.3,1.27,15950,99,75.80,11.04,0.0,0.0,0.08,0.23,1.35,46.0,5,5.5,0,0,0.0000,200000.0,4736319,4736319,656,0,2631061,4736318,4736318,4734981,4734981,2629723,0,0
1787605763,1073743864,1368629248,1073741824,8344337,0,134070,151672,4751670,2120596,2120596,16700056,11,0,3,5.9,8.1,50.0,64.0,114.0,49.0,12.7,87.3,1.27,15728,117,79.00,13.05,0.0,0.0,0.09,0.23,1.37,45.0,0,5.9,0,0,0.0000,200000.0,4751670,4751670,656,0,2631074,4751669,4751669,4750321,4750321,2629723,0,0
1787605764,1073743624,1365704704,1073741824,8421755,0,134359,155324,4767235,2136165,2136165,16855379,12,1,0,6.0,8.3,52.2,62.2,114.4,49.0,12.7,87.3,1.27,15905,99,76.02,11.04,0.0,0.0,0.08,0.23,1.35,51.0,0,5.6,0,0,0.0000,200000.0,4767236,4767235,656,0,2631070,4767234,4767234,4765887,4765887,2629723,0,0
1787605766,1073743232,1367932928,1073741824,8499156,0,136517,155155,4782899,2151823,2151823,17010533,12,0,1,6.7,7.4,51.9,61.9,113.8,25.0,12.6,87.4,1.27,7992,50,38.09,5.53,0.0,0.5,0.08,0.23,0.68,24.0,3,5.6,0,0,0.0000,200000.0,4782899,4782899,656,0,2631076,4782898,4782898,4781546,4781546,2629723,0,0
1787605767,1073744232,1364447232,1073741824,8571890,0,131734,146129,4797885,2166813,2166813,17156661,12,0,6,5.9,8.2,48.0,66.0,114.0,50.0,12.6,87.4,1.27,15321,99,73.07,11.04,0.0,0.0,0.08,0.24,1.30,45.0,2,5.6,0,0,0.0000,199997.8,4797885,4797885,656,0,2631072,4797884,4797884,4796541,4796541,2629723,0,0
1787605768,1073743408,1361223680,1073741824,8644582,0,126511,145850,4812441,2181381,2181381,17302510,12,0,1,6.2,8.6,48.7,66.7,115.4,48.0,12.6,87.4,1.27,14857,90,71.09,10.04,0.0,0.0,0.08,0.22,1.25,55.0,0,5.6,0,0,0.0000,200000.0,4812441,4812441,656,0,2631060,4812440,4812440,4811104,4811104,2629723,0,0
1787605769,1073741992,1363320832,1073741824,8717874,0,127254,146958,4827238,2196176,2196176,17449467,12,0,3,5.6,8.3,47.1,68.1,115.2,49.0,12.6,87.4,1.27,15083,99,71.91,11.04,0.0,0.0,0.08,0.24,1.28,49.0,0,5.6,0,0,0.0000,200000.0,4827238,4827238,656,0,2631062,4827237,4827237,4825901,4825901,2629723,0,0
1787605770,1073742880,1360388096,1073741824,8790649,0,126847,146142,4841932,2210868,2210868,17595608,12,0,3,6.3,7.9,60.2,55.2,115.4,50.0,12.6,87.4,1.27,15058,117,76.49,13.05,0.0,0.0,0.09,0.23,1.32,54.0,0,6.0,0,0,0.0000,199999.6,4841932,4841932,656,0,2631064,4841931,4841931,4840593,4840593,2629723,0,0
1787605771,1073741800,1362485248,1073741824,8866002,0,129500,151398,4857168,2226108,2226108,17747005,12,0,3,6.1,8.0,50.6,64.6,115.2,49.0,12.5,87.5,1.27,15576,101,74.23,11.05,0.0,1.0,0.08,0.23,1.32,46.0,1,5.6,0,0,0.0000,200000.0,4857168,4857168,656,0,2631060,4857167,4857167,4855833,4855833,2629723,0,0
1787605773,1073743200,1360252928,1073741824,8943279,0,135419,155094,4872745,2241683,2241683,17902098,12,0,4,5.7,9.4,53.0,61.0,114.0,25.5,12.5,87.5,1.27,15916,99,76.23,11.04,0.0,0.0,0.08,0.23,1.35,52.0,3,5.6,0,0,0.0000,200000.0,4872745,4872745,656,0,2631062,4872744,4872744,4871409,4871409,2629723,0,0
1787605774,1073743720,1358045184,1073741824,9020224,0,134866,154041,4888329,2257269,2257269,18056138,12,1,1,6.3,8.1,47.2,67.2,114.4,49.0,12.5,87.5,1.26,7956,54,38.30,6.02,0.0,0.0,0.08,0.23,0.68,25.0,0,5.7,0,0,0.0000,200000.0,4888330,4888329,656,0,2631060,4888328,4888328,4886992,4886992,2629723,0,0
1787605775,1073743184,1360142336,1073741824,9097689,0,135142,155382,4903900,2272844,2272844,18211519,12,0,1,6.4,7.4,51.8,62.8,114.6,51.0,12.5,87.5,1.27,15895,99,75.95,11.04,0.0,0.0,0.08,0.23,1.35,43.0,0,5.6,0,0,0.0000,200000.0,4903900,4903900,656,0,2631056,4903899,4903899,4902567,4902567,2629723,0,0
1787605776,1073745208,1358073856,1073741824,9174218,0,133828,152557,4919240,2288181,2288181,18364075,12,0,5,5.5,8.9,43.2,71.3,114.5,48.0,12.5,87.5,1.26,15705,101,75.13,11.05,0.0,1.0,0.08,0.23,1.34,41.0,0,5.6,0,0,0.0000,199997.5,4919240,4919240,656,0,2631059,4919239,4919239,4917908,4917908,2629723,0,0
1787605777,1073742752,1360039936,1073741824,9250593,0,133229,153114,4934778,2303725,2303725,18517188,12,0,2,6.4,8.1,47.9,66.9,114.8,51.0,12.4,87.6,1.27,15816,99,75.64,11.04,0.0,0.0,0.08,0.23,1.34,50.0,0,5.6,0,0,0.0000,200000.0,4934778,4934778,656,0,2631053,4934777,4934777,4933449,4933449,2629723,0,0
1787605778,1073744320,1357443072,1073741824,9328509,0,136068,155765,4950575,2319517,2319517,18672952,12,0,2,6.4,8.0,50.2,64.2,114.4,50.0,12.4,87.6,1.26,16161,117,81.55,13.05,0.0,0.0,0.09,0.23,1.42,56.0,1,6.0,0,0,0.0000,200000.0,4950575,4950575,656,0,2631058,4950574,4950574,4949241,4949241,2629723,0,0
1787605779,1073742464,1354395648,1073741824,9405845,0,135926,154686,4966044,2334990,2334990,18827637,12,0,1,6.5,7.2,56.6,57.6,114.2,51.0,12.4,87.6,1.26,15854,99,76.25,11.04,0.0,0.0,0.08,0.22,1.35,45.0,5,5.6,0,0,0.0000,200000.0,4966044,4966044,656,0,2631054,4966043,4966043,4964713,4964713,2629723,0,0
1787605781,1073744160,1356361728,1073741824,9483282,0,136583,155279,4981710,2350652,2350652,18982915,12,0,3,6.3,7.6,58.0,56.0,114.0,24.0,12.4,87.6,1.26,15926,108,76.11,12.05,0.0,0.0,0.08,0.23,1.35,49.0,0,5.6,0,0,0.0000,200000.0,4981710,4981710,656,0,2631058,4981709,4981709,4980377,4980377,2629723,0,0
1787605782,1073743064,1353154560,1073741824,9560849,0,136369,155250,4997457,2366398,2366398,19138164,12,0,2,6.8,8.1,52.0,62.0,114.0,51.0,12.4,87.6,1.26,8045,50,38.59,5.53,0.0,0.5,0.08,0.22,0.68,25.5,0,5.6,0,0,0.0000,200000.0,4997457,4997457,656,0,2631059,4997456,4997456,4996122,4996122,2629723,0,0
1787605783,1073742168,1355251712,1073741824,9635643,0,133141,149568,5012644,2381588,2381588,19287731,12,0,3,6.5,7.1,63.9,49.9,113.8,50.0,12.3,87.7,1.26,15532,108,74.47,12.05,0.0,0.0,0.08,0.23,1.33,55.0,0,5.7,0,0,0.0000,200000.0,5012644,5012644,656,0,2631056,5012643,5012643,5011313,5011313,2629723,0,0
1787605784,1073742824,1351913472,1073741824,9708436,0,127115,146139,5027511,2396454,2396454,19433869,12,0,2,5.9,8.0,53.1,62.1,115.2,49.0,12.3,87.7,1.26,15158,99,72.91,11.04,0.0,0.0,0.08,0.23,1.29,45.0,4,5.6,0,0,0.0000,200000.0,5027511,5027511,656,0,2631057,5027510,5027510,5026178,5026178,2629723,0,0
1787605785,1073743048,1349001216,1073741824,9781777,0,127460,147104,5042518,2411473,2411473,19580972,12,0,3,5.2,9.0,40.1,75.2,115.3,50.0,12.3,87.7,1.26,15354,99,73.98,11.04,0.0,0.0,0.08,0.23,1.30,38.0,3,5.6,0,0,0.0000,199997.8,5042518,5042518,656,0,2631045,5042517,5042517,5041198,5041198,2629723,0,0
1787605786,1073742240,1350836224,1073741824,9855106,0,127592,146898,5057300,2426258,2426258,19727869,12,0,2,5.8,8.0,48.1,67.1,115.2,50.0,12.3,87.7,1.26,15107,101,77.19,11.05,0.0,1.0,0.09,0.23,1.34,40.0,1,5.9,0,0,0.0000,200000.0,5057300,5057300,656,0,2631042,5057299,5057299,5055982,5055982,2629723,0,0
1787605787,1073743032,1347952640,1073741824,9930608,0,129803,151327,5072396,2441355,2441355,19879195,12,0,4,6.0,8.1,52.1,63.1,115.2,50.0,12.3,87.7,1.26,15413,99,74.29,11.04,0.0,0.0,0.08,0.23,1.32,47.0,1,5.6,0,0,0.0000,199999.7,5072396,5072396,656,0,2631041,5072395,5072395,5071081,5071081,2629723,0,0
1787605789,1073744856,1349365760,1073741824,10007935,0,135337,154969,5088030,2456995,2456995,20034163,12,3,1,5.9,8.3,46.9,66.9,113.8,24.5,12.3,87.7,1.26,7954,54,38.22,6.02,0.0,0.0,0.08,0.23,0.68,23.5,2,5.7,0,0,0.0000,200000.0,5088033,5088033,656,1968,2631035,5088029,5088029,5086718,5086718,2629723,0,0
1787605790,1073748584,1346613248,1073741824,10085418,0,135535,154809,5103692,2472656,2472656,20188971,12,7,3,4.9,9.5,38.6,75.6,114.2,50.0,12.2,87.8,1.25,15982,108,76.67,12.05,0.0,0.0,0.08,0.23,1.37,45.0,0,5.6,0,0,0.0000,200000.0,5103699,5103698,656,3936,2631036,5103691,5103691,5102381,5102381,2629723,0,0
1787605791,1073744904,1348276224,1073741824,10163572,0,136150,155847,5119342,2488315,2488315,20344817,12,3,1,6.0,7.4,55.4,58.4,113.8,49.0,12.2,87.8,1.26,15977,101,76.56,11.05,0.0,1.0,0.08,0.24,1.36,43.0,0,5.6,0,0,0.0000,200000.0,5119345,5119345,656,1968,2631027,5119341,5119341,5118038,5118038,2629723,0,0
1787605792,1073744384,1345785856,1073741824,10241341,0,136170,155262,5135044,2504024,2504024,20500078,12,2,1,5.7,7.8,48.6,65.6,114.2,50.0,12.2,87.8,1.25,16053,108,77.18,12.05,0.0,0.0,0.08,0.23,1.37,50.0,0,5.7,0,0,0.0000,199999.7,5135046,5135044,656,0,2631020,5135043,5135043,5133747,5133747,2629723,0,0
1787605793,1073742864,1342906368,1073741824,10318994,0,135984,155061,5150641,2519620,2519620,20655138,12,0,2,5.9,8.5,51.0,63.0,114.0,51.0,12.2,87.8,1.25,15929,99,76.34,11.04,0.0,0.0,0.08,0.23,1.36,47.0,0,5.6,0,0,0.0000,199999.3,5150641,5150641,656,0,2631021,5150640,5150640,5149344,5149344,2629723,0,0
1787605794,1073742152,1339641856,1073741824,10397053,0,136401,156194,5166353,2535332,2535332,20811331,12,0,0,5.9,8.0,47.2,67.2,114.4,50.0,12.2,87.8,1.25,16077,117,81.79,13.05,0.0,0.0,0.09,0.23,1.46,42.0,0,6.0,0,0,0.0000,200000.0,5166353,5166353,656,0,2631021,5166352,5166352,5165054,5165054,2629723,0,0
1787605795,1073744544,1342279680,1073741824,10474072,0,135880,154214,5181884,2550864,2550864,20965544,12,0,4,6.6,8.1,49.2,65.2,114.4,49.0,12.2,87.8,1.25,15828,99,76.13,11.04,0.0,0.0,0.08,0.23,1.35,56.0,4,5.6,0,0,0.0000,200000.0,5181884,5181884,656,0,2631020,5181883,5181883,5180590,5180590,2629723,0,0
1787605797,1073743104,1344114688,1073741824,10551166,0,133931,154098,5197367,2566352,2566352,21119641,12,0,1,6.1,8.1,57.6,57.6,115.2,25.0,12.2,87.8,1.25,7909,50,38.08,5.53,0.0,0.5,0.08,0.24,0.68,23.5,0,5.6,0,0,0.0000,200000.0,5197367,5197367,656,0,2631015,5197366,5197366,5196075,5196075,2629723,0,0
1787605798,1073743568,1340833792,1073741824,10628061,0,135049,153669,5212875,2581867,2581867,21273309,12,0,2,6.0,8.3,48.1,66.1,114.2,50.0,12.1,87.9,1.25,15862,108,76.51,12.05,0.0,0.0,0.08,0.23,1.35,48.0,0,5.7,0,0,0.0000,199999.8,5212875,5212875,656,0,2631008,5212874,5212874,5211591,5211591,2629723,0,0
1787605799,1073744272,1338531840,1073741824,10704982,0,135407,154382,5228501,2597497,2597497,21427690,12,1,1,6.3,7.9,56.1,58.1,114.2,50.0,12.1,87.9,1.25,15953,99,76.58,11.04,0.0,0.0,0.08,0.23,1.36,54.0,2,5.6,0,0,0.0000,200000.0,5228502,5228502,656,656,2631004,5228500,5228500,5227220,5227220,2629723,0,0
1787605800,1073743256,1339842560,1073741824,10778442,0,129582,146630,5243232,2612221,2612221,21574319,12,0,1,6.3,7.5,48.9,66.9,115.8,50.0,12.1,87.9,1.25,15020,99,72.67,11.04,0.0,0.0,0.08,0.23,1.28,44.0,0,5.7,0,0,0.0000,200000.0,5243232,5243232,656,0,2631011,5243231,5243231,5241944,5241944,2629723,0,0
1787605801,1073745200,1337528320,1073741824,10851815,0,127578,147056,5257770,2626759,2626759,21721374,12,3,2,6.1,7.1,59.1,56.1,115.2,49.0,12.1,87.9,1.25,14818,101,71.46,11.05,0.0,1.0,0.08,0.23,1.27,41.0,0,5.7,0,0,0.0000,200000.0,5257773,5257773,656,1968,2631011,5257769,5257769,5256483,5256483,2629723,0,0
1787605802,1073742704,1339101184,1073741824,10925212,0,127697,146771,5272418,2641405,2641405,21868144,12,0,4,6.5,8.3,54.1,61.1,115.2,50.0,12.1,87.9,1.25,14974,117,77.30,13.05,0.0,0.0,0.09,0.24,1.35,53.0,5,6.1,0,0,0.0000,200000.0,5272418,5272418,656,0,2631013,5272417,5272417,5271131,5271131,2629723,0,0
1787605803,1073743696,1337131008,1073741824,10998510,0,127584,147204,5287178,2656168,2656168,22015347,12,1,0,5.3,9.3,48.1,67.1,115.2,50.0,12.1,87.9,1.25,15017,90,72.66,10.04,0.0,0.0,0.08,0.22,1.27,35.0,0,5.6,0,0,0.0000,200000.0,5287179,5287178,656,0,2631010,5287177,5287177,5285890,5285890,2629723,0,0
1787605805,1073741536,1336279040,1073741824,11075259,0,133271,154262,5302648,2671634,2671634,22169608,12,0,1,5.8,8.0,45.6,68.5,114.1,25.0,12.1,87.9,1.24,7895,49,38.05,5.52,0.0,0.0,0.08,0.23,0.68,19.5,1,5.6,0,0,0.0000,200000.0,5302648,5302648,656,0,2631014,5302647,5302647,5301357,5301357,2629723,0,0
1787605806,1073743416,1332592640,1073741824,11152243,0,135795,154247,5318428,2687416,2687416,22323854,12,0,3,5.5,8.5,49.4,64.4,113.8,50.0,12.0,88.0,1.24,16100,108,77.78,12.05,0.0,0.0,0.08,0.23,1.37,50.0,2,5.7,0,0,0.0000,199999.7,5318428,5318428,656,0,2631012,5318427,5318427,5317141,5317141,2629723,0,0
1787605807,1073742984,1339269120,1073741824,11229409,0,134997,154255,5333844,2702842,2702842,22478108,12,0,1,5.7,8.4,43.6,70.6,114.2,50.0,12.0,88.0,1.25,15794,101,76.26,11.05,0.0,1.0,0.08,0.23,1.35,42.0,3,5.6,0,0,0.0000,200000.0,5333844,5333844,656,0,2631002,5333843,5333843,5332565,5332565,2629723,0,0
1787605808,1073742512,1334390784,1073741824,11305527,0,134464,153181,5349337,2718328,2718328,22631288,12,0,1,5.8,8.8,47.0,67.0,114.0,50.0,12.0,88.0,1.24,15779,108,75.99,12.05,0.0,0.0,0.08,0.23,1.36,54.0,0,5.7,0,0,0.0000,199999.3,5349337,5349337,656,0,2631009,5349336,5349336,5348051,5348051,2629723,0,0
1787605809,1073743400,1335832576,1073741824,11380349,0,133323,150625,5364564,2733560,2733560,22781912,12,0,1,5.4,7.8,41.9,71.9,113.8,49.0,12.0,88.0,1.24,15513,99,74.63,11.04,0.0,0.0,0.08,0.23,1.33,37.0,1,5.6,0,0,0.0000,200000.0,5364564,5364564,656,0,2631004,5364563,5364563,5363283,5363283,2629723,0,0
1787605810,1073742808,1337536512,1073741824,11456894,0,132557,154253,5379976,2748969,2748969,22936164,12,0,2,6.0,8.1,45.4,69.4,114.8,51.0,12.0,88.0,1.25,15806,117,81.22,13.05,0.0,0.0,0.09,0.23,1.43,44.0,0,6.1,0,0,0.0000,200000.0,5379976,5379976,656,0,2631007,5379975,5379975,5378693,5378693,2629723,0,0
1787605811,1073744624,1333088256,1073741824,11533695,0,135695,154734,5395524,2764521,2764521,23090897,12,1,2,6.5,7.9,55.9,57.9,113.8,50.0,12.0,88.0,1.24,15826,110,76.54,12.06,0.0,1.0,0.08,0.24,1.36,54.0,0,5.7,0,0,0.0000,200000.0,5395525,5395525,656,656,2631003,5395523,5395523,5394245,5394245,2629723,0,0
1787605813,1073742296,1334398976,1073741824,11607351,0,131987,148270,5410374,2779368,2779368,23239166,12,0,2,5.2,9.3,47.9,65.9,113.8,24.5,12.0,88.0,1.24,7569,45,36.66,5.02,0.0,0.0,0.08,0.23,0.65,24.0,0,5.6,0,0,0.0000,200000.0,5410374,5410374,656,0,2631006,5410373,5410373,5409092,5409092,2629723,0,0
1787605814,1073743504,1336102912,1073741824,11680368,0,126589,145982,5425101,2794099,2794099,23385147,12,0,1,6.4,7.8,60.8,54.8,115.6,49.0,11.9,88.1,1.24,14998,99,72.67,11.04,0.0,0.0,0.08,0.23,1.28,44.0,0,5.7,0,0,0.0000,200000.0,5425101,5425101,656,0,2631002,5425100,5425100,5423822,5423822,2629723,0,0
1787605815,1073742528,1337413632,1073741824,11754241,0,127181,146982,5439819,2808819,2808819,23532128,12,0,1,6.4,7.0,59.3,56.3,115.6,49.0,11.9,88.1,1.25,15021,99,72.89,11.04,0.0,0.0,0.08,0.23,1.29,54.0,0,5.7,0,0,0.0000,199999.4,5439819,5439819,656,0,2631000,5439818,5439818,5438542,5438542,2629723,0,0
1787605816,1073741208,1332264960,1073741824,11827858,0,127394,147403,5454538,2823540,2823540,23679530,12,0,6,5.7,8.0,52.9,62.8,115.7,49.0,11.9,88.1,1.24,15007,101,73.10,11.05,0.0,1.0,0.08,0.23,1.29,49.0,1,5.7,0,0,0.0000,200000.0,5454538,5454538,656,0,2630998,5454537,5454537,5453268,5453268,2629723,0,0
1787605817,1073744296,1333706752,1073741824,11904285,0,130815,152849,5469741,2838745,2838745,23832378,12,1,2,5.4,9.4,50.8,64.8,115.6,51.0,11.9,88.1,1.24,15506,99,74.84,11.04,0.0,0.0,0.08,0.23,1.33,45.0,0,5.6,0,0,0.0000,200000.0,5469742,5469742,656,656,2630996,5469740,5469740,5468469,5468469,2629723,0,0
1787605818,1073743944,1335148544,1073741824,11982241,0,135628,155064,5485284,2854287,2854287,23987441,12,0,2,6.0,8.5,54.0,60.0,114.0,50.0,11.9,88.1,1.24,15890,126,81.80,14.05,0.0,0.0,0.09,0.23,1.44,47.0,0,6.1,0,0,0.0000,200000.0,5485284,5485284,656,0,2630997,5485283,5485283,5484011,5484011,2629723,0,0
1787605819,1073742720,1330700288,1073741824,12059459,0,135552,153789,5500597,2869605,2869605,24141229,12,0,4,6.2,7.6,54.1,60.1,114.2,50.0,11.9,88.1,1.24,15601,99,75.33,11.04,0.0,0.0,0.09,0.23,1.37,51.0,3,5.6,0,0,0.0000,200000.0,5500597,5500597,656,0,2630992,5500596,5500596,5499331,5499331,2629723,0,0
1787605821,1073742960,1332011008,1073741824,12136789,0,135374,154267,5516275,2885287,2885287,24295495,12,0,2,6.1,7.9,53.0,61.0,114.0,25.0,11.9,88.1,1.24,8000,54,38.66,6.02,0.0,0.0,0.09,0.23,0.70,23.5,4,5.7,0,0,0.0000,200000.0,5516275,5516275,656,0,2630988,5516274,5516274,5515011,5515011,2629723,0,0
1787605822,1073742544,1333190656,1073741824,12213996,0,135362,153909,5531830,2900844,2900844,24449403,12,0,0,5.9,8.2,51.1,63.1,114.2,48.0,11.9,88.1,1.24,15878,92,77.00,10.05,0.0,1.0,0.09,0.24,1.38,48.0,3,5.6,0,0,0.0000,199997.9,5531830,5531830,656,0,2630986,5531829,5531829,5530566,5530566,2629723,0,0
1787605823,1073743456,1328480256,1073741824,12289691,0,133075,151295,5547019,2916039,2916039,24600697,12,0,2,5.3,8.2,44.1,70.2,114.3,50.0,11.9,88.1,1.24,15499,108,75.53,12.05,0.0,0.0,0.09,0.23,1.35,42.0,0,5.7,0,0,0.0000,200000.0,5547019,5547019,656,0,2630980,5547018,5547018,5545763,5545763,2629723,0,0
1787605824,1073744216,1329901568,1073741824,12367146,0,133493,154844,5562566,2931577,2931577,24755540,12,0,3,5.9,8.0,49.8,64.8,114.6,50.0,11.8,88.2,1.24,15840,99,76.92,11.04,0.0,0.0,0.08,0.23,1.36,51.0,0,5.7,0,0,0.0000,200000.0,5562566,5562566,656,0,2630989,5562565,5562565,5561302,5561302,2629723,0,0
1787605825,1073745496,1321811968,1073741824,12444103,0,135424,153879,5577960,2946972,2946972,24909418,13,3,2,5.3,9.3,40.9,72.9,113.8,50.0,11.8,88.2,1.23,15739,108,76.58,12.05,0.0,0.0,0.09,0.23,1.37,40.0,4,5.7,0,0,0.0000,199998.7,5577963,5577963,656,1968,2630988,5577959,5577959,5576696,5576696,2629723,0,0
1787605826,1073743936,1328889856,1073741824,12521933,0,135480,154989,5593445,2962449,2962449,25064406,13,0,2,5.5,8.7,43.1,71.1,114.2,51.0,11.8,88.2,1.24,15798,119,81.42,13.06,0.0,1.0,0.09,0.24,1.43,43.0,0,6.1,0,0,0.0000,200000.0,5593445,5593445,656,0,2630996,5593444,5593444,5592173,5592173,2629723,0,0
1787605827,1073743288,1326321664,1073741824,12598989,0,135117,153977,5608842,2977849,2977849,25218382,13,0,2,5.8,8.7,44.0,70.0,114.0,49.0,11.8,88.2,1.24,15731,108,76.15,12.05,0.0,0.0,0.09,0.23,1.36,48.0,0,5.7,0,0,0.0000,200000.0,5608842,5608842,656,0,2630993,5608841,5608841,5607573,5607573,2629723,0,0
1787605829,1073743064,1327501312,1073741824,12676265,0,135206,154600,5624344,2993349,2993349,25372981,13,0,3,5.9,8.3,50.2,64.2,114.4,24.5,11.8,88.2,1.24,7895,54,38.35,6.02,0.0,0.0,0.08,0.23,0.68,20.5,0,5.7,0,0,0.0000,200000.0,5624344,5624344,656,0,2630995,5624343,5624343,5623074,5623074,2629723,0,0
1787605830,1073744632,1324941312,1073741824,12753332,0,134655,153680,5639818,3008830,3008830,25526660,13,0,3,6.7,7.5,57.6,56.5,114.1,50.0,11.8,88.2,1.23,15790,90,76.66,10.04,0.0,0.0,0.09,0.23,1.37,50.0,2,5.6,0,0,0.0000,200000.0,5639818,5639818,656,0,2630988,5639817,5639817,5638555,5638555,2629723,0,0
1787605831,1073744096,1322102784,1073741824,12830314,0,135056,154117,5655392,3024408,3024408,25680776,13,0,2,5.7,7.7,45.0,69.0,114.0,50.0,11.8,88.2,1.23,15911,108,77.47,12.05,0.0,0.0,0.09,0.23,1.38,38.0,4,5.7,0,0,0.0000,200000.0,5655392,5655392,656,0,2630984,5655391,5655391,5654132,5654132,2629723,0,0
1787605832,1073743632,1321107456,1073741824,12907761,0,135638,154909,5670961,3039979,3039979,25835684,13,0,2,6.0,8.0,54.1,60.1,114.2,49.0,11.8,88.2,1.23,15851,101,77.05,11.05,0.0,1.0,0.08,0.23,1.37,44.0,2,5.7,0,0,0.0000,200000.0,5670961,5670961,656,0,2630982,5670960,5670960,5669703,5669703,2629723,0,0
1787605833,1073743680,1319841792,1073741824,12980917,0,130348,146383,5685655,3054669,3054669,25982066,13,0,2,6.1,8.0,58.3,56.3,114.6,51.0,11.8,88.2,1.23,15002,107,73.09,11.92,0.0,0.0,0.08,0.23,1.30,51.0,1,5.8,0,0,0.0000,200000.0,5685655,5685655,656,0,2630986,5685654,5685654,5684393,5684393,2629723,0,0
1787605834,1073743304,1321021440,1073741824,13053801,0,126297,145737,5700445,3069447,3069447,26127802,13,0,3,5.5,9.1,47.7,67.7,115.4,49.0,11.7,88.3,1.23,15134,109,78.88,12.17,0.0,0.0,0.09,0.24,1.39,47.0,0,6.1,0,0,0.0000,200000.0,5700445,5700445,656,0,2630998,5700444,5700444,5699172,5699172,2629723,0,0
1787605836,1073743256,1318875136,1073741824,13126962,0,126778,146022,5715152,3084157,3084157,26273823,13,0,3,5.8,7.3,48.1,67.1,115.2,49.0,11.7,88.3,1.23,14979,108,72.80,12.05,0.0,0.0,0.09,0.23,1.30,38.0,3,5.8,0,0,0.0000,199999.1,5715152,5715152,656,0,2630995,5715151,5715151,5713882,5713882,2629723,0,0
1787605837,1073743232,1320054784,1073741824,13200348,0,126836,146374,5730112,3099119,3099119,26420196,13,0,1,6.4,7.7,53.1,62.1,115.2,24.5,11.7,88.3,1.23,7621,50,36.96,5.53,0.0,0.5,0.09,0.24,0.66,24.0,3,5.7,0,0,0.0000,200000.0,5730112,5730112,656,0,2630993,5730111,5730111,5728842,5728842,2629723,0,0
1787605838,1073745296,1317236736,1073741824,13277196,0,132432,154053,5745368,3114372,3114372,26574248,13,3,2,6.3,7.7,54.7,59.6,114.3,51.0,11.7,88.3,1.23,15529,90,75.62,10.04,0.0,0.0,0.08,0.23,1.33,36.0,0,5.6,0,0,0.0000,199998.7,5745371,5745371,656,1968,2630996,5745367,5745367,5744096,5744096,2629723,0,0
1787605839,1073743728,1314947072,1073741824,13352894,0,133541,150786,5760644,3129643,3129643,26725033,13,1,1,5.7,8.3,47.5,66.5,114.0,50.0,11.7,88.3,1.22,15577,108,75.54,12.05,0.0,0.0,0.09,0.23,1.36,47.0,0,5.7,0,0,0.0000,200000.0,5760645,5760645,656,656,2631001,5760643,5760643,5759366,5759366,2629723,0,0
1787605840,1073746296,1316126720,1073741824,13429898,0,133384,153519,5775877,3144881,3144881,26878551,13,5,3,5.8,8.3,52.9,60.9,113.8,49.0,11.7,88.3,1.23,15530,99,75.66,11.04,0.0,0.0,0.08,0.23,1.34,47.0,5,5.7,0,0,0.0000,199998.6,5775882,5775882,656,3280,2630996,5775876,5775876,5774606,5774606,2629723,0,0
1787605841,1073742000,1307549696,1073741824,13507235,0,135244,154166,5791334,3160333,3160333,27032716,13,0,2,5.2,9.2,44.0,70.0,114.0,49.0,11.7,88.3,1.22,15741,108,76.17,12.05,0.0,0.0,0.08,0.23,1.36,38.0,0,5.7,0,0,0.0000,200000.0,5791334,5791334,656,0,2631001,5791333,5791333,5790057,5790057,2629723,0,0
1787605842,1073742920,1314889728,1073741824,13584571,0,135781,154305,5806655,3175660,3175660,27187020,13,0,2,6.1,9.0,52.0,62.0,114.0,51.0,11.7,88.3,1.22,15675,119,81.80,13.06,0.0,1.0,0.09,0.23,1.41,48.0,0,6.2,0,0,0.0000,200000.0,5806655,5806655,656,0,2630995,5806654,5806654,5805384,5805384,2629723,0,0
1787605843,1073743848,1312350208,1073741824,13661319,0,134683,153648,5822158,3191170,3191170,27340667,13,0,4,5.5,8.9,53.0,61.0,114.0,49.0,11.7,88.3,1.22,15809,108,76.73,12.05,0.0,0.0,0.08,0.23,1.36,50.0,0,5.7,0,0,0.0000,200000.0,5822158,5822158,656,0,2630988,5822157,5822157,5820896,5820896,2629723,0,0
1787605845,1073742832,1313398784,1073741824,13737898,0,134498,153290,5837551,3206562,3206562,27493956,13,0,1,5.6,7.8,42.9,70.9,113.8,24.5,11.7,88.3,1.22,7865,54,38.16,6.02,0.0,0.0,0.09,0.23,0.68,23.5,5,5.7,0,0,0.0000,200000.0,5837551,5837551,656,0,2630989,5837550,5837550,5836285,5836285,2629723,0,0
1787605846,1073743240,1310416896,1073741824,13814759,0,134606,153906,5853197,3222207,3222207,27647861,13,0,1,7.0,6.7,62.0,52.0,114.0,50.0,11.7,88.3,1.22,15927,90,77.31,10.04,0.0,0.0,0.09,0.23,1.39,43.0,0,5.6,0,0,0.0000,199999.5,5853197,5853197,656,0,2630990,5853196,5853196,5851930,5851930,2629723,0,0
1787605847,1073744352,1303076864,1073741824,13891271,0,134450,153502,5868512,3237526,3237526,27801362,13,1,4,5.3,8.4,53.7,60.6,114.3,49.0,11.6,88.4,1.21,15661,102,76.54,11.27,0.0,1.0,0.09,0.24,1.36,36.0,0,5.7,0,0,0.0000,199999.6,5868513,5868513,656,656,2630986,5868511,5868511,5867252,5867252,2629723,0,0
1787605848,1073743840,1310285824,1073741824,13967926,0,134656,154132,5884177,3253195,3253195,27955493,13,1,0,6.2,7.7,51.1,63.1,114.2,51.0,11.6,88.4,1.22,15990,108,78.03,12.05,0.0,0.0,0.08,0.22,1.37,42.0,0,5.7,0,0,0.0000,200000.0,5884178,5884177,656,0,2630982,5884176,5884176,5882917,5882917,2629723,0,0
1787605849,1073741000,1307623424,1073741824,14044512,0,135515,154130,5899644,3268662,3268662,28109622,13,0,1,6.1,7.8,55.0,59.0,114.0,49.0,11.6,88.4,1.22,15749,108,76.57,12.05,0.0,0.0,0.09,0.23,1.36,43.0,0,5.7,0,0,0.0000,200000.0,5899644,5899644,656,0,2630982,5899643,5899643,5898385,5898385,2629723,0,0
1787605850,1073743856,1308934144,1073741824,14121834,0,135811,154960,5915118,3284131,3284131,28264581,13,0,4,6.5,7.1,60.0,54.0,114.0,50.0,11.6,88.4,1.22,15820,117,82.76,13.05,0.0,0.0,0.09,0.23,1.46,53.0,2,6.2,0,0,0.0000,199998.1,5915118,5915118,656,0,2630987,5915117,5915117,5913857,5913857,2629723,0,0
1787605851,1073743024,1306533888,1073741824,14199623,0,135896,155277,5930781,3299802,3299802,28419857,13,0,2,5.1,8.7,54.1,60.1,114.2,50.0,11.6,88.4,1.22,15961,110,77.59,12.06,0.0,1.0,0.09,0.24,1.40,46.0,2,5.7,0,0,0.0000,200000.0,5930781,5930781,656,0,2630979,5930780,5930780,5929526,5929526,2629723,0,0
1787605853,1073742832,1303838720,1073741824,14276804,0,135854,155057,5946305,3315326,3315326,28574913,13,0,0,6.3,8.5,52.2,62.2,114.4,25.0,11.6,88.4,1.21,7926,54,38.63,6.02,0.0,0.0,0.09,0.23,0.69,24.0,1,5.7,0,0,0.0000,200000.0,5946305,5946305,656,0,2630979,5946304,5946304,5945048,5945048,2629723,0,0
1787605854,1073743640,1305018368,1073741824,14354079,0,135834,155150,5961801,3330816,3330816,28730062,13,0,1,5.7,8.9,48.7,65.7,114.4,50.0,11.6,88.4,1.22,15763,90,77.03,10.04,0.0,0.0,0.09,0.23,1.37,48.0,0,5.6,0,0,0.0000,200000.0,5961801,5961801,656,0,2630985,5961800,5961800,5960539,5960539,2629723,0,0
1787605855,1073746248,1301667840,1073741824,14431077,0,135569,154358,5977420,3346426,3346426,28884419,13,1,8,6.2,8.3,51.1,63.1,114.2,50.0,11.6,88.4,1.21,15920,108,77.46,12.05,0.0,0.0,0.09,0.23,1.39,51.0,0,5.7,0,0,0.0000,199999.3,5977421,5977421,656,656,2630994,5977419,5977419,5976156,5976156,2629723,0,0
1787605856,1073743168,1302323200,1073741824,14508578,0,135722,155481,5992835,3361844,3361844,29039899,13,0,4,5.4,8.5,42.2,72.2,114.4,50.0,11.6,88.4,1.21,15750,108,76.97,12.05,0.0,0.0,0.09,0.23,1.37,38.0,0,5.7,0,0,0.0000,199999.9,5992835,5992835,656,0,2630991,5992834,5992834,5991570,5991570,2629723,0,0
1787605857,1073742800,1299369984,1073741824,14585939,0,136522,155003,6008320,3377339,3377339,29194901,13,0,1,5.5,9.1,40.0,74.0,114.0,49.0,11.6,88.4,1.21,15821,110,77.33,12.06,0.0,1.0,0.09,0.23,1.39,40.0,0,5.7,0,0,0.0000,200000.0,6008320,6008320,656,0,2630981,6008319,6008319,6007062,6007062,2629723,0,0
1787605858,1073743280,1296703488,1073741824,14663806,0,136537,155335,6023777,3392789,3392789,29350235,13,0,1,6.5,7.8,51.0,63.0,114.0,49.0,11.6,88.4,1.21,15808,126,82.72,14.05,0.0,0.0,0.09,0.23,1.48,44.0,0,6.2,0,0,0.0000,200000.0,6023777,6023777,656,0,2630988,6023776,6023776,6022512,6022512,2629723,0,0
1787605859,1073744544,1297620992,1073741824,14740798,0,135815,154318,6039126,3408144,3408144,29504552,13,3,4,5.4,9.3,41.0,73.0,114.0,50.0,11.6,88.4,1.21,15659,99,76.50,11.04,0.0,0.0,0.09,0.24,1.36,49.0,0,5.7,0,0,0.0000,199997.7,6039129,6039129,656,1968,2630982,6039125,6039125,6037870,6037870,2629723,0,0
1787605861,1073743928,1295233024,1073741824,14818764,0,136317,155527,6054592,3423608,3423608,29660078,13,0,4,6.4,7.7,51.0,63.0,114.0,24.5,11.5,88.5,1.21,7884,54,38.47,6.02,0.0,0.0,0.09,0.23,0.69,24.5,0,5.7,0,0,0.0000,200000.0,6054592,6054592,656,0,2630984,6054591,6054591,6053334,6053334,2629723,0,0
1787605862,1073744000,1293570048,1073741824,14894969,0,135575,153225,6069930,3438952,3438952,29813302,13,2,2,5.9,8.8,40.0,74.0,114.0,49.0,11.5,88.5,1.20,15617,92,76.24,10.05,0.0,1.0,0.09,0.23,1.35,42.0,3,5.6,0,0,0.0000,199999.0,6069932,6069932,656,1312,2630978,6069929,6069929,6068676,6068676,2629723,0,0
1787605863,1073743296,1292177408,1073741824,14971225,0,134876,153335,6085279,3454299,3454299,29966636,13,0,1,7.0,7.1,62.0,52.0,114.0,50.0,11.5,88.5,1.20,15685,108,76.85,12.05,0.0,0.0,0.09,0.23,1.36,55.0,3,5.8,0,0,0.0000,200000.0,6085279,6085279,656,0,2630980,6085278,6085278,6084022,6084022,2629723,0,0
1787605864,1073743640,1299386368,1073741824,15048063,0,134881,153822,6100902,3469930,3469930,30120457,13,0,2,6.0,7.7,50.0,64.0,114.0,50.0,11.5,88.5,1.21,15925,108,77.92,12.05,0.0,0.0,0.09,0.23,1.42,44.0,0,5.7,0,0,0.0000,200000.0,6100902,6100902,656,0,2630972,6100901,6100901,6099654,6099654,2629723,0,0
1787605865,1073742832,1300434944,1073741824,15125969,0,135848,155299,6116461,3485487,3485487,30275755,13,0,1,5.4,8.6,45.0,69.0,114.0,50.0,11.5,88.5,1.21,15858,108,77.59,12.05,0.0,0.0,0.09,0.23,1.38,45.0,5,5.7,0,0,0.0000,199999.6,6116461,6116461,656,0,2630974,6116460,6116460,6115210,6115210,2629723,0,0
1787605866,1073743728,1301352448,1073741824,15203811,0,136252,155189,6132078,3501104,3501104,30430943,13,0,2,6.2,8.0,51.0,63.0,114.0,50.0,11.5,88.5,1.21,16003,128,83.86,14.07,0.0,1.0,0.09,0.23,1.49,51.0,1,6.2,0,0,0.0000,200000.0,6132078,6132078,656,0,2630974,6132077,6132077,6130828,6130828,2629723,0,0
1787605867,1073743744,1295945728,1073741824,15280925,0,135482,154452,6147566,3516584,3516584,30585394,13,0,3,5.9,8.8,48.0,66.0,114.0,50.0,11.5,88.5,1.21,15755,108,76.93,12.05,0.0,0.0,0.08,0.23,1.36,53.0,0,5.7,0,0,0.0000,200000.0,6147566,6147566,656,0,2630982,6147565,6147565,6146309,6146309,2629723,0,0
1787605869,1073742776,1293746176,1073741824,15358453,0,135931,155283,6163107,3532128,3532128,30740676,13,0,2,5.9,8.1,45.9,67.9,113.8,24.5,11.5,88.5,1.20,7915,45,38.75,5.02,0.0,0.0,0.09,0.23,0.69,21.0,0,5.6,0,0,0.0000,200000.0,6163107,6163107,656,0,2630979,6163106,6163106,6161852,6161852,2629723,0,0
1787605870,1073741528,1288462336,1073741824,15436014,0,136335,155471,6178734,3547757,3547757,30896146,13,0,4,5.2,8.7,49.0,65.0,114.0,50.0,11.5,88.5,1.20,15947,108,77.82,12.05,0.0,0.0,0.09,0.23,1.38,42.0,0,5.7,0,0,0.0000,199996.7,6178734,6178734,656,0,2630977,6178733,6178733,6177483,6177483,2629723,0,0
1787605871,1073743600,1289379840,1073741824,15513808,0,136204,155829,6194271,3563300,3563300,31051974,13,0,1,6.3,7.8,50.2,64.2,114.4,50.0,11.5,88.5,1.20,15829,102,77.45,11.42,0.0,0.0,0.09,0.24,1.37,44.0,6,5.7,0,0,0.0000,200000.0,6194271,6194271,656,0,2630971,6194270,6194270,6193023,6193023,2629723,0,0
1787605872,1073745040,1284116480,1073741824,15592328,0,136840,156956,6209825,3578861,3578861,31208929,13,2,2,5.9,8.4,51.8,62.8,114.6,49.0,11.5,88.5,1.20,15877,107,77.62,11.68,0.0,1.0,0.09,0.23,1.39,45.0,0,5.7,0,0,0.0000,200000.0,6209827,6209827,656,1312,2630964,6209824,6209824,6208585,6208585,2629723,0,0
1787605873,1073743240,1284767744,1073741824,15670007,0,136671,155235,6225250,3594270,3594270,31364163,13,0,2,5.5,8.8,44.1,70.1,114.2,49.0,11.5,88.5,1.20,15713,108,76.84,12.05,0.0,0.0,0.09,0.23,1.36,46.0,0,5.8,0,0,0.0000,200000.0,6225250,6225250,656,0,2630980,6225249,6225249,6223994,6223994,2629723,0,0
1787605874,1073743816,1285816320,1073741824,15747111,0,135982,155005,6240561,3609584,3609584,31519167,13,0,1,5.5,9.2,48.0,66.0,114.0,51.0,11.5,88.5,1.20,15692,126,82.75,14.05,0.0,0.0,0.09,0.23,1.46,42.0,0,6.3,0,0,0.0000,200000.0,6240561,6240561,656,0,2630977,6240560,6240560,6239307,6239307,2629723,0,0
1787605875,1073743696,1286475776,1073741824,15824393,0,135967,154568,6256041,3625065,3625065,31673734,13,0,3,6.3,8.3,52.0,62.0,114.0,49.0,11.4,88.6,1.20,15751,99,77.13,11.04,0.0,0.0,0.08,0.23,1.35,41.0,4,5.7,0,0,0.0000,200000.0,6256041,6256041,656,0,2630976,6256040,6256040,6254790,6254790,2629723,0,0
1787605877,1073743240,1280684032,1073741824,15901722,0,136104,154873,6271519,3640543,3640543,31828606,13,0,1,6.1,8.1,52.0,62.0,114.0,25.0,11.4,88.6,1.19,7875,50,38.65,5.53,0.0,0.5,0.09,0.23,0.68,26.0,0,5.7,0,0,0.0000,200000.0,6271519,6271519,656,0,2630976,6271518,6271518,6270266,6270266,2629723,0,0
1787605878,1073743344,1281732608,1073741824,15978427,0,135502,154148,6286962,3655983,3655983,31982753,13,0,1,5.8,8.0,45.7,68.6,114.3,49.0,11.4,88.6,1.19,15754,108,77.36,12.05,0.0,0.0,0.09,0.23,1.39,46.0,1,5.8,0,0,0.0000,200000.0,6286962,6286962,656,0,2630979,6286961,6286961,6285706,6285706,2629723,0,0
1787605879,1073741504,1275858944,1073741824,16054682,0,134949,153269,6302239,3671258,3671258,32136021,13,0,3,6.1,8.0,52.0,62.0,114.0,50.0,11.4,88.6,1.19,15566,108,76.23,12.05,0.0,0.0,0.09,0.23,1.36,41.0,0,5.8,0,0,0.0000,199998.5,6302239,6302239,656,0,2630981,6302238,6302238,6300983,6300983,2629723,0,0
1787605880,1073745416,1277026304,1073741824,16129267,0,131361,148958,6317331,3686356,3686356,32284978,13,1,2,6.5,7.6,54.0,60.0,114.0,49.0,11.4,88.6,1.19,15401,99,75.64,11.04,0.0,0.0,0.08,0.23,1.32,48.0,1,5.7,0,0,0.0000,200000.0,6317332,6317331,656,0,2630975,6317330,6317330,6316080,6316080,2629723,0,0
1787605881,1073745456,1277812736,1073741824,16204264,0,132315,150494,6332321,3701346,3701346,32435471,13,2,2,5.2,8.1,38.4,75.5,113.9,49.0,11.4,88.6,1.19,15282,108,74.79,12.05,0.0,0.0,0.09,0.23,1.33,40.0,0,5.8,0,0,0.0000,199998.9,6332323,6332321,656,0,2630975,6332320,6332320,6331070,6331070,2629723,0,0
1787605882,1073743816,1278599168,1073741824,16279215,0,131666,150109,6347365,3716393,3716393,32585579,13,0,3,5.0,8.6,43.5,70.5,114.0,51.0,11.4,88.6,1.19,15375,128,81.53,14.07,0.0,1.0,0.09,0.23,1.47,49.0,3,6.3,0,0,0.0000,200000.0,6347365,6347365,656,0,2630972,6347364,6347364,6346118,6346118,2629723,0,0
1787605883,1073743472,1274068992,1073741824,16354832,0,132208,151654,6362403,3731427,3731427,32737232,13,0,3,6.1,7.9,54.1,60.1,114.2,50.0,11.4,88.6,1.19,15305,81,75.07,9.04,0.0,0.0,0.09,0.23,1.34,48.0,1,5.6,0,0,0.0000,199999.7,6362403,6362403,656,0,2630976,6362402,6362402,6361152,6361152,2629723,0,0
1787605885,1073743592,1274757120,1073741824,16430200,0,132575,151120,6377450,3746471,3746471,32888351,13,0,3,5.4,8.8,41.9,71.9,113.8,25.0,11.4,88.6,1.19,7681,54,37.81,6.02,0.0,0.0,0.08,0.23,0.66,18.0,3,5.8,0,0,0.0000,200000.0,6377450,6377450,656,0,2630979,6377449,6377449,6376196,6376196,2629723,0,0
1787605886,1073743136,1275543552,1073741824,16505566,0,132174,150553,6392372,3761395,3761395,33038903,13,0,5,4.7,9.7,31.4,82.4,113.8,49.0,11.4,88.6,1.19,15239,108,74.89,12.05,0.0,0.0,0.09,0.23,1.33,39.0,0,5.8,0,0,0.0000,199999.0,6392372,6392372,656,0,2630977,6392371,6392371,6391122,6391122,2629723,0,0
1787605887,1073743664,1276100608,1073741824,16581307,0,132505,151063,6407584,3776613,3776613,33189965,13,0,2,6.5,7.1,48.9,64.9,113.8,49.0,11.4,88.6,1.19,15507,110,76.21,12.06,0.0,1.0,0.08,0.24,1.34,58.0,0,5.8,0,0,0.0000,200000.0,6407584,6407584,656,0,2630971,6407583,6407583,6406337,6406337,2629723,0,0
1787605888,1073742616,1276755968,1073741824,16656830,0,132317,150788,6422669,3791700,3791700,33340752,13,0,1,5.4,8.4,51.9,61.9,113.8,50.0,11.4,88.6,1.19,15381,99,75.60,11.04,0.0,0.0,0.09,0.23,1.34,41.0,0,5.7,0,0,0.0000,199999.4,6422669,6422669,656,0,2630969,6422668,6422668,6421423,6421423,2629723,0,0
1787605889,1073740424,1277456384,1073741824,16732094,0,132338,150696,6437966,3806992,3806992,33491447,13,0,3,5.6,8.4,42.0,72.0,114.0,50.0,11.4,88.6,1.19,15593,108,76.81,12.05,0.0,0.0,0.08,0.23,1.35,45.0,0,5.8,0,0,0.0000,200000.0,6437966,6437966,656,0,2630974,6437965,6437965,6436717,6436717,2629723,0,0
1787605890,1073741528,1278242816,1073741824,16809769,0,135063,155497,6453472,3822506,3822506,33646943,13,0,3,6.0,8.0,46.0,68.0,114.0,50.0,11.4,88.6,1.19,15879,117,84.35,13.05,0.0,0.0,0.09,0.23,1.49,45.0,3,6.2,0,0,0.0000,200000.0,6453472,6453472,656,0,2630966,6453471,6453471,6452231,6452231,2629723,0,0
1787605891,1073743152,1279213568,1073741824,16889396,0,139884,159374,6469444,3838478,3838478,33806316,13,0,1,6.0,7.7,50.1,64.1,114.2,50.0,11.4,88.6,1.19,16249,110,79.53,12.06,0.0,1.0,0.09,0.24,1.48,46.0,0,5.7,0,0,0.0000,200000.0,6469444,6469444,656,0,2630966,6469443,6469443,6468201,6468201,2629723,0,0
1787605893,1073743640,1280000000,1073741824,16968730,0,139834,158829,6485406,3854448,3854448,33965144,13,0,1,6.4,7.7,55.0,59.0,114.0,26.0,11.3,88.7,1.19,16264,108,79.72,12.05,0.0,0.0,0.09,0.23,1.42,50.0,2,5.7,0,0,0.0000,200000.0,6485406,6485406,656,0,2630958,6485405,6485405,6484171,6484171,2629723,0,0
1787605894,1073742712,1276628992,1073741824,17047926,0,139105,158152,6501368,3870406,3870406,34123295,13,0,0,5.7,8.3,45.0,68.9,113.9,52.0,11.3,88.7,1.19,8149,54,39.76,6.02,0.0,0.0,0.09,0.23,0.71,25.5,2,5.7,0,0,0.0000,200000.0,6501368,6501368,656,0,2630962,6501367,6501367,6500128,6500128,2629723,0,0
1787605895,1073743728,1277415424,1073741824,17126239,0,137609,156382,6517110,3886146,3886146,34279676,13,0,2,5.5,8.2,47.1,67.1,114.2,49.0,11.3,88.7,1.19,16023,117,78.60,13.05,0.0,0.0,0.09,0.23,1.42,46.0,1,5.8,0,0,0.0000,200000.0,6517110,6517110,656,0,2630964,6517109,6517109,6515870,6515870,2629723,0,0
1787605896,1073742808,1278332928,1073741824,17204921,0,137884,157275,6532667,3901701,3901701,34436950,13,0,4,6.0,7.4,59.7,54.6,114.3,50.0,11.3,88.7,1.19,15822,108,77.64,12.05,0.0,0.0,0.09,0.23,1.38,40.0,4,5.8,0,0,0.0000,199999.3,6532667,6532667,656,0,2630966,6532666,6532666,6531427,6531427,2629723,0,0
1787605897,1073744936,1278853120,1073741824,17282928,0,137520,156023,6548179,3917214,3917214,34592972,13,1,2,6.1,7.9,54.4,59.5,113.9,49.0,11.3,88.7,1.19,15831,110,78.07,12.06,0.0,1.0,0.09,0.23,1.40,48.0,0,5.8,0,0,0.0000,200000.0,6548180,6548180,656,656,2630965,6548178,6548178,6546938,6546938,2629723,0,0
1787605898,1073744104,1279508480,1073741824,17361423,0,137221,156850,6564027,3933067,3933067,34749821,13,0,2,6.2,7.5,51.0,63.0,114.0,51.0,11.3,88.7,1.19,16190,108,85.77,12.05,0.0,0.0,0.09,0.23,1.51,45.0,5,6.1,0,0,0.0000,199999.9,6564027,6564027,656,0,2630960,6564026,6564026,6562791,6562791,2629723,0,0
1787605899,1073744240,1280688128,1073741824,17439776,0,137116,156640,6579600,3948640,3948640,34906460,13,2,1,5.2,8.7,39.0,75.0,114.0,49.0,11.3,88.7,1.19,15890,108,78.16,12.05,0.0,0.0,0.09,0.23,1.39,40.0,0,5.8,0,0,0.0000,199999.8,6579602,6579600,656,0,2630960,6579599,6579599,6578363,6578363,2629723,0,0
1787605901,1073742456,1281212416,1073741824,17517968,0,137522,156715,6595282,3964325,3964325,35063174,13,0,2,5.7,9.0,46.9,66.9,113.8,26.0,11.3,88.7,1.19,16013,108,78.43,12.05,0.0,0.0,0.09,0.24,1.40,54.0,3,5.7,0,0,0.0000,199998.7,6595282,6595282,656,0,2630957,6595281,6595281,6594049,6594049,2629723,0,0
1787605902,1073747064,1281998848,1073741824,17596660,0,137432,157093,6610872,3979920,3979920,35220266,13,6,2,6.1,8.6,50.0,64.0,114.0,51.0,11.3,88.7,1.19,7953,55,39.20,6.03,0.0,0.5,0.09,0.23,0.70,24.0,1,5.8,0,0,0.0000,199999.0,6610878,6610878,656,3936,2630952,6610871,6610871,6609644,6609644,2629723,0,0
1787605903,1073744152,1282785280,1073741824,17675006,0,137731,156739,6626657,3995708,3995708,35377004,13,0,3,5.9,8.6,50.9,62.9,113.8,50.0,11.3,88.7,1.19,16084,117,78.68,13.05,0.0,0.0,0.09,0.23,1.41,46.0,0,5.8,0,0,0.0000,200000.0,6626657,6626657,656,0,2630949,6626656,6626656,6625433,6625433,2629723,0,0
1787605904,1073747400,1279164416,1073741824,17753164,0,137296,156328,6642335,4011390,4011390,35533331,13,6,2,6.5,7.2,51.0,63.0,114.0,50.0,11.3,88.7,1.19,15989,108,78.54,12.05,0.0,0.0,0.09,0.23,1.42,53.0,0,5.8,0,0,0.0000,199998.9,6642341,6642341,656,3936,2630945,6642334,6642334,6641114,6641114,2629723,0,0
1787605905,1073742856,1279496192,1073741824,17831284,0,137154,156795,6657919,4026973,4026973,35690125,13,0,0,5.4,8.1,43.1,71.1,114.2,49.0,11.3,88.7,1.19,15877,90,78.05,10.04,0.0,0.0,0.09,0.23,1.38,44.0,0,5.6,0,0,0.0000,200000.0,6657919,6657919,656,0,2630946,6657918,6657918,6656695,6656695,2629723,0,0
1787605906,1073742656,1273176064,1073741824,17909857,0,137771,157426,6673791,4042849,4042849,35847550,13,0,2,6.0,8.0,50.8,63.7,114.5,52.0,11.3,88.7,1.19,16275,128,86.15,14.07,0.0,1.0,0.10,0.23,1.58,49.0,0,6.3,0,0,0.0000,200000.0,6673791,6673791,656,0,2630942,6673790,6673790,6672573,6672573,2629723,0,0
1787605907,1073744048,1281040384,1073741824,17987485,0,136491,155301,6689573,4058618,4058618,36002850,13,0,3,6.4,7.7,47.2,67.2,114.4,50.0,11.3,88.7,1.19,16097,117,79.08,13.05,0.0,0.0,0.09,0.23,1.42,49.0,0,5.8,0,0,0.0000,200000.0,6689573,6689573,656,0,2630955,6689572,6689572,6688343,6688343,2629723,0,0
1787605909,1073742680,1281675264,1073741824,18065987,0,137093,157007,6705106,4074160,4074160,36159856,14,0,1,6.1,8.0,51.6,62.6,114.2,24.5,11.3,88.7,1.19,15805,108,77.70,12.05,0.0,0.0,0.09,0.23,1.39,51.0,0,5.8,0,0,0.0000,199999.2,6705106,6705106,656,0,2630946,6705105,6705105,6703883,6703883,2629723,0,0
1787605910,1073742656,1282330624,1073741824,18142419,0,135113,152602,6720481,4089532,4089532,36312457,14,0,1,5.3,8.6,46.0,68.0,114.0,51.0,11.3,88.7,1.19,7853,54,38.71,6.02,0.0,0.0,0.09,0.23,0.69,22.0,0,5.8,0,0,0.0000,199999.6,6720481,6720481,656,0,2630949,6720480,6720480,6719255,6719255,2629723,0,0
1787605911,1073743152,1282945024,1073741824,18218772,0,133817,152357,6735871,4104914,4104914,36464813,14,0,3,6.5,7.3,51.0,63.0,114.0,49.0,11.3,88.7,1.19,15637,99,77.29,11.04,0.0,0.0,0.09,0.23,1.35,47.0,0,5.7,0,0,0.0000,200000.0,6735871,6735871,656,0,2630957,6735870,6735870,6734639,6734639,2629723,0,0
1787605912,1073745080,1283600384,1073741824,18295029,0,133908,152053,6751166,4120203,4120203,36616865,14,0,5,6.0,8.4,47.0,67.0,114.0,51.0,11.3,88.7,1.20,15602,101,76.95,11.05,0.0,1.0,0.09,0.23,1.38,49.0,0,5.7,0,0,0.0000,200000.0,6751166,6751166,656,0,2630963,6751165,6751165,6749930,6749930,2629723,0,0
1787605913,1073742816,1284255744,1073741824,18370926,0,133475,151410,6766110,4135149,4135149,36768274,14,0,1,5.5,8.8,47.0,67.0,114.0,48.0,11.2,88.8,1.20,15234,99,75.17,11.04,0.0,0.0,0.09,0.23,1.34,38.0,0,5.8,0,0,0.0000,200000.0,6766110,6766110,656,0,2630961,6766109,6766109,6764872,6764872,2629723,0,0
1787605914,1073745056,1277460480,1073741824,18446522,0,132539,151179,6781262,4150307,4150307,36919452,14,2,3,6.1,7.3,50.0,64.1,114.1,51.0,11.2,88.8,1.19,15459,108,76.37,12.05,0.0,0.0,0.09,0.23,1.38,49.0,0,5.8,0,0,0.0000,200000.0,6781264,6781264,656,1312,2630955,6781261,6781261,6780032,6780032,2629723,0,0
1787605915,1073744080,1277984768,1073741824,18521757,0,131462,150099,6796338,4165374,4165374,37069550,14,0,2,6.7,7.6,52.2,62.2,114.4,50.0,11.2,88.8,1.19,15413,126,82.75,14.05,0.0,0.0,0.09,0.23,1.48,57.0,0,6.4,0,0,0.0000,200000.0,6796338,6796338,656,0,2630964,6796337,6796337,6795098,6795098,2629723,0,0
1787605917,1073743600,1278640128,1073741824,18597286,0,131504,150704,6811660,4180697,4180697,37220253,14,0,3,6.2,7.8,51.7,62.6,114.3,50.0,11.2,88.8,1.19,15643,110,77.08,12.06,0.0,1.0,0.09,0.24,1.38,57.0,0,5.8,0,0,0.0000,200000.0,6811660,6811660,656,0,2630963,6811659,6811659,6810422,6810422,2629723,0,0
1787605918,1073743488,1279426560,1073741824,18672545,0,131776,150623,6826786,4195824,4195824,37370875,14,0,2,6.2,7.9,47.2,67.3,114.5,24.5,11.2,88.8,1.19,7682,54,38.03,6.02,0.0,0.0,0.09,0.23,0.67,26.5,0,5.8,0,0,0.0000,200000.0,6826786,6826786,656,0,2630962,6826785,6826785,6825548,6825548,2629723,0,0
1787605919,1073743744,1279950848,1073741824,18747786,0,131963,150691,6841732,4210777,4210777,37521565,14,0,3,5.8,8.7,44.0,70.0,114.0,49.0,11.2,88.8,1.19,15271,90,75.66,10.04,0.0,0.0,0.09,0.23,1.34,47.0,0,5.7,0,0,0.0000,200000.0,6841732,6841732,656,0,2630955,6841731,6841731,6840502,6840502,2629723,0,0
1787605920,1073743160,1273126912,1073741824,18822754,0,131653,150118,6856828,4225863,4225863,37671682,14,0,2,6.3,8.1,53.1,61.1,114.2,50.0,11.2,88.8,1.19,15398,108,76.41,12.05,0.0,0.0,0.09,0.23,1.36,58.0,0,5.8,0,0,0.0000,200000.0,6856828,6856828,656,0,2630965,6856827,6856827,6855587,6855587,2629723,0,0
1787605921,1073743440,1281122304,1073741824,18898378,0,131493,150785,6871961,4241002,4241002,37822466,14,1,0,5.0,9.4,40.7,73.7,114.4,49.0,11.2,88.8,1.19,15407,108,76.12,12.05,0.0,0.0,0.09,0.22,1.34,31.0,0,5.8,0,0,0.0000,200000.0,6871962,6871961,656,0,2630959,6871960,6871960,6870724,6870724,2629723,0,0
1787605922,1073743216,1281777664,1073741824,18973503,0,131982,150388,6887041,4256072,4256072,37972853,14,0,0,5.2,8.5,41.0,73.0,114.0,49.0,11.2,88.8,1.19,15405,101,76.01,11.05,0.0,1.0,0.09,0.23,1.37,29.0,0,5.7,0,0,0.0000,200000.0,6887041,6887041,656,0,2630969,6887040,6887040,6885794,6885794,2629723,0,0
1787605923,1073742648,1279639552,1073741824,19048794,0,132246,150876,6902315,4271357,4271357,38123728,14,0,1,6.6,7.5,57.0,57.0,114.0,50.0,11.2,88.8,1.19,15661,133,83.86,15.02,0.0,0.0,0.09,0.25,1.50,60.0,1,6.4,0,0,0.0000,200000.0,6902315,6902315,656,0,2630958,6902314,6902314,6901080,6901080,2629723,0,0
1787605925,1073742880,1279639552,1073741824,19124631,0,132174,152040,6917679,4286720,4286720,38275767,14,0,2,5.6,8.5,50.3,64.3,114.6,50.0,11.2,88.8,1.19,15636,99,77.53,11.04,0.0,0.0,0.09,0.23,1.40,47.0,1,5.8,0,0,0.0000,200000.0,6917679,6917679,656,0,2630959,6917678,6917678,6916444,6916444,2629723,0,0
1787605926,1073743768,1280032768,1073741824,19201408,0,133252,153163,6933088,4302135,4302135,38428929,14,0,2,5.5,8.4,43.7,70.7,114.4,24.5,11.2,88.8,1.19,7849,49,38.82,5.52,0.0,0.0,0.09,0.23,0.69,24.0,0,5.7,0,0,0.0000,200000.0,6933088,6933088,656,0,2630953,6933087,6933087,6931859,6931859,2629723,0,0
1787605927,1073743432,1280282624,1073741824,19277708,0,133639,151991,6948257,4317297,4317297,38580919,14,0,2,4.9,9.4,42.1,72.1,114.2,50.0,11.2,88.8,1.19,15464,110,76.54,12.06,0.0,1.0,0.09,0.23,1.36,50.0,0,5.8,0,0,0.0000,200000.0,6948257,6948257,656,0,2630960,6948256,6948256,6947021,6947021,2629723,0,0
1787605928,1073745440,1280798720,1073741824,19353734,0,133351,151806,6963523,4332568,4332568,38732724,14,4,1,6.2,8.1,50.1,64.1,114.2,48.0,11.2,88.8,1.19,15595,108,77.45,12.05,0.0,0.0,0.09,0.23,1.38,54.0,0,5.8,0,0,0.0000,199999.2,6963527,6963527,656,2624,2630955,6963522,6963522,6962291,6962291,2629723,0,0
1787605929,1073743544,1281323008,1073741824,19430250,0,133824,152434,6978796,4347837,4347837,38885157,14,0,5,5.2,8.6,44.0,70.0,114.0,49.0,11.2,88.8,1.19,15556,108,76.91,12.05,0.0,0.0,0.09,0.23,1.37,37.0,3,5.8,0,0,0.0000,199999.8,6978796,6978796,656,0,2630959,6978795,6978795,6977564,6977564,2629723,0,0
1787605930,1073743992,1281847296,1073741824,19506538,0,133948,152046,6994137,4363188,4363188,39037202,14,0,2,5.6,8.1,43.0,71.0,114.0,50.0,11.2,88.8,1.19,15670,108,77.52,12.05,0.0,0.0,0.09,0.23,1.42,43.0,0,5.8,0,0,0.0000,200000.0,6994137,6994137,656,0,2630949,6994136,6994136,6992912,6992912,2629723,0,0
1787605931,1073743624,1282531328,1073741824,19582815,0,133907,152335,7009349,4378394,4378394,39189536,14,0,2,6.2,8.2,58.0,56.0,114.0,50.0,11.2,88.8,1.19,15558,117,83.88,13.05,0.0,0.0,0.10,0.23,1.51,46.0,0,6.3,0,0,0.0000,200000.0,7009349,7009349,656,0,2630955,7009348,7009348,7008118,7008118,2629723,0,0
1787605932,1073746520,1274101760,1073741824,19658638,0,133462,151431,7024670,4393720,4393720,39340966,14,5,2,5.4,8.3,47.9,65.9,113.8,49.0,11.2,88.8,1.19,15625,101,77.38,11.05,0.0,1.0,0.09,0.23,1.37,47.0,1,5.8,0,0,0.0000,199997.7,7024675,7024675,656,3280,2630950,7024669,7024669,7023444,7023444,2629723,0,0
1787605934,1073745824,1268596736,1073741824,19734463,0,133195,151702,7039673,4408727,4408727,39492667,14,4,3,6.1,7.7,52.0,62.0,114.0,24.5,11.2,88.8,1.18,7664,54,37.92,6.02,0.0,0.0,0.09,0.24,0.67,22.5,3,5.8,0,0,0.0000,199999.6,7039677,7039677,656,2624,2630946,7039672,7039672,7038452,7038452,2629723,0,0
1787605935,1073743368,1269059584,1073741824,19810847,0,133389,152450,7054988,4424038,4424038,39645116,14,0,1,5.8,8.7,51.1,63.1,114.2,50.0,11.2,88.8,1.18,15553,108,77.39,12.05,0.0,0.0,0.09,0.23,1.41,47.0,0,5.8,0,0,0.0000,200000.0,7054988,7054988,656,0,2630950,7054987,7054987,7053761,7053761,2629723,0,0
1787605936,1073741096,1269514240,1073741824,19886534,0,132779,151026,7070173,4439216,4439216,39796141,14,0,3,5.6,8.1,50.0,64.1,114.1,50.0,11.2,88.8,1.18,15506,108,76.86,12.05,0.0,0.0,0.09,0.23,1.37,45.0,0,5.8,0,0,0.0000,200000.0,7070173,7070173,656,0,2630957,7070172,7070172,7068941,7068941,2629723,0,0
1787605937,1073743288,1270116352,1073741824,19962375,0,132474,151261,7085389,4454434,4454434,39947401,14,0,1,6.5,7.7,54.0,60.0,114.0,49.0,11.2,88.8,1.18,15528,110,77.19,12.06,0.0,1.0,0.09,0.23,1.44,53.0,0,5.8,0,0,0.0000,200000.0,7085389,7085389,656,0,2630955,7085388,7085388,7084157,7084157,2629723,0,0
1787605938,1073742824,1270726656,1073741824,20038259,0,132423,151311,7100497,4469534,4469534,40098711,14,0,2,6.1,7.3,52.0,62.0,114.0,50.0,11.1,88.9,1.18,15373,108,76.35,12.05,0.0,0.0,0.09,0.23,1.40,46.0,0,5.8,0,0,0.0000,199999.2,7100497,7100497,656,0,2630963,7100496,7100496,7099258,7099258,2629723,0,0
1787605939,1073743256,1271062528,1073741824,20113729,0,132605,150638,7115715,4484759,4484759,40249348,14,0,0,6.3,8.6,52.9,60.9,113.8,51.0,11.1,88.9,1.18,15606,108,84.10,12.05,0.0,0.0,0.10,0.24,1.57,48.0,0,6.3,0,0,0.0000,200000.0,7115715,7115715,656,0,2630956,7115714,7115714,7114481,7114481,2629723,0,0
1787605940,1073745072,1271590912,1073741824,20189944,0,132854,152066,7130909,4499953,4499953,40401413,14,1,3,5.9,8.7,45.1,69.1,114.2,49.0,11.1,88.9,1.18,15468,108,76.87,12.05,0.0,0.0,0.09,0.23,1.35,51.0,0,5.8,0,0,0.0000,200000.0,7130910,7130910,656,656,2630956,7130908,7130908,7129678,7129678,2629723,0,0
1787605942,1073747032,1272078336,1073741824,20266420,0,133492,152486,7146025,4515070,4515070,40553898,14,5,2,5.8,8.0,53.0,61.0,114.0,24.5,11.1,88.9,1.18,7696,55,38.12,6.03,0.0,0.5,0.09,0.23,0.71,24.0,0,5.8,0,0,0.0000,199999.1,7146030,7146029,656,2624,2630955,7146024,7146024,7144794,7144794,2629723,0,0
1787605943,1073746816,1272602624,1073741824,20343259,0,133605,153096,7161370,4530416,4530416,40706993,14,5,3,5.8,8.4,54.8,59.8,114.6,50.0,11.1,88.9,1.19,15647,117,77.71,13.05,0.0,0.0,0.09,0.24,1.41,52.0,5,5.9,0,0,0.0000,199997.6,7161375,7161373,656,1968,2630954,7161369,7161369,7160141,7160141,2629723,0,0
1787605944,1073741368,1267200000,1073741824,20419785,0,133534,152501,7176718,4545750,4545750,40859493,14,0,0,5.3,8.9,42.2,72.2,114.4,49.0,11.1,88.9,1.18,15623,108,77.09,12.05,0.0,0.0,0.09,0.23,1.42,42.0,0,5.8,0,0,0.0000,200000.0,7176718,7176718,656,0,2630968,7176717,7176717,7175472,7175472,2629723,0,0
1787605945,1073742784,1267867648,1073741824,20495931,0,133330,151689,7191984,4561017,4561017,41011181,14,0,1,6.6,7.3,52.6,61.6,114.2,51.0,11.1,88.9,1.18,15533,90,76.73,10.04,0.0,0.0,0.09,0.23,1.42,47.0,0,5.7,0,0,0.0000,200000.0,7191984,7191984,656,0,2630967,7191983,7191983,7190740,7190740,2629723,0,0
1787605946,1073743808,1268297728,1073741824,20572242,0,133296,152006,7207183,4576220,4576220,41163186,14,0,2,5.9,8.2,51.0,63.0,114.0,50.0,11.1,88.9,1.18,15506,108,77.00,12.05,0.0,0.0,0.09,0.23,1.42,47.0,1,5.8,0,0,0.0000,200000.0,7207183,7207183,656,0,2630963,7207182,7207182,7205944,7205944,2629723,0,0
1787605947,1073743784,1268895744,1073741824,20648063,0,133023,150905,7222274,4591311,4591311,41314090,14,0,0,7.3,6.2,62.4,51.5,113.9,49.0,11.1,88.9,1.18,15456,128,83.39,14.07,0.0,1.0,0.10,0.23,1.51,54.0,0,6.4,0,0,0.0000,200000.0,7222274,7222274,656,0,2630963,7222273,7222273,7221033,7221033,2629723,0,0
1787605948,1073742728,1269231616,1073741824,20723821,0,132775,151535,7237425,4606462,4606462,41465624,14,0,2,5.8,8.2,52.0,62.0,114.0,49.0,11.1,88.9,1.18,15451,108,76.39,12.05,0.0,0.0,0.09,0.23,1.37,50.0,3,5.8,0,0,0.0000,200000.0,7237425,7237425,656,0,2630963,7237424,7237424,7236186,7236186,2629723,0,0
1787605950,1073742952,1269669888,1073741824,20799639,0,133655,151855,7252531,4621572,4621572,41617478,14,0,0,5.8,7.8,45.9,67.9,113.8,25.0,11.1,88.9,1.18,7684,54,38.12,6.02,0.0,0.0,0.09,0.23,0.71,22.5,0,5.8,0,0,0.0000,200000.0,7252531,7252531,656,0,2630959,7252530,7252530,7251294,7251294,2629723,0,0
1787605951,1073743304,1270247424,1073741824,20875717,0,133912,152375,7267751,4636785,4636785,41769852,14,0,2,6.0,8.6,51.0,63.0,114.0,49.0,11.1,88.9,1.18,15524,108,77.07,12.05,0.0,0.0,0.09,0.23,1.41,52.0,0,5.8,0,0,0.0000,199999.9,7267751,7267751,656,0,2630966,7267750,7267750,7266509,7266509,2629723,0,0
1787605952,1073742920,1270624256,1073741824,20951805,0,133815,152331,7283054,4652084,4652084,41922182,14,0,4,5.5,8.6,43.0,71.0,114.0,50.0,11.1,88.9,1.18,15600,92,77.55,10.05,0.0,1.0,0.09,0.24,1.43,42.0,0,5.7,0,0,0.0000,199998.1,7283054,7283054,656,0,2630970,7283053,7283053,7281810,7281810,2629723,0,0
1787605953,1073744920,1271193600,1073741824,21027331,0,133255,151211,7298178,4667212,4667212,42073392,14,1,4,6.1,8.4,53.0,61.0,114.0,48.0,11.1,88.9,1.18,15460,108,76.92,12.05,0.0,0.0,0.09,0.23,1.41,45.0,0,5.9,0,0,0.0000,199999.9,7298179,7298179,656,656,2630966,7298177,7298177,7296938,7296938,2629723,0,0
1787605954,1073743360,1266012160,1073741824,21102885,0,132639,151436,7313444,4682478,4682478,42224827,14,0,2,5.4,8.5,46.0,68.0,114.0,49.0,11.1,88.9,1.18,15555,108,77.48,12.05,0.0,0.0,0.09,0.23,1.36,45.0,0,5.9,0,0,0.0000,200000.0,7313444,7313444,656,0,2630966,7313443,7313443,7312202,7312202,2629723,0,0
1787605955,1073743520,1265909760,1073741824,21179043,0,133573,152397,7328539,4697577,4697577,42377223,14,0,2,5.5,8.9,47.0,66.9,113.9,51.0,11.1,88.9,1.18,15469,135,83.69,15.06,0.0,0.0,0.10,0.23,1.55,40.0,0,6.5,0,0,0.0000,200000.0,7328539,7328539,656,0,2630962,7328538,7328538,7327301,7327301,2629723,0,0
1787605956,1073744240,1266372608,1073741824,21254976,0,133338,152198,7344047,4713081,4713081,42529420,15,0,3,5.7,8.8,45.1,69.1,114.2,50.0,11.1,88.9,1.18,15842,108,78.54,12.05,0.0,0.0,0.09,0.23,1.41,43.0,0,5.8,0,0,0.0000,200000.0,7344047,7344047,656,0,2630966,7344046,7344046,7342806,7342806,2629723,0,0
1787605958,1073748744,1266733056,1073741824,21331263,0,133780,152716,7359201,4728233,4728233,42682135,15,6,4,5.7,9.1,46.0,68.0,114.0,25.0,11.1,88.9,1.18,7726,50,38.42,5.53,0.0,0.5,0.09,0.24,0.70,23.0,0,5.8,0,0,0.0000,199995.8,7359207,7359207,656,3936,2630968,7359200,7359200,7357959,7357959,2629723,0,0
1787605959,1073744552,1264869376,1073741824,21407703,0,133834,152746,7374352,4743391,4743391,42834880,15,0,3,6.7,7.7,55.0,59.0,114.0,49.0,11.1,88.9,1.18,15442,99,76.83,11.04,0.0,0.0,0.09,0.23,1.38,53.0,3,5.8,0,0,0.0000,200000.0,7374352,7374352,656,0,2630961,7374351,7374351,7373116,7373116,2629723,0,0
1787605960,1073744888,1265332224,1073741824,21483737,0,133477,152089,7389577,4758618,4758618,42986968,15,3,1,6.0,8.3,53.0,61.0,114.0,49.0,11.1,88.9,1.18,15526,108,77.38,12.05,0.0,0.0,0.09,0.23,1.36,52.0,3,5.9,0,0,0.0000,199999.4,7389580,7389580,656,1968,2630959,7389576,7389576,7388341,7388341,2629723,0,0
1787605961,1073744848,1265659904,1073741824,21560047,0,133196,152841,7404701,4773749,4773749,43139808,15,2,1,5.3,8.4,46.1,68.2,114.3,50.0,11.1,88.9,1.18,15451,108,77.15,12.05,0.0,0.0,0.09,0.23,1.39,39.0,2,5.9,0,0,0.0000,200000.0,7404703,7404702,656,656,2630952,7404700,7404700,7403472,7403472,2629723,0,0
1787605962,1073745344,1266212864,1073741824,21636040,0,133370,151907,7419943,4788985,4788985,43291714,15,0,4,6.5,7.7,51.8,62.7,114.5,50.0,11.1,88.9,1.18,15523,110,77.46,12.06,0.0,1.0,0.09,0.24,1.40,46.0,0,5.9,0,0,0.0000,200000.0,7419943,7419943,656,0,2630958,7419942,7419942,7418711,7418711,2629723,0,0
1787605963,1073743856,1260961792,1073741824,21712185,0,133133,152326,7435253,4804306,4804306,43444039,15,0,3,6.1,8.2,55.1,59.2,114.3,50.0,11.1,88.9,1.17,15673,126,85.39,14.05,0.0,0.0,0.10,0.23,1.53,49.0,0,6.4,0,0,0.0000,200000.0,7435253,7435253,656,0,2630947,7435252,7435252,7434031,7434031,2629723,0,0
1787605964,1073742816,1261322240,1073741824,21789808,0,135250,155323,7450936,4819988,4819988,43599361,15,0,1,5.9,9.2,52.1,62.1,114.2,51.0,11.1,88.9,1.17,16040,99,79.54,11.04,0.0,0.0,0.09,0.23,1.46,59.0,0,5.7,0,0,0.0000,200000.0,7450936,7450936,656,0,2630948,7450935,7450935,7449711,7449711,2629723,0,0
1787605966,1073744888,1261682688,1073741824,21867252,0,136406,155192,7466561,4835614,4835614,43754552,15,0,5,5.4,9.5,43.0,71.0,114.0,24.5,11.1,88.9,1.18,7964,54,39.55,6.02,0.0,0.0,0.09,0.23,0.70,25.0,2,5.8,0,0,0.0000,200000.0,7466561,7466561,656,0,2630947,7466560,7466560,7465341,7465341,2629723,0,0
1787605967,1073743808,1262288896,1073741824,21944488,0,136143,154660,7481831,4850876,4850876,43909211,15,0,2,6.4,7.9,53.0,61.0,114.0,50.0,11.0,89.0,1.18,15561,108,77.68,12.05,0.0,0.0,0.09,0.23,1.38,50.0,5,5.9,0,0,0.0000,200000.0,7481831,7481831,656,0,2630955,7481830,7481830,7480600,7480600,2629723,0,0
1787605968,1073744616,1262358528,1073741824,22021224,0,134999,153814,7497336,4866384,4866384,44063024,15,1,2,5.7,8.7,41.7,72.6,114.3,50.0,11.0,89.0,1.18,15784,119,78.58,13.06,0.0,1.0,0.09,0.23,1.39,40.0,0,5.9,0,0,0.0000,200000.0,7497337,7497337,656,656,2630952,7497335,7497335,7496108,7496108,2629723,0,0
1787605969,1073744112,1262444544,1073741824,22098124,0,135651,154506,7512869,4881923,4881923,44217529,15,2,1,5.5,8.6,40.0,74.0,114.0,50.0,11.0,89.0,1.18,15822,108,78.69,12.05,0.0,0.0,0.09,0.22,1.39,52.0,3,5.8,0,0,0.0000,200000.0,7512871,7512871,656,1312,2630946,7512868,7512868,7511646,7511646,2629723,0,0
1787605970,1073744032,1262665728,1073741824,22175401,0,135676,154815,7528270,4897329,4897329,44372343,15,0,2,5.7,7.7,47.0,67.0,114.0,49.0,11.0,89.0,1.18,15710,108,77.75,12.05,0.0,0.0,0.09,0.22,1.38,44.0,2,5.8,0,0,0.0000,200000.0,7528270,7528270,656,0,2630941,7528269,7528269,7527053,7527053,2629723,0,0
1787605971,1073740376,1271685120,1073741824,22252671,0,135973,154909,7543816,4912878,4912878,44527251,15,0,3,6.2,7.6,52.0,62.0,114.0,51.0,11.0,89.0,1.18,15940,117,86.45,13.05,0.0,0.0,0.10,0.23,1.57,48.0,0,6.3,0,0,0.0000,200000.0,7543816,7543816,656,0,2630938,7543815,7543815,7542603,7542603,2629723,0,0
1787605972,1073743136,1263898624,1073741824,22329708,0,135773,154543,7559123,4928188,4928188,44681793,15,0,0,6.3,7.8,50.0,64.0,114.0,51.0,11.0,89.0,1.18,15581,110,77.57,12.06,0.0,1.0,0.09,0.23,1.44,48.0,0,5.8,0,0,0.0000,200000.0,7559123,7559123,656,0,2630935,7559122,7559122,7557910,7557910,2629723,0,0
1787605974,1073744624,1257525248,1073741824,22407025,0,135647,155019,7574555,4943620,4943620,44836811,15,1,3,5.9,8.2,46.0,68.0,114.0,25.0,11.0,89.0,1.17,7859,54,39.09,6.02,0.0,0.0,0.09,0.23,0.73,21.5,1,5.8,0,0,0.0000,200000.0,7574556,7574556,656,656,2630935,7574554,7574554,7573345,7573345,2629723,0,0
1787605975,1073744824,1258934272,1073741824,22484829,0,136660,156305,7590111,4959165,4959165,44993115,15,2,3,5.9,8.1,55.1,59.1,114.2,50.0,11.0,89.0,1.17,15811,108,78.84,12.05,0.0,0.0,0.09,0.22,1.46,49.0,2,5.8,0,0,0.0000,199999.5,7590113,7590113,656,1312,2630946,7590110,7590110,7588890,7588890,2629723,0,0
1787605976,1073743608,1259393024,1073741824,22562425,0,136887,155824,7605828,4974892,4974892,45148938,15,0,2,5.9,8.3,51.0,62.9,113.9,52.0,11.0,89.0,1.17,16073,108,79.75,12.05,0.0,0.0,0.09,0.23,1.48,46.0,0,5.8,0,0,0.0000,200000.0,7605828,7605828,656,0,2630936,7605827,7605827,7604616,7604616,2629723,0,0
1787605977,1073745048,1260457984,1073741824,22640552,0,137405,156600,7621394,4990446,4990446,45305537,15,1,4,6.2,8.2,55.0,59.0,114.0,51.0,11.0,89.0,1.17,15886,119,79.02,13.06,0.0,1.0,0.09,0.24,1.40,57.0,2,5.9,0,0,0.0000,200000.0,7621395,7621395,656,656,2630948,7621393,7621393,7620172,7620172,2629723,0,0
1787605978,1073745000,1260498944,1073741824,22718847,0,137379,156748,7637281,5006328,5006328,45462284,15,1,2,5.0,9.4,42.0,72.0,114.0,50.0,11.0,89.0,1.17,16192,99,80.55,11.04,0.0,0.0,0.09,0.23,1.51,37.0,0,5.8,0,0,0.0000,199999.6,7637282,7637282,656,656,2630953,7637280,7637280,7636052,7636052,2629723,0,0
1787605979,1073742944,1260748800,1073741824,22797158,0,137379,156970,7652872,5021926,5021926,45619253,15,1,2,4.9,9.2,44.1,70.1,114.2,51.0,11.0,89.0,1.17,15971,135,86.54,15.06,0.0,0.0,0.09,0.23,1.51,40.0,1,6.5,0,0,0.0000,200000.0,7652873,7652873,656,656,2630946,7652871,7652871,7651650,7651650,2629723,0,0
1787605980,1073743528,1260883968,1073741824,22875685,0,137908,157583,7668512,5037560,5037560,45776835,15,0,2,5.8,8.8,51.2,63.2,114.4,51.0,11.0,89.0,1.17,15938,99,78.98,11.04,0.0,0.0,0.09,0.24,1.46,48.0,0,5.7,0,0,0.0000,200000.0,7668512,7668512,656,0,2630952,7668511,7668511,7667284,7667284,2629723,0,0
1787605982,1073742792,1261002752,1073741824,22953693,0,137347,156624,7684082,5053132,5053132,45933458,15,0,1,6.5,8.4,54.7,59.6,114.3,25.5,11.0,89.0,1.17,7935,58,39.63,6.53,0.0,0.0,0.09,0.22,0.72,24.0,0,5.9,0,0,0.0000,200000.0,7684082,7684082,656,0,2630950,7684081,7684081,7682855,7682855,2629723,0,0
1787605983,1073743344,1261273088,1073741824,23032348,0,137617,157672,7699999,5069052,5069052,46091129,15,0,0,6.2,8.4,54.2,60.3,114.5,51.0,11.0,89.0,1.17,16254,119,80.88,13.06,0.0,1.0,0.09,0.24,1.48,55.0,0,5.9,0,0,0.0000,200000.0,7699999,7699999,656,0,2630947,7699998,7699998,7698774,7698774,2629723,0,0
1787605984,1073743704,1255538688,1073741824,23110741,0,137882,156799,7715769,5084823,5084823,46247927,15,0,3,5.8,8.0,46.6,67.5,114.1,49.0,11.0,89.0,1.17,16094,99,79.89,11.04,0.0,0.0,0.09,0.23,1.47,45.0,3,5.8,0,0,0.0000,200000.0,7715769,7715769,656,0,2630946,7715768,7715768,7714548,7714548,2629723,0,0
1787605985,1073743496,1255743488,1073741824,23188688,0,137290,156222,7731633,5100675,5100675,46404148,15,0,2,5.5,8.8,46.0,68.0,114.0,51.0,11.0,89.0,1.17,16150,117,80.10,13.05,0.0,0.0,0.09,0.23,1.49,48.0,0,5.9,0,0,0.0000,200000.0,7731633,7731633,656,0,2630958,7731632,7731632,7730399,7730399,2629723,0,0
1787605986,1073743888,1255940096,1073741824,23265940,0,136540,155033,7747243,5116289,5116289,46559180,15,0,3,5.9,7.6,57.0,57.0,114.0,50.0,11.0,89.0,1.17,15907,108,79.11,12.05,0.0,0.0,0.09,0.23,1.41,43.0,0,5.8,0,0,0.0000,200000.0,7747243,7747243,656,0,2630954,7747242,7747242,7746014,7746014,2629723,0,0
1787605987,1073743120,1256230912,1073741824,23342957,0,135683,154707,7762736,5131776,5131776,46713886,15,0,0,6.4,7.8,50.2,64.2,114.4,50.0,11.0,89.0,1.17,15892,128,86.99,14.07,0.0,1.0,0.09,0.23,1.50,36.0,2,6.5,0,0,0.0000,200000.0,7762736,7762736,656,0,2630960,7762735,7762735,7761498,7761498,2629723,0,0
1787605988,1073742664,1256509440,1073741824,23420932,0,136763,156545,7778442,5147486,5147486,46870430,15,0,2,5.7,8.4,44.0,70.0,114.0,51.0,11.0,89.0,1.17,16045,108,79.89,12.05,0.0,0.0,0.09,0.23,1.42,44.0,2,5.8,0,0,0.0000,200000.0,7778442,7778442,656,0,2630956,7778441,7778441,7777210,7777210,2629723,0,0
1787605990,1073743048,1256742912,1073741824,23499364,0,137881,157671,7794228,5163275,5163275,47028100,15,0,1,6.2,8.1,55.0,59.0,114.0,25.0,11.0,89.0,1.17,16051,108,80.16,12.05,0.0,0.0,0.09,0.23,1.41,44.0,0,5.8,0,0,0.0000,200000.0,7794228,7794228,656,0,2630953,7794227,7794227,7792998,7792998,2629723,0,0
1787605991,1073744240,1256943616,1073741824,23578388,0,138381,157759,7810147,5179194,5179194,47185858,15,1,2,6.4,8.2,52.9,60.9,113.8,50.0,11.0,89.0,1.17,8131,58,40.37,6.53,0.0,0.0,0.09,0.23,0.72,26.5,0,5.9,0,0,0.0000,199999.6,7810148,7810148,656,656,2630953,7810146,7810146,7808918,7808918,2629723,0,0
1787605992,1073742568,1257336832,1073741824,23657223,0,138196,157805,7825872,5194921,5194921,47343662,15,0,5,5.9,8.8,42.0,72.0,114.0,50.0,11.0,89.0,1.17,15997,108,79.45,12.05,0.0,0.0,0.09,0.23,1.42,47.0,3,5.8,0,0,0.0000,199998.7,7825872,7825872,656,0,2630951,7825871,7825871,7824648,7824648,2629723,0,0
1787605993,1073742480,1257517056,1073741824,23735870,0,138040,157129,7841335,5210383,5210383,47500790,15,0,4,5.7,7.9,54.0,60.0,114.0,50.0,11.0,89.0,1.17,15779,110,78.54,12.06,0.0,1.0,0.09,0.23,1.40,39.0,0,5.8,0,0,0.0000,199999.7,7841335,7841335,656,0,2630952,7841334,7841334,7840109,7840109,2629723,0,0
1787605994,1073743504,1250250752,1073741824,23815224,0,138732,158555,7857086,5226138,5226138,47659344,15,0,2,5.8,8.1,51.1,63.1,114.2,51.0,11.0,89.0,1.16,16111,117,80.27,13.05,0.0,0.0,0.09,0.24,1.51,49.0,0,5.9,0,0,0.0000,199999.7,7857086,7857086,656,0,2630948,7857085,7857085,7855862,7855862,2629723,0,0
1787605995,1073743336,1250516992,1073741824,23892880,0,137405,156145,7872977,5242028,5242028,47815488,15,0,6,5.8,8.2,56.1,58.1,114.2,52.0,11.0,89.0,1.16,16258,126,88.51,14.05,0.0,0.0,0.09,0.23,1.54,47.0,2,6.4,0,0,0.0000,200000.0,7872977,7872977,656,0,2630949,7872976,7872976,7871756,7871756,2629723,0,0
1787605996,1073743632,1251758080,1073741824,23971695,0,137397,157955,7888783,5257842,5257842,47973442,15,0,2,6.4,7.5,57.8,56.7,114.5,51.0,11.0,89.0,1.17,16160,108,80.62,12.05,0.0,0.0,0.09,0.23,1.43,50.0,0,5.8,0,0,0.0000,200000.0,7888783,7888783,656,0,2630941,7888782,7888782,7887566,7887566,2629723,0,0
1787605998,1073744592,1251840000,1073741824,24049637,0,137024,156510,7904599,5273652,5273652,48129951,15,1,6,6.1,8.6,49.2,65.3,114.5,25.0,11.0,89.0,1.17,16127,119,80.48,13.06,0.0,1.0,0.09,0.23,1.46,47.0,3,5.9,0,0,0.0000,200000.0,7904600,7904600,656,656,2630947,7904598,7904598,7903380,7903380,2629723,0,0
1787605999,1073742512,1251905536,1073741824,24127368,0,136466,156294,7920176,5289232,5289232,48286244,15,0,0,5.3,9.1,47.9,66.9,114.8,51.0,11.0,89.0,1.17,7939,54,39.52,6.02,0.0,0.0,0.09,0.24,0.71,25.0,0,5.8,0,0,0.0000,200000.0,7920176,7920176,656,0,2630944,7920175,7920175,7918954,7918954,2629723,0,0
1787606000,1073743272,1251995648,1073741824,24206088,0,137311,157614,7935917,5304957,5304957,48443857,15,0,2,5.4,8.9,41.8,72.7,114.5,51.0,11.0,89.0,1.17,16029,108,79.82,12.05,0.0,0.0,0.09,0.23,1.42,48.0,0,5.8,0,0,0.0000,200000.0,7935917,7935917,656,0,2630960,7935916,7935916,7934681,7934681,2629723,0,0
1787606001,1073743376,1252003840,1073741824,24285024,0,138822,157946,7951737,5320787,5320787,48601802,15,0,2,6.4,8.0,54.1,60.1,114.2,50.0,10.9,89.1,1.17,16131,117,80.21,13.05,0.0,0.0,0.09,0.23,1.43,43.0,0,5.9,0,0,0.0000,200000.0,7951737,7951737,656,0,2630950,7951736,7951736,7950511,7950511,2629723,0,0
1787606002,1073744816,1251942400,1073741824,24363023,0,137892,156652,7967546,5336600,5336600,48758453,15,3,1,5.9,8.4,53.0,61.0,114.0,51.0,10.9,89.1,1.17,16072,110,80.14,12.06,0.0,1.0,0.09,0.23,1.42,47.0,0,5.8,0,0,0.0000,199999.3,7967549,7967546,656,0,2630946,7967545,7967545,7966323,7966323,2629723,0,0
1787606003,1073743520,1244549120,1073741824,24441746,0,138156,157904,7983244,5352285,5352285,48916356,15,1,2,5.9,8.5,45.1,69.1,114.2,51.0,10.9,89.1,1.16,16071,135,87.68,15.06,0.0,0.0,0.10,0.24,1.56,46.0,0,6.5,0,0,0.0000,200000.0,7983245,7983245,656,656,2630959,7983243,7983243,7982009,7982009,2629723,0,0
1787606004,1073743232,1245880320,1073741824,24520459,0,138683,157588,7998989,5368034,5368034,49073943,15,0,2,5.5,8.9,47.0,67.0,114.0,52.0,10.9,89.1,1.16,16083,117,80.00,13.05,0.0,0.0,0.09,0.23,1.49,44.0,1,5.9,0,0,0.0000,200000.0,7998989,7998989,656,0,2630955,7998988,7998988,7997758,7997758,2629723,0,0
1787606006,1073742368,1247076352,1073741824,24599482,0,138639,158194,8014746,5383797,5383797,49232136,15,0,1,6.2,8.4,47.2,67.3,114.5,26.0,10.9,89.1,1.16,16074,99,80.08,11.04,0.0,0.0,0.09,0.23,1.42,46.0,0,5.8,0,0,0.0000,199999.6,8014746,8014746,656,0,2630949,8014745,8014745,8013520,8013520,2629723,0,0
1787606007,1073744432,1247133696,1073741824,24678370,0,138063,157631,8030556,5399600,5399600,49389766,15,2,1,6.1,8.0,49.7,64.7,114.4,51.0,10.9,89.1,1.16,8061,58,40.11,6.53,0.0,0.0,0.09,0.24,0.71,21.5,0,5.9,0,0,0.0000,200000.0,8030558,8030556,656,0,2630956,8030555,8030555,8029323,8029323,2629723,0,0
1787606008,1073742880,1247133696,1073741824,24756969,0,138420,157512,8046254,5415302,5415302,49547277,16,0,2,6.8,7.6,58.1,56.1,114.2,50.0,10.9,89.1,1.16,16001,110,80.06,12.06,0.0,1.0,0.09,0.23,1.42,43.0,0,5.9,0,0,0.0000,200000.0,8046254,8046254,656,0,2630952,8046253,8046253,8045026,8045026,2629723,0,0
1787606009,1073744224,1247301632,1073741824,24836009,0,138494,158300,8061952,5431002,5431002,49705576,16,0,3,5.7,8.9,44.0,70.0,114.0,50.0,10.9,89.1,1.16,15977,117,79.72,13.05,0.0,0.0,0.09,0.23,1.49,53.0,0,5.9,0,0,0.0000,200000.0,8061952,8061952,656,0,2630950,8061951,8061951,8060727,8060727,2629723,0,0
1787606010,1073743440,1246961664,1073741824,24915224,0,138941,158656,8077729,5446782,5446782,49864231,16,0,6,6.0,8.8,57.0,57.0,114.0,51.0,10.9,89.1,1.16,16130,108,80.39,12.05,0.0,0.0,0.09,0.23,1.43,50.0,3,5.8,0,0,0.0000,200000.0,8077729,8077729,656,0,2630947,8077728,8077728,8076510,8076510,2629723,0,0
