timestamp,used_memory,used_memory_rss,maxmemory,keyspace_hits,keyspace_misses,ops_per_sec,total_commands_delta,total_num_items_spilled_to_ext_storage,total_num_items_fetched_from_ext_storage,completion_read_ok,dram_value_hits,kbc_fetching_block,num_items_spilling_to_ext_storage,blocked_clients,cpu_user,cpu_sys,valkey_cpu_user,valkey_cpu_sys,valkey_cpu_total,asio_cpu_pct,disk_hit_pct,mem_hit_pct,mem_frag_ratio,disk_read_iops,disk_write_iops,disk_read_mb,disk_write_mb,disk_read_merges_ps,disk_write_merges_ps,disk_r_await_ms,disk_w_await_ms,disk_aqu_sz,disk_util_pct,disk_in_flight,disk_req_sz_kb,throttle_total_throttled,throttle_queued_clients,throttle_current_rate,throttle_allowed_tps,spill_submitted_count,spill_serialized_count,mean_spill_ram,inflight_spill_ram_bytes
1785440235,1800128,6967296,0,0,0,0,0,0,0,0,0,0,0,0,0.0,0.0,0.2,0.0,0.2,0,0.0,0.0,3.93,0,0,0,0,0,0,0,0,0,0,0,0,0,0,0.0000,200000.0,0,0,0,0
1785440236,536825376,631803904,536870912,0,0,769,1235,210,0,0,0,0,0,0,1.3,2.1,0.8,21.2,22.0,19.0,0.0,0.0,1.18,18,860,2.05,102.27,0.0,0.0,0.39,0.32,0.28,3.0,0,121.7,0,0,0.9958,2826.4,831,831,524304,0
1785440237,536825376,631803904,536870912,0,0,0,1,210,0,0,0,0,0,0,0.4,0.9,0.0,0.5,0.5,5.0,0.0,0.0,1.18,8,12,0.96,1.43,0.0,0.0,0.38,0.33,0.01,1.0,0,122.6,0,0,0.9958,2826.4,831,831,524304,0
1785440238,536880752,642420736,536870912,0,0,900,1446,996,574,574,1230,0,1,0,3.4,2.5,1.2,13.1,14.3,63.0,46.7,53.3,1.20,2363,3151,283.73,376.07,0.0,0.0,0.43,0.31,1.99,30.0,0,122.5,0,0,0.9915,3691.4,2260,2259,524304,0
1785440240,535307736,629284864,536870912,0,0,277,1,999,574,574,1230,0,0,0,0.4,1.4,0.0,0.5,0.5,1.0,46.7,53.3,1.18,63,0,7.70,0.00,0.0,0.0,2.54,0.00,0.16,1.0,0,125.1,0,0,0.9915,3691.4,2262,2262,524304,0
1785440241,535834088,618786816,536870912,0,0,221,424,1327,902,902,1650,0,0,0,1.5,1.4,2.9,0.8,3.7,32.0,54.7,45.3,1.15,686,671,82.30,80.28,0.0,0.0,0.38,0.31,0.47,8.0,0,122.6,0,0,0.0000,200000.0,2590,2590,524304,0
1785440242,535834528,583049216,536870912,0,0,868,993,2103,1677,1677,2642,0,0,1,2.6,2.9,1.9,6.1,8.0,61.0,63.5,36.5,1.09,3296,3100,395.78,370.34,0.0,0.0,0.52,0.30,2.67,45.0,0,122.7,0,0,0.0097,198079.7,3366,3366,524304,0
1785440243,536386704,620957696,536870912,0,0,416,240,2339,1707,1707,2672,0,0,0,1.4,1.2,0.1,3.8,3.9,18.0,63.9,36.1,1.16,474,909,58.56,108.94,0.0,0.0,4.03,0.32,2.20,8.0,0,124.0,0,0,0.9820,5570.0,4224,4224,524304,0
1785440244,536389216,592355328,536870912,0,0,94,158,2480,1846,1846,2826,0,0,1,0.7,1.6,0.2,1.5,1.7,16.0,65.3,34.7,1.10,617,607,74.08,72.43,0.0,0.0,0.38,0.31,0.42,9.0,10,122.6,0,0,0.0000,200000.0,4365,4365,524304,0
1785440245,535340216,572862464,536870912,0,0,608,858,3236,2601,2601,3683,0,0,0,3.1,2.6,1.9,5.2,7.1,61.0,70.6,29.4,1.07,3408,3116,410.25,360.52,0.0,0.0,1.11,0.31,4.75,48.0,0,121.0,0,0,0.0000,200000.0,5121,5121,524304,0
1785440246,536428032,635969536,536870912,0,0,784,855,4028,3182,3182,4323,0,0,0,3.2,2.7,1.1,8.4,9.5,63.0,73.6,26.4,1.19,2778,3184,335.10,372.72,0.0,0.0,1.25,0.31,4.45,35.0,0,121.6,0,0,0.9969,2610.1,6529,6529,524304,0
1785440248,536428032,624934912,536870912,0,0,225,1,4028,3182,3182,4323,0,0,0,0.2,1.1,0.1,0.4,0.5,1.5,73.6,26.4,1.17,223,0,27.73,0.00,0.0,0.0,5.47,0.00,1.22,1.0,0,127.3,0,0,0.9969,2610.1,6529,6529,524304,0
1785440249,536955480,615768064,536870912,0,0,188,356,4363,3516,3516,4675,0,3,1,1.6,1.5,2.1,1.2,3.3,32.0,75.2,24.8,1.15,713,727,85.73,83.87,0.0,0.0,0.39,0.31,0.50,11.0,0,120.6,0,0,0.0000,200000.0,6867,6865,524304,524304
1785440250,536430544,597110784,536870912,0,0,710,841,5142,4294,4294,5515,0,0,1,2.8,3.0,2.6,4.8,7.4,64.0,77.9,22.1,1.11,3551,3201,428.04,369.87,0.0,0.0,1.03,0.31,4.64,42.0,3,121.0,0,0,0.0000,200000.0,7643,7643,524304,0
1785440251,541701704,636948480,536870912,0,0,795,887,5957,4908,4908,6188,0,9,0,3.1,2.7,3.1,6.1,9.2,66.0,79.3,20.7,1.04,3949,3402,480.59,388.48,0.0,0.0,2.24,0.31,9.92,38.0,0,121.1,0,0,0.9924,3505.2,9070,9061,524304,0
1785440252,536457320,649359360,536870912,0,0,263,1,5967,4908,4908,6188,0,0,0,0.2,1.2,0.1,0.4,0.5,4.0,79.3,20.7,1.21,57,0,6.98,0.00,0.0,0.0,1.46,0.00,0.08,1.0,0,125.5,0,0,0.9924,3505.2,9084,9084,524304,0
1785440253,536459832,615817216,536870912,0,0,169,333,6276,5215,5215,6517,0,0,1,1.4,1.3,1.7,1.3,3.0,29.0,80.0,20.0,1.15,1364,1299,163.84,153.39,0.0,0.0,0.48,0.31,1.05,15.0,0,122.0,0,0,0.0000,200000.0,9397,9397,524304,0
1785440254,535935552,605167616,536870912,0,0,697,809,7027,5965,5965,7325,0,0,1,2.8,2.9,3.2,3.8,7.0,61.0,81.4,18.6,1.13,3776,3110,456.45,358.40,0.0,0.0,1.67,0.31,7.26,46.0,0,121.2,0,0,0.0000,200000.0,10148,10148,524304,0
1785440256,535935112,570159104,536870912,0,0,688,803,7777,6716,6716,8127,0,0,0,2.0,3.5,2.0,5.0,7.0,31.5,82.6,17.4,1.06,1910,1578,230.85,179.19,0.0,0.0,1.87,0.31,4.06,23.0,0,120.4,0,0,0.0000,200000.0,10899,10899,524304,0
1785440257,536487512,633647104,536870912,0,0,426,354,8128,6855,6855,8266,0,0,0,1.7,1.7,1.9,3.7,5.6,30.0,82.9,17.1,1.18,1433,1342,176.03,160.55,0.0,0.0,3.41,0.31,5.31,14.0,0,124.2,0,0,0.9878,4416.7,11908,11908,524304,0
1785440258,538078880,619560960,536870912,0,0,0,28,8150,6876,6876,8290,0,3,1,0.4,1.1,0.2,0.6,0.8,8.0,82.9,17.1,1.15,264,141,32.07,16.72,0.0,0.0,2.02,0.33,0.58,2.0,0,123.4,0,0,0.0112,197776.6,11933,11931,524304,524304
1785440259,535965856,617500672,536870912,0,0,474,773,8888,7612,7612,9062,0,0,1,2.3,3.3,0.0,6.9,6.9,63.0,84.0,16.0,1.15,3934,2992,476.48,349.80,0.0,0.0,2.33,0.30,10.06,49.0,14,122.2,0,0,0.0000,200000.0,12668,12668,524304,0
1785440260,535965744,561397760,536870912,0,0,655,785,9629,8353,8353,9846,0,0,1,2.9,2.6,1.9,5.3,7.2,65.0,84.8,15.2,1.05,3937,3049,476.73,355.05,0.0,0.0,1.69,0.31,7.59,41.0,0,121.9,0,0,0.0000,200000.0,13409,13409,524304,0
1785440261,643481136,636428288,536870912,0,0,760,924,10313,9031,9031,10558,0,59,0,2.6,3.1,0.4,10.1,10.5,71.0,85.5,14.5,0.99,3690,2794,447.50,323.05,0.0,0.0,1.99,0.31,8.20,37.0,8,121.7,0,0,0.9929,3413.2,14682,14624,524304,524304
1785440263,536517616,626388992,536870912,0,0,296,1,10515,9031,9031,10558,0,0,0,0.6,1.2,0.1,0.5,0.6,3.0,85.5,14.5,1.17,326,394,40.56,47.06,0.0,0.0,7.01,0.30,2.40,3.0,0,124.6,0,0,0.9929,3413.2,14927,14927,524304,0
1785440264,535471568,612823040,536870912,0,0,146,253,10753,9265,9265,10807,0,0,1,1.1,1.6,0.7,1.9,2.6,24.0,85.7,14.3,1.14,1062,992,127.57,118.51,0.0,0.0,0.51,0.31,0.85,13.0,0,122.7,0,0,0.0000,200000.0,15165,15165,524304,0
1785440265,535995960,591319040,536870912,0,0,603,774,11494,10007,10007,11580,0,0,1,2.4,2.7,2.9,4.4,7.3,63.0,86.4,13.6,1.10,4199,2968,508.60,354.60,0.0,0.0,2.23,0.31,10.25,35.0,12,123.3,0,0,0.0000,200000.0,15906,15906,524304,0
1785440266,537044696,558071808,536870912,0,0,666,739,12206,10721,10721,12318,0,1,1,2.7,2.7,4.7,2.2,6.9,66.0,87.0,13.0,1.04,5426,2818,661.18,336.41,0.0,0.0,4.04,0.30,22.75,50.0,0,123.9,0,0,0.0000,200000.0,16619,16618,524304,0
1785440267,572193224,562163712,536870912,0,0,643,818,12928,11435,11435,13061,0,68,0,2.3,3.4,2.7,5.1,7.8,66.0,87.6,12.4,1.05,4031,2856,489.41,341.19,0.0,0.0,2.26,0.30,9.99,49.0,0,123.5,0,0,0.3190,136835.3,17462,17395,524304,524304
1785440268,536547592,625553408,536870912,0,0,315,138,13130,11435,11435,13061,0,0,0,1.1,1.4,1.1,2.5,3.6,13.0,87.6,12.4,1.17,587,828,72.49,98.91,0.0,0.0,6.38,0.31,4.00,5.0,0,124.0,0,0,0.9835,5273.2,18167,18167,524304,0
1785440270,535501544,609861632,536870912,0,0,73,186,13314,11615,11615,13243,0,0,1,0.9,1.8,0.7,1.3,2.0,10.5,87.7,12.3,1.13,859,767,103.42,91.75,0.0,0.0,0.59,0.31,0.75,10.0,0,122.9,0,0,0.0000,200000.0,18360,18360,524304,0
1785440271,536025936,591745024,536870912,0,0,560,755,14035,12337,12337,13997,0,0,1,2.4,3.5,1.7,5.2,6.9,65.0,88.1,11.9,1.10,2280,1449,277.42,173.22,0.0,0.0,2.64,0.31,6.46,22.0,0,123.7,0,0,0.0066,198693.7,19086,19086,524304,0
1785440272,537598592,563617792,536870912,0,0,662,751,14761,13065,13065,14747,0,2,0,2.5,3.3,1.5,5.4,6.9,63.0,88.6,11.4,1.05,4385,2904,532.99,346.93,0.0,0.0,2.21,0.30,10.58,36.0,1,123.6,0,0,0.0000,200000.0,19814,19812,524304,0
1785440273,536025384,563617792,536870912,0,0,672,768,15500,13803,13803,15514,0,0,0,2.8,2.1,1.5,5.4,6.9,62.0,89.0,11.0,1.05,4296,2952,521.63,351.23,0.0,0.0,1.82,0.30,8.69,48.0,19,123.3,0,0,0.0000,200000.0,20551,20551,524304,0
1785440274,536578152,630665216,536870912,0,0,495,474,15964,14057,14057,15775,0,0,0,1.8,2.8,1.2,5.5,6.7,43.0,89.1,10.9,1.18,3205,1824,394.64,217.90,0.0,0.0,4.33,0.31,14.46,25.0,0,124.7,0,0,0.9935,3282.1,21629,21629,524304,0
1785440275,536578152,620208128,536870912,0,0,0,1,15964,14057,14057,15775,0,0,0,0.4,1.0,0.1,0.4,0.5,2.0,89.1,10.9,1.16,96,0,11.88,0.00,0.0,0.0,2.05,0.00,0.20,0.0,0,126.8,0,0,0.9935,3282.1,21629,21629,524304,0
1785440276,536580664,606732288,536870912,0,0,390,629,16579,14670,14670,16400,0,0,1,1.9,3.4,0.0,5.2,5.2,58.0,89.5,10.5,1.13,3705,2539,449.88,300.09,0.0,0.0,2.19,0.31,8.89,42.0,0,123.0,0,0,0.0000,200000.0,22244,22244,524304,0
1785440278,535532104,586133504,536870912,0,0,632,730,17286,15375,15375,17129,0,0,1,2.4,2.7,0.4,5.7,6.1,31.5,89.8,10.2,1.09,2412,1399,294.05,167.14,0.0,0.0,2.76,0.30,7.09,25.5,19,123.9,0,0,0.0000,200000.0,22951,22951,524304,0
1785440279,537105320,562413568,536870912,0,0,658,749,18008,16099,16099,17877,0,2,1,3.1,2.5,1.6,4.8,6.4,63.0,90.1,9.9,1.05,4221,2915,512.52,347.63,0.0,0.0,2.32,0.30,10.66,50.0,0,123.4,0,0,0.0000,200000.0,23675,23673,524304,0
1785440280,536580664,562696192,536870912,0,0,659,741,18731,16822,16822,18617,0,0,1,2.4,3.0,2.2,4.7,6.9,63.0,90.4,9.6,1.05,4352,2916,528.99,345.49,0.0,0.0,1.92,0.30,9.26,49.0,4,123.2,0,0,0.0000,200000.0,24407,24407,524304,0
1785440281,536609224,634167296,536870912,0,0,402,297,19024,16905,16905,18701,0,0,0,1.5,2.3,0.8,4.3,5.1,28.0,90.4,9.6,1.18,2233,1127,276.83,134.75,0.0,0.0,5.20,0.31,11.97,16.0,0,125.4,0,0,0.9987,2257.4,25307,25307,524304,0
1785440282,536626832,617684992,536870912,0,0,24,59,19079,16959,16959,18756,0,1,0,0.3,1.3,0.0,1.0,1.0,12.0,90.4,9.6,1.15,364,274,44.18,31.54,0.0,0.0,0.95,0.31,0.43,4.0,0,121.5,0,0,0.0000,200000.0,25363,25362,524304,0
1785440283,537660776,604131328,536870912,0,0,463,748,19805,17684,17684,19503,0,2,1,2.2,3.3,1.7,5.1,6.8,61.0,90.7,9.3,1.12,4156,2913,504.83,347.88,0.0,0.0,2.27,0.30,10.31,43.0,4,123.5,0,0,0.0073,198547.6,26090,26089,524304,524304
1785440285,535562736,574128128,536870912,0,0,625,742,20520,18398,18398,20244,0,0,0,3.0,2.8,1.0,5.9,6.9,31.5,90.9,9.1,1.07,4502,2853,548.09,341.01,0.0,0.0,2.76,0.30,13.28,50.0,6,123.8,0,0,0.0072,198580.1,26818,26818,524304,0
1785440286,536611736,565944320,536870912,0,0,628,757,21250,19129,19129,21000,0,0,1,2.3,3.0,1.7,5.2,6.9,64.0,91.1,8.9,1.05,2191,1467,266.54,174.27,0.0,0.0,2.00,0.30,4.82,23.0,0,123.4,0,0,0.0000,200000.0,27562,27562,524304,0
1785440287,536087456,553852928,536870912,0,0,660,748,21983,19861,19861,21747,0,0,1,1.8,3.2,1.6,5.1,6.7,65.0,91.3,8.7,1.03,4553,3018,554.21,349.80,0.0,0.0,2.00,0.30,10.01,47.0,0,122.3,0,0,0.0072,198580.1,28295,28295,524304,0
1785440288,536639976,636379136,536870912,0,0,419,305,22282,19951,19951,21839,0,0,0,2.2,1.7,4.7,1.1,5.8,31.0,91.4,8.6,1.19,1850,1150,229.58,137.62,0.0,0.0,6.00,0.31,11.46,13.0,0,125.3,0,0,0.9941,3168.1,29606,29606,524304,0
1785440289,536657848,619835392,536870912,0,0,35,85,22361,20028,20028,21920,0,0,1,0.7,1.0,0.8,0.4,1.2,16.0,91.4,8.6,1.15,1026,376,125.74,44.44,0.0,0.0,4.11,0.32,4.33,8.0,0,124.3,0,0,0.0000,200000.0,29685,29685,524304,0
1785440290,537691528,623767552,536870912,0,0,444,693,23041,20708,20708,22612,0,2,1,2.4,3.4,0.9,5.5,6.4,63.0,91.6,8.4,1.16,5644,2712,691.21,323.99,0.0,0.0,3.25,0.30,19.15,47.0,0,124.4,0,0,0.0075,198523.4,30378,30376,524304,0
1785440291,535593928,587448320,536870912,0,0,592,740,23766,21431,21431,23351,0,0,1,2.3,2.8,0.9,5.9,6.8,63.0,91.8,8.2,1.10,4334,2930,526.83,344.06,0.0,0.0,2.55,0.30,11.94,43.0,0,122.8,0,0,0.0000,200000.0,31103,31103,524304,0
1785440293,536118208,562917376,536870912,0,0,616,732,24476,22142,22142,24082,0,0,1,2.4,3.2,1.1,5.4,6.5,31.5,91.9,8.1,1.05,2270,1470,276.47,170.60,0.0,0.0,3.10,0.30,7.49,22.0,0,122.4,0,0,0.0000,200000.0,31815,31815,524304,0
1785440294,535593928,557858816,536870912,0,0,634,734,25189,22854,22854,24815,0,0,1,2.6,2.5,2.3,4.1,6.4,63.0,92.1,7.9,1.04,4419,2913,538.05,339.90,0.0,0.0,2.82,0.31,13.34,45.0,11,122.6,0,0,0.0000,200000.0,32530,32530,524304,0
1785440295,536670336,637014016,536870912,0,0,597,586,25763,23221,23221,25189,0,0,0,2.0,2.7,0.3,7.0,7.3,49.0,92.2,7.8,1.19,3026,2307,370.11,268.88,0.0,0.0,3.51,0.31,11.32,31.0,0,122.7,0,0,0.9895,4079.4,33710,33710,524304,0
1785440296,536670336,637014016,536870912,0,0,45,1,25763,23221,23221,25189,0,0,0,0.2,1.1,0.1,0.4,0.5,7.0,92.2,7.8,1.19,1349,2,167.95,0.02,0.0,0.0,6.97,0.00,9.41,8.0,0,127.3,0,0,0.9895,4079.4,33710,33710,524304,0
1785440297,536148680,633438208,536870912,0,0,260,484,26238,23693,23693,25669,0,0,1,2.4,2.2,2.3,1.9,4.2,48.0,92.3,7.7,1.18,3488,2099,426.21,232.04,0.0,0.0,2.26,0.31,8.53,40.0,11,120.6,0,0,0.0077,198468.0,34185,34185,524304,0
1785440298,537721336,609243136,536870912,0,0,602,717,26937,24394,24394,26385,0,2,0,3.0,3.0,1.1,5.5,6.6,64.0,92.5,7.5,1.14,5203,3034,636.08,334.71,0.0,0.0,2.68,0.31,14.88,56.0,0,120.7,0,0,0.0000,200000.0,34886,34884,524304,0
1785440300,536148128,562573312,536870912,0,0,602,732,27659,25115,25115,27116,0,0,0,2.8,2.8,3.1,3.3,6.4,31.5,92.6,7.4,1.05,2235,1515,272.13,172.27,0.0,0.0,2.26,0.31,5.51,27.0,0,121.3,0,0,0.0000,200000.0,35606,35606,524304,0
1785440301,537721160,554512384,536870912,0,0,622,744,28382,25839,25839,27859,0,1,0,2.4,2.9,0.9,5.8,6.7,63.0,92.7,7.3,1.04,4610,3069,561.43,345.50,0.0,0.0,2.02,0.31,10.26,43.0,2,120.9,0,0,0.0000,200000.0,36330,36329,524304,0
1785440302,536148568,559099904,536870912,0,0,640,726,29095,26550,26550,28584,0,0,1,2.6,2.3,2.1,4.4,6.5,63.0,92.9,7.1,1.04,4535,3050,552.12,339.76,0.0,0.0,2.30,0.31,11.38,47.0,0,120.4,0,0,0.0077,198467.4,37043,37043,524304,0
1785440303,536721256,631955456,536870912,0,0,446,380,29467,26712,26712,28750,0,0,0,1.7,2.6,1.8,4.3,6.1,36.0,92.9,7.1,1.18,2263,1468,278.78,172.50,0.0,0.0,4.02,0.31,9.56,18.0,0,123.9,0,0,0.9947,3054.3,38040,38040,524304,0
1785440304,536721256,622407680,536870912,0,0,0,1,29467,26712,26712,28750,0,0,0,0.6,1.2,0.1,0.4,0.5,6.0,92.9,7.1,1.16,1017,0,126.58,0.00,0.0,0.0,6.66,0.00,6.77,6.0,0,127.5,0,0,0.9947,3054.3,38040,38040,524304,0
1785440305,535674768,606990336,536870912,0,0,397,685,30136,27378,27378,29431,0,0,0,2.3,2.8,1.0,5.0,6.0,64.0,93.0,7.0,1.13,5165,2944,631.61,325.42,0.0,0.0,3.12,0.32,17.06,49.0,3,120.9,0,0,0.0000,200000.0,38725,38725,524304,0
1785440307,535674768,583835648,536870912,0,0,592,726,30844,28086,28086,30156,0,0,0,2.7,2.3,3.4,3.1,6.5,32.0,93.1,6.9,1.09,4767,3001,581.01,336.89,0.0,0.0,2.48,0.31,12.73,48.0,14,121.0,0,0,0.0000,200000.0,39433,39433,524304,0
1785440308,536199048,572981248,536870912,0,0,608,719,31550,28793,28793,30874,0,0,0,2.2,2.7,1.6,4.9,6.5,63.0,93.3,6.7,1.07,2287,1447,278.56,169.16,0.0,0.0,2.80,0.31,6.85,23.0,0,122.7,0,0,0.0082,198373.5,40139,40139,524304,0
1785440309,535674768,556404736,536870912,0,0,649,736,32268,29510,29510,31609,0,0,0,2.3,2.5,0.8,5.6,6.4,64.0,93.4,6.6,1.04,4563,2959,555.00,342.62,0.0,0.0,2.45,0.31,12.11,41.0,0,122.2,0,0,0.0000,200000.0,40857,40857,524304,0
1785440310,536723504,549720064,536870912,0,0,648,734,32978,30222,30222,32342,0,1,0,2.6,2.7,1.3,5.1,6.4,63.0,93.4,6.6,1.03,4632,2952,563.80,338.32,0.0,0.0,2.09,0.31,10.61,54.0,2,121.8,0,0,0.0000,200000.0,41568,41567,524304,0
1785440311,536750472,636375040,536870912,0,0,449,395,33366,30399,30399,32524,0,0,0,1.9,2.7,3.4,2.8,6.2,40.0,93.5,6.5,1.19,3581,1555,443.15,180.62,0.0,0.0,4.64,0.31,17.10,24.0,0,124.4,0,0,0.9951,2964.3,42592,42592,524304,0
1785440312,536750472,630251520,536870912,0,0,0,1,33366,30399,30399,32524,0,0,0,0.4,0.8,0.1,0.4,0.5,3.0,93.5,6.5,1.17,130,0,16.15,0.00,0.0,0.0,3.18,0.00,0.41,1.0,0,127.2,0,0,0.9951,2964.3,42592,42592,524304,0
1785440313,537802024,618160128,536870912,0,0,372,663,34015,31046,31046,33183,0,2,1,2.8,2.4,5.1,0.5,5.6,62.0,93.6,6.4,1.15,4715,2859,574.80,315.39,0.0,0.0,2.76,0.30,13.88,46.0,0,120.4,0,0,0.0085,198319.6,43243,43242,524304,524304
1785440315,535703984,607674368,536870912,0,0,601,717,34721,31751,31751,33899,0,0,0,2.4,3.2,2.5,3.5,6.0,32.0,93.7,6.3,1.13,2602,1511,317.30,168.45,0.0,0.0,3.08,0.30,8.48,25.0,0,120.9,0,0,0.0000,200000.0,43947,43947,524304,0
1785440316,536228264,587522048,536870912,0,0,627,750,35448,32479,32479,34648,0,0,0,2.6,3.0,1.4,5.1,6.5,64.0,93.7,6.3,1.09,4651,3043,566.06,346.93,0.0,0.0,1.93,0.30,9.92,52.0,4,121.5,0,0,0.0085,198319.6,44674,44674,524304,0
1785440317,536752984,564858880,536870912,0,0,657,735,36158,33189,33189,35382,0,0,1,2.4,3.0,3.4,3.1,6.5,63.0,93.8,6.2,1.05,4758,3034,579.31,339.76,0.0,0.0,2.95,0.31,14.94,48.0,4,120.8,0,0,0.0000,200000.0,45386,45386,524304,0
1785440318,535704424,553754624,536870912,0,0,661,743,36871,33900,33900,36124,0,0,1,2.7,2.8,0.8,5.4,6.2,62.0,93.8,6.2,1.03,4662,3023,567.63,339.76,0.0,0.0,2.99,0.31,14.86,53.0,1,120.9,0,0,0.0085,198319.6,46100,46100,524304,0
1785440319,536779800,632287232,536870912,0,0,580,597,37454,34277,34277,36510,0,0,0,2.2,3.1,1.1,6.4,7.5,57.0,93.9,6.1,1.18,5259,2392,647.62,273.81,0.0,0.0,3.69,0.31,20.16,36.0,0,123.3,0,0,0.9954,2910.2,47312,47312,524304,0
1785440320,536779800,626307072,536870912,0,0,131,1,37454,34277,34277,36510,0,0,0,0.4,1.0,0.1,0.4,0.5,3.0,93.9,6.1,1.17,135,0,16.54,0.00,0.0,0.0,3.50,0.00,0.47,1.0,0,125.5,0,0,0.9954,2910.2,47312,47312,524304,0
1785440322,536257592,617730048,536870912,0,0,314,509,37947,34768,34768,37015,0,0,0,1.8,1.9,1.6,2.7,4.3,23.0,93.9,6.1,1.15,2791,2178,338.51,240.36,0.0,0.0,2.10,0.31,6.52,24.0,0,119.3,0,0,0.0000,200000.0,47805,47805,524304,0
1785440323,536258032,604110848,536870912,0,0,612,685,38617,35437,35437,37699,0,0,1,2.6,3.0,2.6,3.3,5.9,65.0,94.0,6.0,1.12,3024,1437,370.38,160.17,0.0,0.0,3.59,0.31,11.29,26.0,6,121.8,0,0,0.0000,200000.0,48475,48475,524304,0
1785440324,537306896,583454720,536870912,0,0,627,740,39330,36150,36150,38438,0,1,1,2.4,3.2,0.6,5.8,6.4,62.0,94.0,6.0,1.09,4521,2955,549.74,340.07,0.0,0.0,2.68,0.30,12.99,46.0,0,121.9,0,0,0.0088,198265.5,49189,49188,524304,0
1785440325,535733752,564977664,536870912,0,0,652,727,40041,36860,36860,39164,0,0,1,2.1,3.2,1.3,4.9,6.2,63.0,94.1,5.9,1.05,4825,2982,587.51,339.28,0.0,0.0,2.99,0.30,15.36,48.0,0,121.6,0,0,0.0000,200000.0,49899,49899,524304,0
1785440326,537306880,549363712,536870912,0,0,652,720,40745,37567,37567,39883,0,1,1,2.0,2.9,1.0,5.2,6.2,64.0,94.2,5.8,1.02,5329,2899,651.41,331.18,0.0,0.0,2.78,0.30,15.70,46.0,126,122.3,0,0,0.0000,200000.0,50604,50603,524304,0
1785440327,535733312,536272896,536870912,0,0,617,690,41421,38241,38241,40572,0,0,0,2.5,3.0,1.5,4.6,6.1,63.0,94.3,5.7,1.00,5758,2879,704.85,328.29,0.0,0.0,2.90,0.30,17.59,53.0,0,122.5,0,0,0.0088,198265.5,51279,51279,524304,0
1785440328,536809848,634359808,536870912,0,0,410,347,41760,38371,38371,40706,0,0,0,1.6,1.9,1.3,4.8,6.1,30.0,94.3,5.7,1.18,1985,1321,245.11,157.69,0.0,0.0,5.29,0.30,10.89,15.0,0,124.8,0,0,0.9908,3821.9,52256,52256,524304,0
1785440330,537352304,634241024,536870912,0,0,12,36,41794,38402,38402,40738,0,1,1,0.6,1.2,0.8,0.0,0.8,5.0,94.3,5.7,1.18,152,94,18.50,10.51,0.0,0.0,1.80,0.32,0.30,1.0,0,120.3,0,0,0.0045,199116.4,52291,52290,524304,0
1785440331,536812392,634126336,536870912,0,0,451,736,42519,39126,39126,41473,0,0,1,2.8,2.5,1.7,4.5,6.2,63.0,94.3,5.7,1.18,4602,3093,560.19,345.50,0.0,0.0,2.08,0.30,10.50,48.0,0,120.5,0,0,0.0090,198210.1,53015,53015,524304,0
1785440332,537861400,615170048,536870912,0,0,631,702,43204,39813,39813,42174,0,2,1,2.2,3.0,1.0,5.1,6.1,64.0,94.4,5.6,1.15,5606,2849,685.94,327.81,0.0,0.0,3.27,0.31,19.18,47.0,4,122.8,0,0,0.0000,200000.0,53704,53702,524304,0
1785440333,537860848,578387968,536870912,0,0,657,733,43916,40526,40526,42906,0,2,0,2.2,3.0,4.5,2.2,6.7,64.0,94.5,5.5,1.07,4720,3024,574.62,340.71,0.0,0.0,2.67,0.31,13.53,47.0,0,121.0,0,0,0.0000,200000.0,54419,54417,524304,0
1785440334,536288080,579620864,536870912,0,0,659,704,44603,41211,41211,43609,0,0,1,2.6,2.5,1.7,4.3,6.0,67.0,94.5,5.5,1.08,6412,2814,785.82,322.56,0.0,0.0,3.27,0.30,21.84,48.0,32,123.0,0,0,0.0000,200000.0,55104,55104,524304,0
1785440335,536288080,573157376,536870912,0,0,624,725,45308,41916,41916,44333,0,0,1,2.3,2.7,1.3,4.9,6.2,63.0,94.5,5.5,1.07,4922,3037,599.65,342.57,0.0,0.0,2.82,0.31,14.82,44.0,3,121.2,0,0,0.0000,200000.0,55809,55809,524304,0
1785440336,535763360,554205184,536870912,0,0,619,736,46023,42631,42631,45068,0,0,0,2.5,2.8,1.7,4.8,6.5,63.0,94.6,5.4,1.03,4782,2941,582.47,339.82,0.0,0.0,2.20,0.30,11.42,52.0,0,122.3,0,0,0.0000,200000.0,56524,56524,524304,0
1785440338,536839304,636649472,536870912,0,0,330,257,46274,42675,42675,45114,0,0,0,1.1,2.0,1.5,3.3,4.8,12.0,94.6,5.4,1.19,889,509,109.85,58.06,0.0,0.0,5.43,0.31,4.98,6.0,0,122.9,0,0,0.0000,200000.0,57405,57405,524304,0
1785440339,536317096,636649472,536870912,0,0,50,120,46392,42791,42791,45230,0,0,0,0.4,1.6,0.4,1.0,1.4,15.0,94.6,5.4,1.19,644,534,77.52,61.48,0.0,0.0,1.10,0.30,0.87,9.0,6,120.8,0,0,0.0000,200000.0,57523,57523,524304,0
1785440340,535792816,620015616,536870912,0,0,494,742,47121,43519,43519,45971,0,0,0,2.9,2.5,0.8,5.4,6.2,63.0,94.7,5.3,1.15,4437,3143,539.66,348.52,0.0,0.0,2.34,0.31,11.35,42.0,0,120.0,0,0,0.0000,200000.0,58258,58258,524304,0
1785440341,537890304,617426944,536870912,0,0,629,694,47801,44201,44201,46664,0,2,0,2.2,3.2,2.5,3.4,5.9,66.0,94.7,5.3,1.15,5822,2857,711.75,323.99,0.0,0.0,3.42,0.31,20.80,48.0,0,122.2,0,0,0.0000,200000.0,58944,58942,524304,0
1785440342,536317536,660799488,536870912,0,0,639,670,48465,44863,44863,47333,0,0,1,2.7,2.9,1.7,3.8,5.5,66.0,94.8,5.2,1.23,6464,2807,793.07,318.26,0.0,0.0,3.29,0.30,22.09,49.0,0,122.7,0,0,0.0000,200000.0,59606,59606,524304,0
1785440343,535792816,590958592,536870912,0,0,612,726,49173,45571,45571,48058,0,0,0,2.7,2.4,0.0,6.4,6.4,62.0,94.8,5.2,1.10,4792,2960,584.07,336.89,0.0,0.0,2.94,0.30,14.97,48.0,0,121.7,0,0,0.0000,200000.0,60314,60314,524304,0
1785440345,536317544,571772928,536870912,0,0,605,725,49891,46288,46288,48782,0,0,1,3.2,2.0,2.6,3.7,6.3,64.0,94.9,5.1,1.06,4782,3029,581.84,343.50,0.0,0.0,2.45,0.30,12.65,46.0,10,121.3,0,0,0.0000,200000.0,61032,61032,524304,0
1785440346,536317096,558190592,536870912,0,0,620,737,50609,47008,47008,49518,0,0,0,2.3,3.4,0.0,6.3,6.3,32.5,94.9,5.1,1.04,2462,1514,299.87,171.59,0.0,0.0,2.33,0.31,6.21,23.5,0,121.4,0,0,0.0000,200000.0,61750,61750,524304,0
1785440347,536870320,636727296,536870912,0,0,467,428,51030,47218,47218,49732,0,0,0,1.6,2.7,0.2,6.1,6.3,39.0,94.9,5.1,1.19,2635,1703,324.02,196.39,0.0,0.0,3.80,0.31,10.53,24.0,0,122.8,0,0,0.9914,3710.1,62978,62978,524304,0
1785440348,536870320,633282560,536870912,0,0,0,1,51030,47218,47218,49732,0,0,0,0.3,1.2,0.0,0.5,0.5,5.0,94.9,5.1,1.18,634,0,78.91,0.00,0.0,0.0,6.84,0.00,4.34,4.0,0,127.4,0,0,0.9914,3710.1,62978,62978,524304,0
1785440349,535824272,622673920,536870912,0,0,436,710,51731,47915,47915,50438,0,0,1,2.7,3.0,1.7,4.6,6.3,65.0,95.0,5.0,1.16,3986,2846,483.74,334.50,0.0,0.0,2.57,0.30,11.11,40.0,127,122.6,0,0,0.0096,198098.6,63681,63681,524304,0
1785440350,538446504,700518400,536870912,0,0,635,696,52413,48600,48600,51133,0,4,1,2.4,3.5,2.3,3.6,5.9,65.0,95.0,5.0,1.30,5866,2937,718.02,331.16,0.0,0.0,2.98,0.31,18.38,58.0,0,122.0,0,0,0.0000,200000.0,64368,64364,524304,0
1785440351,537922048,603074560,536870912,0,0,617,739,53133,49319,49319,51871,0,3,1,2.6,2.9,3.7,2.8,6.5,64.0,95.1,4.9,1.12,4919,3034,599.42,345.01,0.0,0.0,2.69,0.31,14.15,46.0,0,121.6,0,0,0.0000,200000.0,65087,65084,524304,0
1785440353,537922048,590479360,536870912,0,0,619,741,53858,50044,50044,52611,0,3,1,2.6,3.4,2.1,4.3,6.4,32.0,95.1,4.9,1.10,2468,1531,300.43,172.75,0.0,0.0,2.40,0.30,6.39,28.5,0,121.1,0,0,0.0000,200000.0,65814,65812,524304,524304
1785440354,535823832,566808576,536870912,0,0,616,726,54572,50757,50757,53336,0,0,0,2.5,2.8,0.6,5.9,6.5,62.0,95.2,4.8,1.05,4929,2970,600.18,339.76,0.0,0.0,2.90,0.30,15.22,44.0,0,121.9,0,0,0.0000,200000.0,66525,66525,524304,0
1785440355,537921144,548167680,536870912,0,0,633,737,55296,51483,51483,54072,0,1,0,2.3,3.5,1.5,4.8,6.3,64.0,95.2,4.8,1.02,4963,3062,604.21,346.93,0.0,0.0,2.97,0.30,15.66,53.0,0,121.4,0,0,0.0000,200000.0,67250,67249,524304,0
1785440356,536375888,636141568,536870912,0,0,640,703,55988,51964,51964,54563,0,0,0,2.6,2.7,2.1,6.4,8.5,59.0,95.2,4.8,1.19,4017,2804,490.58,324.00,0.0,0.0,2.85,0.30,12.28,40.0,0,122.3,0,0,0.9819,5589.8,68548,68548,524304,0
1785440357,536375888,626081792,536870912,0,0,203,1,55988,51964,51964,54563,0,0,0,0.1,2.1,0.0,0.5,0.5,9.0,95.2,4.8,1.17,1961,0,244.16,0.00,0.0,0.0,6.93,0.00,13.59,8.0,0,127.5,0,0,0.0000,200000.0,68548,68548,524304,0
1785440358,536378136,620056576,536870912,0,0,233,376,56356,52331,52331,54935,0,1,0,1.4,2.4,2.5,0.9,3.4,39.0,95.3,4.7,1.15,2977,1649,363.31,182.07,0.0,0.0,3.44,0.31,10.74,28.0,4,120.7,0,0,0.0000,200000.0,68917,68916,524304,0
1785440359,535329400,603987968,536870912,0,0,604,695,57034,53007,53007,55629,0,0,0,2.2,3.0,1.5,4.4,5.9,64.0,95.3,4.7,1.13,6148,2923,754.30,322.56,0.0,0.0,3.53,0.31,22.61,50.0,0,121.6,0,0,0.0050,199010.6,69594,69594,524304,0
1785440361,535853680,581398528,536870912,0,0,590,743,57758,53732,53732,56371,0,0,0,2.6,2.7,0.8,5.6,6.4,31.5,95.3,4.7,1.08,2393,1571,291.55,173.46,0.0,0.0,2.85,0.31,7.31,21.0,0,120.1,0,0,0.0000,200000.0,70318,70318,524304,0
1785440362,537426888,562241536,536870912,0,0,614,730,58471,54446,54446,57100,0,2,0,3.2,2.9,0.2,6.0,6.2,63.0,95.4,4.6,1.05,5068,3079,618.52,340.24,0.0,0.0,3.01,0.31,16.18,48.0,0,120.5,0,0,0.0000,200000.0,71033,71031,524304,0
1785440363,535854120,555671552,536870912,0,0,648,734,59195,55168,55168,57833,0,0,1,2.3,3.0,1.6,4.6,6.2,65.0,95.4,4.6,1.04,4933,3139,601.56,346.93,0.0,0.0,3.09,0.31,16.19,52.0,4,120.3,0,0,0.0000,200000.0,71757,71757,524304,0
1785440364,535854120,542818304,536870912,0,0,652,727,59911,55884,55884,58559,0,0,1,2.7,3.1,1.0,5.2,6.2,65.0,95.4,4.6,1.01,4933,3092,600.91,342.14,0.0,0.0,3.13,0.31,16.40,50.0,2,120.3,0,0,0.0050,199010.3,72488,72488,524304,0
1785440365,536378512,557322240,536870912,0,0,655,690,60588,56562,56562,59248,0,0,1,2.6,3.4,0.0,5.8,5.8,66.0,95.5,4.5,1.04,6634,2869,814.63,316.82,0.0,0.0,3.17,0.31,21.88,47.0,125,121.9,0,0,0.0000,200000.0,73165,73165,524304,0
1785440366,536406328,639111168,536870912,0,0,530,571,61147,56910,56910,59605,0,0,0,2.2,2.6,3.8,3.7,7.5,49.0,95.5,4.5,1.19,3606,2399,441.82,267.60,0.0,0.0,3.95,0.31,14.97,33.0,0,121.0,0,0,0.9968,2631.8,74339,74339,524304,0
1785440367,536406328,636108800,536870912,0,0,0,1,61147,56910,56910,59605,0,0,0,0.3,0.9,0.1,0.4,0.5,2.0,95.5,4.5,1.19,143,0,17.78,0.00,0.0,0.0,3.31,0.00,0.47,1.0,0,127.3,0,0,0.9968,2631.8,74339,74339,524304,0
1785440369,535884120,638103552,536870912,0,0,312,562,61699,57460,57460,60163,0,0,0,2.0,1.9,2.7,1.9,4.6,26.5,95.5,4.5,1.19,1666,1220,202.56,134.99,0.0,0.0,2.57,0.31,4.66,18.5,0,119.7,0,0,0.0053,198954.2,74893,74893,524304,0
1785440370,536408576,635101184,536870912,0,0,618,684,62370,58132,58132,60846,0,1,0,2.2,3.2,1.0,4.9,5.9,65.0,95.5,4.5,1.18,6446,2899,791.20,319.69,0.0,0.0,3.43,0.31,22.99,58.0,0,121.7,0,0,0.0000,200000.0,75565,75564,524304,0
1785440371,535884120,607404032,536870912,0,0,655,734,63095,58856,58856,61579,0,0,0,2.5,2.2,3.6,2.5,6.1,63.0,95.6,4.4,1.13,4771,3144,581.10,346.93,0.0,0.0,2.73,0.31,13.97,45.0,0,120.1,0,0,0.0000,200000.0,76289,76289,524304,0
1785440372,535359840,577175552,536870912,0,0,656,732,63818,59578,59578,62310,0,0,0,2.1,2.9,3.6,2.8,6.4,65.0,95.6,4.4,1.07,5226,3113,637.73,344.06,0.0,0.0,2.60,0.31,14.52,51.0,0,120.6,0,0,0.0000,200000.0,77014,77014,524304,0
1785440373,536408952,703832064,536870912,0,0,640,681,64491,60252,60252,62990,0,0,1,2.1,3.0,0.0,5.6,5.6,68.0,95.7,4.3,1.31,6804,2894,833.77,319.21,0.0,0.0,3.51,0.31,24.78,41.0,0,121.7,0,0,0.0000,200000.0,77687,77687,524304,0
1785440374,536408840,561528832,536870912,0,0,615,724,65204,60965,60965,63713,0,0,1,2.4,2.8,0.3,5.6,5.9,63.0,95.7,4.3,1.05,4978,3119,605.96,344.06,0.0,0.0,2.67,0.30,14.27,52.0,0,120.1,0,0,0.0000,200000.0,78400,78400,524304,0
1785440376,535884120,540606464,536870912,0,0,615,733,65927,61688,61688,64445,0,0,0,2.3,3.3,2.5,3.6,6.1,32.0,95.7,4.3,1.01,4998,3052,609.29,344.06,0.0,0.0,2.65,0.31,14.17,45.0,0,121.3,0,0,0.0000,200000.0,79123,79123,524304,0
1785440377,536435920,635764736,536870912,0,0,578,627,66546,62098,62098,64860,0,0,0,2.8,2.3,2.0,5.9,7.9,56.0,95.7,4.3,1.19,1870,1285,228.93,145.51,0.0,0.0,3.27,0.31,6.50,15.5,0,121.5,0,0,0.9873,4511.7,80632,80632,524304,0
1785440378,536435920,630145024,536870912,0,0,0,1,66546,62098,62098,64860,0,0,0,0.3,1.3,0.0,0.5,0.5,4.0,95.7,4.3,1.17,806,0,100.54,0.00,0.0,0.0,5.91,0.00,4.77,3.0,0,127.7,0,0,0.0000,200000.0,80632,80632,524304,0
1785440379,535914152,625631232,536870912,0,0,319,560,67102,62651,62651,65416,0,0,1,2.1,2.0,2.1,2.6,4.7,49.0,95.8,4.2,1.17,2403,2450,289.10,270.78,0.0,0.0,0.58,0.31,2.14,27.0,4,118.1,0,0,0.0000,200000.0,81199,81199,524304,0
1785440380,535913712,606978048,536870912,0,0,617,673,67763,63313,63313,66088,0,0,0,2.5,3.4,0.7,5.2,5.9,66.0,95.8,4.2,1.13,6616,2857,811.88,315.93,0.0,0.0,4.05,0.31,27.66,47.0,14,121.9,0,0,0.0000,200000.0,81862,81862,524304,0
1785440381,535914264,660480000,536870912,0,0,634,670,68428,63977,63977,66757,0,0,1,2.3,3.6,2.0,3.8,5.8,64.0,95.8,4.2,1.23,6399,2831,785.88,312.15,0.0,0.0,3.64,0.31,24.18,61.0,125,121.8,0,0,0.0000,200000.0,82527,82527,524304,0
1785440382,536438168,579842048,536870912,0,0,609,716,69137,64688,64688,67472,0,1,0,2.7,2.9,1.3,4.8,6.1,65.0,95.9,4.1,1.08,5290,3064,645.48,344.54,0.0,0.0,2.88,0.30,16.17,54.0,0,121.4,0,0,0.0000,200000.0,83237,83236,524304,0
1785440384,536962720,561704960,536870912,0,0,612,734,69865,65415,65415,68205,0,0,1,2.7,2.9,1.0,5.1,6.1,32.0,95.9,4.1,1.05,2501,1542,304.58,174.18,0.0,0.0,2.26,0.30,6.13,27.0,0,121.2,0,0,0.0000,200000.0,83964,83964,524304,0
1785440385,537486920,538923008,536870912,0,0,611,724,70582,66133,66133,68928,0,2,0,2.4,2.8,3.4,2.9,6.3,65.0,95.9,4.1,1.00,5022,3002,611.98,342.62,0.0,0.0,3.09,0.31,16.46,53.0,0,121.8,0,0,0.0000,200000.0,84693,84691,524304,0
1785440386,536438432,535011328,536870912,0,0,614,720,71299,66849,66849,69647,0,0,1,2.7,3.2,2.4,4.0,6.4,64.0,96.0,4.0,1.00,4963,3016,604.60,342.16,0.0,0.0,2.77,0.31,14.65,53.0,4,121.5,0,0,0.0000,200000.0,85410,85410,524304,0
1785440387,643434640,549572608,536870912,0,0,674,894,71976,67516,67516,70326,0,86,0,2.7,3.1,4.9,5.2,10.1,69.0,96.0,4.0,0.99,4704,2791,573.25,315.39,0.0,0.0,2.63,0.30,13.24,41.0,0,121.4,0,0,0.9925,3488.5,86682,86597,524304,524304
1785440388,536466368,633221120,536870912,0,0,303,1,72178,67516,67516,70326,0,0,0,0.8,1.7,0.7,0.0,0.7,14.0,96.0,4.0,1.18,1994,883,248.51,98.91,0.0,0.0,5.79,0.31,11.81,12.0,0,123.7,0,0,0.9925,3488.5,86948,86948,524304,0
1785440389,536468616,635813888,536870912,0,0,110,220,72394,67731,67731,70542,0,1,0,1.1,1.8,0.5,1.7,2.2,23.0,96.0,4.0,1.19,1612,980,196.14,108.47,0.0,0.0,2.73,0.31,4.70,13.0,0,120.3,0,0,0.0000,200000.0,87165,87164,524304,0
1785440390,535419880,637927424,536870912,0,0,546,667,73056,68391,68391,71208,0,0,0,2.4,3.7,2.2,3.6,5.8,68.0,96.0,4.0,1.19,6995,2847,858.00,315.38,0.0,0.0,3.70,0.31,26.78,58.0,0,122.1,0,0,0.0000,200000.0,87827,87827,524304,0
1785440392,536469080,618872832,536870912,0,0,570,735,73785,69120,69120,71942,0,1,1,2.2,2.9,2.4,4.1,6.5,32.0,96.1,3.9,1.15,2392,1584,291.19,174.90,0.0,0.0,2.59,0.31,6.68,25.5,0,120.0,0,0,0.0000,200000.0,88566,88565,524304,0
1785440393,535944160,579092480,536870912,0,0,614,733,74510,69846,69846,72674,0,0,0,2.6,3.1,1.6,5.1,6.7,65.0,96.1,3.9,1.08,5261,3146,641.68,346.93,0.0,0.0,2.77,0.31,15.51,51.0,0,120.4,0,0,0.0000,200000.0,89290,89290,524304,0
1785440394,536468880,564482048,536870912,0,0,648,742,75245,70581,70581,73415,0,0,1,2.4,2.9,2.2,4.5,6.7,66.0,96.1,3.9,1.05,5007,3083,609.96,349.79,0.0,0.0,2.76,0.31,14.78,51.0,0,121.5,0,0,0.0000,200000.0,90026,90026,524304,0
1785440395,535420320,570310656,536870912,0,0,660,737,75976,71310,71310,74151,0,0,1,2.5,2.8,1.2,5.0,6.2,64.0,96.2,3.8,1.06,5108,3077,622.55,349.80,0.0,0.0,2.44,0.30,13.41,48.0,0,121.6,0,0,0.0058,198843.5,90757,90757,524304,0
1785440396,535944712,558977024,536870912,0,0,655,709,76676,72011,72011,74859,0,0,1,2.3,2.9,3.3,2.7,6.0,67.0,96.2,3.8,1.04,6483,2914,794.75,328.77,0.0,0.0,3.50,0.30,23.56,54.0,19,122.4,0,0,0.0000,200000.0,91457,91457,524304,0
1785440397,536468616,546271232,536870912,0,0,614,699,77369,72706,72706,75557,0,1,0,2.2,3.0,0.9,5.4,6.3,66.0,96.2,3.8,1.02,5460,2947,666.62,336.89,0.0,0.0,3.49,0.31,19.95,41.0,0,122.2,0,0,0.0000,200000.0,92157,92156,524304,0
1785440399,536497120,636682240,536870912,0,0,585,662,78026,73152,73152,76006,0,0,0,3.1,2.4,5.0,3.7,8.7,28.5,96.2,3.8,1.19,1864,1349,228.10,154.10,0.0,0.0,3.04,0.31,6.09,15.0,0,121.8,0,0,0.9977,2464.4,93595,93595,524304,0
1785440400,536497120,628531200,536870912,0,0,149,1,78026,73152,73152,76006,0,0,0,0.2,1.6,0.1,0.4,0.5,6.0,96.2,3.8,1.17,688,0,85.33,0.00,0.0,0.0,7.94,0.00,5.47,3.0,0,127.0,0,0,0.9977,2464.4,93595,93595,524304,0
1785440401,535450632,624078848,536870912,0,0,316,523,78543,73666,73666,76525,0,0,0,2.0,2.0,1.1,3.3,4.4,45.0,96.3,3.7,1.16,2244,2270,270.15,250.88,0.0,0.0,0.57,0.31,1.99,35.0,0,118.2,0,0,0.0000,200000.0,94119,94119,524304,0
1785440402,536499632,606928896,536870912,0,0,648,722,79255,74379,74379,77246,0,0,1,2.7,2.8,4.3,2.5,6.8,64.0,96.3,3.7,1.13,5220,3067,637.86,342.46,0.0,0.0,3.25,0.31,17.90,48.0,6,121.1,0,0,0.0000,200000.0,94831,94831,524304,0
1785440403,537548672,574705664,536870912,0,0,651,727,79975,75099,75099,77972,0,2,1,2.4,3.5,2.3,4.1,6.4,64.0,96.3,3.7,1.07,5042,3109,614.15,342.80,0.0,0.0,2.51,0.31,13.62,52.0,4,120.2,0,0,0.0061,198786.8,95553,95551,524304,0
1785440404,537024200,665059328,536870912,0,0,644,685,80653,75778,75778,78656,0,1,1,2.8,3.3,1.4,4.4,5.8,67.0,96.3,3.7,1.24,7052,2883,865.84,320.56,0.0,0.0,3.84,0.31,27.96,56.0,10,122.3,0,0,0.0000,200000.0,96230,96229,524304,0
1785440405,535450632,549666816,536870912,0,0,608,717,81366,76489,76489,79372,0,0,0,2.6,2.6,3.0,3.4,6.4,66.0,96.4,3.6,1.02,5031,3104,613.03,344.45,0.0,0.0,2.91,0.31,15.58,51.0,6,120.5,0,0,0.0000,200000.0,96948,96948,524304,0
1785440407,536499368,542044160,536870912,0,0,602,728,82091,77216,77216,80099,0,1,0,2.5,3.3,4.8,1.7,6.5,33.0,96.4,3.6,1.01,2565,1565,312.43,173.54,0.0,0.5,3.07,0.31,8.35,23.0,0,120.5,0,0,0.0000,200000.0,97694,97693,524304,0
1785440408,536499632,532832256,536870912,0,0,611,742,82827,77951,77951,80840,0,0,1,2.5,3.2,3.4,3.4,6.8,67.0,96.4,3.6,1.00,5171,3149,629.79,350.75,0.0,0.0,2.68,0.31,14.81,48.0,0,120.7,0,0,0.0000,200000.0,98429,98429,524304,0
1785440409,535975352,532832256,536870912,0,0,628,743,83564,78687,78687,81582,0,0,1,2.6,2.9,2.8,4.0,6.8,65.0,96.5,3.5,0.99,5132,3185,625.25,351.23,0.0,0.0,2.69,0.31,14.77,51.0,0,120.2,0,0,0.0061,198786.8,99166,99166,524304,0
1785440410,536527616,637034496,536870912,0,0,536,529,84087,79001,79001,81898,0,0,0,2.1,2.5,1.5,6.2,7.7,47.0,96.5,3.5,1.19,3400,2176,417.96,245.61,0.0,0.0,4.49,0.31,15.93,32.0,0,121.9,0,0,0.9882,4342.9,100310,100310,524304,0
1785440411,536527616,637034496,536870912,0,0,0,1,84087,79001,79001,81898,0,0,0,0.4,1.6,0.5,0.0,0.5,7.0,96.5,3.5,1.19,1518,0,189.07,0.00,0.0,0.0,7.54,0.00,11.44,9.0,0,127.5,0,0,0.0000,200000.0,100310,100310,524304,0
1785440412,535481128,636481536,536870912,0,0,302,516,84599,79510,79510,82410,0,0,0,1.5,2.8,1.1,3.6,4.7,54.0,96.5,3.5,1.19,4764,2189,584.42,249.44,0.0,0.0,3.83,0.31,18.92,36.0,0,122.8,0,0,0.0000,200000.0,100831,100831,524304,0
1785440414,537579168,635473920,536870912,0,0,583,712,85307,80219,80219,83121,0,2,1,2.3,3.3,1.3,5.3,6.6,33.5,96.5,3.5,1.18,2782,1448,340.13,168.68,0.0,0.0,3.04,0.31,8.90,28.5,0,123.2,0,0,0.0000,200000.0,101543,101541,524304,0
1785440415,536529864,608780288,536870912,0,0,598,740,86041,80954,80954,83860,0,1,0,1.9,3.6,3.0,3.9,6.9,66.0,96.5,3.5,1.13,5011,3009,610.70,353.14,0.0,0.0,3.43,0.31,18.11,52.0,0,123.1,0,0,0.0000,200000.0,102281,102280,524304,0
1785440416,536005848,595197952,536870912,0,0,644,738,86776,81687,81687,84597,0,0,1,2.5,3.3,2.2,5.0,7.2,66.0,96.6,3.4,1.11,5215,2962,634.92,349.81,0.0,0.0,2.57,0.30,14.31,50.0,0,123.3,0,0,0.0000,200000.0,103015,103015,524304,0
1785440417,536005408,583729152,536870912,0,0,646,730,87503,82415,82415,85326,0,0,0,3.3,3.3,1.7,5.2,6.9,67.0,96.6,3.4,1.09,5079,2947,618.87,346.93,0.0,0.0,3.12,0.31,16.74,51.0,0,123.2,0,0,0.0000,200000.0,103742,103742,524304,0
1785440418,535481568,584179712,536870912,0,0,645,712,88214,83124,83124,86037,0,0,1,2.7,3.1,1.5,4.9,6.4,66.0,96.6,3.4,1.09,5912,2848,724.30,334.03,0.0,0.0,3.47,0.31,21.38,55.0,124,123.7,0,0,0.0000,200000.0,104453,104453,524304,0
1785440419,537054416,550494208,536870912,0,0,609,684,88891,83803,83803,86720,0,0,1,2.4,3.0,1.0,5.5,6.5,65.0,96.6,3.4,1.03,6136,2785,750.72,328.77,0.0,0.0,3.39,0.31,21.67,49.0,0,123.9,0,0,0.0000,200000.0,105130,105130,524304,0
1785440421,535481128,538419200,536870912,0,0,599,729,89618,84529,84529,87448,0,0,0,2.6,2.8,2.3,4.3,6.6,32.5,96.7,3.3,1.00,2534,1474,308.80,174.18,0.0,0.0,2.72,0.31,7.33,25.0,1,123.4,0,0,0.0064,198730.8,105857,105857,524304,0
1785440422,536558040,631627776,536870912,0,0,667,766,90378,85081,85081,88002,0,0,0,3.2,3.1,2.1,7.7,9.8,65.0,96.7,3.3,1.11,4365,3046,532.62,357.43,0.0,0.0,2.93,0.31,13.75,37.0,0,123.0,0,0,0.9982,2351.8,107215,107215,524304,0
1785440423,536558040,631648256,536870912,0,0,203,1,90378,85081,85081,88002,0,0,0,0.3,1.5,0.6,0.0,0.6,6.0,96.7,3.3,1.18,1307,0,162.79,0.00,0.0,0.0,7.30,0.00,9.54,6.0,0,127.5,0,0,0.9982,2351.8,107215,107215,524304,0
1785440424,537609040,625967104,536870912,0,0,218,363,90736,85438,85438,88361,0,2,0,1.1,2.2,2.4,1.2,3.6,36.0,96.7,3.3,1.17,1618,1594,194.73,176.33,0.0,0.0,0.66,0.31,1.57,17.0,0,118.3,0,0,0.0000,200000.0,107577,107575,524304,0
1785440425,536560552,652304384,536870912,0,0,631,693,91423,86124,86124,89053,0,0,1,2.7,3.3,1.1,5.3,6.4,68.0,96.7,3.3,1.22,6654,2915,817.22,322.55,0.0,0.0,3.55,0.31,24.55,61.0,124,122.0,0,0,0.0000,200000.0,108263,108263,524304,0
1785440426,537085024,601276416,536870912,0,0,596,678,92093,86793,86793,89730,0,1,1,2.3,2.9,3.4,3.0,6.4,66.0,96.7,3.3,1.12,6287,2947,770.67,325.43,0.0,0.0,3.42,0.31,22.45,50.0,13,121.6,0,0,0.0000,200000.0,108934,108934,524304,524304
1785440428,536560552,588201984,536870912,0,0,596,724,92810,87511,87511,90453,0,0,1,2.4,3.3,0.9,5.8,6.7,32.5,96.7,3.3,1.10,2548,1547,311.00,171.31,0.0,0.0,3.16,0.31,8.54,28.5,0,120.6,0,0,0.0000,200000.0,109659,109659,524304,0
1785440429,537085136,568037376,536870912,0,0,604,746,93551,88251,88251,91198,0,1,1,2.4,3.3,1.8,5.0,6.8,66.0,96.8,3.2,1.06,5100,3195,621.47,354.09,0.0,0.0,2.54,0.31,13.95,55.0,0,120.4,0,0,0.0000,200000.0,110422,110421,524304,0
1785440430,536036272,555556864,536870912,0,0,635,739,94288,88988,88988,91936,0,0,1,2.1,3.2,2.0,4.9,6.9,66.0,96.8,3.2,1.04,5170,3160,630.19,352.25,0.0,0.0,2.55,0.31,14.18,51.0,4,120.8,0,0,0.0067,198674.4,111158,111158,524304,0
1785440431,536036272,544002048,536870912,0,0,652,741,95016,89716,89716,92676,0,0,1,2.4,3.6,0.0,6.9,6.9,65.0,96.8,3.2,1.01,5132,2965,625.65,347.35,0.0,0.0,2.85,0.31,15.52,52.0,4,123.1,0,0,0.0067,198674.4,111886,111886,524304,0
1785440432,536036384,539971584,536870912,0,0,650,730,95741,90441,90441,93405,0,0,1,3.1,3.0,2.9,3.9,6.8,67.0,96.8,3.2,1.01,5542,2888,677.57,340.71,0.0,0.0,2.92,0.31,17.05,61.0,1,123.7,0,0,0.0000,200000.0,112611,112611,524304,0
1785440433,536035864,580841472,536870912,0,0,619,685,96420,91121,91121,94089,0,0,0,2.6,2.9,2.1,4.2,6.3,67.0,96.8,3.2,1.08,6624,2810,812.40,329.73,0.0,0.0,3.68,0.30,25.24,58.0,4,124.0,0,0,0.0067,198674.4,113290,113290,524304,0
1785440435,536589064,633155584,536870912,0,0,450,443,96860,91349,91349,94317,0,0,0,1.9,2.3,2.3,4.6,6.9,19.0,96.9,3.1,1.18,1393,868,171.34,102.74,0.0,0.0,4.93,0.31,7.14,10.5,0,124.1,0,0,0.9936,3262.2,114349,114349,524304,0
1785440436,536589064,633176064,536870912,0,0,0,1,96860,91349,91349,94317,0,0,0,0.1,1.6,0.2,0.4,0.6,4.0,96.9,3.1,1.18,138,0,17.14,0.00,0.0,0.0,3.04,0.00,0.42,0.0,0,127.2,0,0,0.9936,3262.2,114349,114349,524304,0
1785440437,535542576,629534720,536870912,0,0,419,725,97578,92064,92064,95038,0,0,0,2.2,2.9,2.2,4.5,6.7,64.0,96.9,3.1,1.17,4551,3150,554.09,348.38,0.0,0.0,1.95,0.31,9.85,52.0,13,120.0,0,0,0.0000,200000.0,115067,115067,524304,0
1785440438,536066856,605986816,536870912,0,0,626,695,98268,92755,92755,95732,0,0,0,2.7,3.4,1.2,5.6,6.8,69.0,96.9,3.1,1.13,6323,2974,774.46,329.23,0.0,0.0,3.61,0.31,23.73,60.0,4,121.6,0,0,0.0070,198617.2,115757,115757,524304,0
1785440439,536591576,595894272,536870912,0,0,651,742,99006,93493,93493,96473,0,0,1,2.6,3.0,2.8,4.5,7.3,69.0,96.9,3.1,1.11,5499,3140,670.69,348.83,0.0,0.0,3.09,0.31,17.95,52.0,106,120.8,0,0,0.0000,200000.0,116507,116507,524304,0
1785440440,535543016,567246848,536870912,0,0,610,675,99678,94163,94163,97147,0,0,1,2.2,3.4,2.8,3.5,6.3,69.0,96.9,3.1,1.06,6685,2935,820.76,325.42,0.0,0.0,4.31,0.31,29.72,61.0,4,122.0,0,0,0.0000,200000.0,117181,117181,524304,0
1785440442,536067296,548593664,536870912,0,0,595,731,100407,94893,94893,97877,0,0,1,2.7,2.4,2.3,4.7,7.0,33.0,97.0,3.0,1.02,2512,1578,305.82,174.18,0.0,0.0,3.11,0.31,8.31,26.5,0,120.2,0,0,0.0070,198616.9,117911,117911,524304,0
1785440443,535542576,552337408,536870912,0,0,597,722,101126,95612,95612,98598,0,0,0,2.9,2.3,2.3,4.2,6.5,66.0,97.0,3.0,1.03,5100,3102,621.32,343.58,0.0,0.0,2.60,0.31,14.22,43.0,2,120.5,0,0,0.0070,198617.2,118631,118631,524304,0
1785440444,536591136,544149504,536870912,0,0,615,739,101859,96347,96347,99336,0,0,0,2.5,2.8,2.2,4.5,6.7,65.0,97.0,3.0,1.01,5086,3159,619.96,351.23,0.0,0.0,2.75,0.31,14.95,45.0,0,120.6,0,0,0.0000,200000.0,119365,119365,524304,0
1785440445,536591576,541155328,536870912,0,0,655,742,102598,97085,97085,100077,0,0,1,2.1,3.4,0.5,6.3,6.8,68.0,97.0,3.0,1.01,5192,3182,632.24,352.66,0.0,0.0,2.67,0.31,14.83,50.0,2,120.4,0,0,0.0000,200000.0,120106,120106,524304,0
1785440446,535542576,534409216,536870912,0,0,644,726,103323,97809,97809,100802,0,0,0,2.2,3.3,1.7,5.2,6.9,68.0,97.0,3.0,0.99,5162,2997,629.21,345.03,0.0,0.0,3.59,0.31,19.43,49.0,60,122.3,0,0,0.0000,200000.0,120837,120837,524304,0
1785440447,536620184,636383232,536870912,0,0,382,255,103574,97853,97853,100846,0,0,0,1.6,1.8,2.1,3.1,5.2,27.0,97.0,3.0,1.19,3264,969,406.02,115.16,0.0,0.0,6.07,0.31,20.12,17.0,0,126.1,0,0,0.9988,2237.2,121667,121667,524304,0
1785440449,538211552,636346368,536870912,0,0,30,83,103654,97932,97932,100925,0,3,1,0.6,1.3,1.1,0.1,1.2,7.0,97.0,3.0,1.18,501,392,60.52,43.75,0.0,0.0,1.14,0.32,0.70,2.0,7,119.6,0,0,0.0074,198531.5,121751,121749,524304,524304
1785440450,535573696,619143168,536870912,0,0,482,701,104355,98631,98631,101625,0,0,0,2.5,3.6,1.6,5.0,6.6,69.0,97.1,2.9,1.15,3057,1508,374.20,167.59,0.0,0.0,3.41,0.31,10.89,23.5,4,121.5,0,0,0.0000,200000.0,122449,122449,524304,0
1785440451,538196192,598200320,536870912,0,0,587,714,105062,99340,99340,102338,0,3,1,2.9,2.6,0.3,6.3,6.6,66.0,97.1,2.9,1.11,5095,2821,621.84,337.14,0.0,0.0,3.19,0.30,17.13,45.0,10,124.1,0,0,0.0073,198560.2,123161,123158,524304,0
1785440452,535573696,584093696,536870912,0,0,644,731,105792,100068,100068,103068,0,0,0,2.8,3.2,0.6,6.1,6.7,66.0,97.1,2.9,1.09,5072,2926,618.55,349.55,0.0,0.0,2.84,0.30,15.29,54.0,0,123.9,0,0,0.0000,200000.0,123888,123888,524304,0
1785440453,536097976,567873536,536870912,0,0,653,739,106528,100805,100805,103806,0,0,0,2.8,2.9,4.0,2.9,6.9,68.0,97.1,2.9,1.06,5210,2949,635.30,352.65,0.0,0.0,2.49,0.31,13.89,51.0,0,124.0,0,0,0.0000,200000.0,124638,124638,524304,0
1785440454,537671736,626671616,536870912,0,0,620,677,107203,101480,101480,104482,0,2,1,2.7,3.4,0.4,5.6,6.0,68.0,97.1,2.9,1.17,7066,2689,868.24,321.13,0.0,0.0,4.30,0.30,31.21,61.0,4,124.9,0,0,0.0073,198559.9,125315,125314,524304,524304
1785440456,535573696,544657408,536870912,0,0,612,741,107942,102218,102218,105222,0,0,0,2.5,2.9,1.7,4.9,6.6,33.0,97.1,2.9,1.01,5154,2952,628.68,352.66,0.0,0.0,2.54,0.30,13.98,46.0,4,124.0,0,0,0.0000,200000.0,126052,126052,524304,0
1785440457,536622432,540397568,536870912,0,0,604,734,108671,102949,102949,105955,0,1,0,3.1,2.5,0.9,5.9,6.8,66.0,97.2,2.8,1.01,2546,1458,310.43,174.18,0.0,0.0,2.60,0.30,7.06,26.0,0,123.9,0,0,0.0000,200000.0,126782,126781,524304,0
1785440458,537671736,535105536,536870912,0,0,620,753,109421,103698,103698,106707,0,2,1,2.9,2.8,5.3,1.6,6.9,67.0,97.2,2.8,0.99,5221,3012,636.10,359.83,0.0,0.0,2.94,0.30,16.27,58.0,0,123.9,0,0,0.0000,200000.0,127533,127531,524304,0
1785440459,536622432,538513408,536870912,0,0,665,743,110163,104441,104441,107449,0,1,0,2.6,2.8,5.5,1.1,6.6,67.0,97.2,2.8,1.00,5336,2959,650.39,353.61,0.0,0.0,2.66,0.31,15.10,50.0,0,123.9,0,0,0.0000,200000.0,128275,128274,524304,0
1785440460,536651504,636522496,536870912,0,0,420,348,110509,104577,104577,107585,0,0,0,1.8,2.1,0.1,6.3,6.4,36.0,97.2,2.8,1.19,2692,1330,333.14,159.12,0.0,0.0,5.62,0.32,15.55,21.0,0,125.3,0,0,0.9991,2179.4,129511,129511,524304,0
1785440461,535620376,636469248,536870912,0,0,0,40,110548,104613,104613,107621,0,0,0,0.5,1.8,0.9,0.0,0.9,14.0,97.2,2.8,1.19,1209,203,148.70,24.37,0.0,0.0,5.71,0.33,6.97,5.0,4,125.5,0,0,0.0000,200000.0,129564,129564,524304,0
1785440463,536654128,632188928,536870912,0,0,431,681,111225,105291,105291,108301,0,0,1,2.2,3.0,3.5,2.9,6.4,68.0,97.2,2.8,1.18,6786,2700,831.32,322.56,0.0,0.0,3.69,0.31,25.87,49.0,0,124.6,0,0,0.0000,200000.0,130241,130241,524304,0
1785440464,535605016,618663936,536870912,0,0,568,732,111957,106022,106022,109032,0,0,0,2.3,2.9,1.2,5.4,6.6,32.5,97.2,2.8,1.15,2434,1464,296.70,174.97,0.0,0.0,3.08,0.31,7.95,23.0,7,123.9,0,0,0.0000,200000.0,130973,130973,524304,0
1785440465,535605456,616243200,536870912,0,0,613,744,112698,106762,106762,109775,0,0,1,2.3,3.0,3.1,3.5,6.6,69.0,97.3,2.7,1.15,5430,2957,661.33,353.46,0.0,0.0,2.71,0.31,15.61,50.0,0,123.9,0,0,0.0000,200000.0,131730,131730,524304,0
1785440466,537178408,588910592,536870912,0,0,615,745,113439,107506,107506,110519,0,2,0,2.5,2.8,2.9,3.7,6.6,66.0,97.3,2.7,1.10,5148,2972,626.59,355.05,0.0,0.0,2.43,0.31,13.44,47.0,0,123.8,0,0,0.0000,200000.0,132473,132471,524304,0
1785440467,535605456,577847296,536870912,0,0,658,746,114183,108247,108247,111264,0,0,1,2.7,2.9,2.6,4.3,6.9,67.0,97.3,2.7,1.08,5220,2972,636.46,355.05,0.0,0.0,3.23,0.31,17.75,46.0,1,123.9,0,0,0.0076,198502.7,133215,133215,524304,0
1785440468,538227336,559869952,536870912,0,0,647,737,114915,108982,108982,112000,0,2,1,2.7,3.4,3.4,3.5,6.9,67.0,97.3,2.7,1.04,5203,2901,635.14,346.92,0.0,0.0,3.32,0.31,18.16,53.0,123,124.1,0,0,0.0000,200000.0,133954,133952,524304,0
1785440469,537178600,609071104,536870912,0,0,616,677,115592,109657,109657,112676,0,1,1,2.4,3.2,0.0,6.0,6.0,67.0,97.3,2.7,1.13,7078,2731,869.50,326.43,0.0,0.0,4.02,0.31,29.32,53.0,5,124.8,0,0,0.0076,198502.1,134630,134629,524304,0
1785440471,536654016,538558464,536870912,0,0,617,750,116334,110400,110400,113425,0,0,1,2.4,2.7,3.5,3.4,6.9,33.0,97.3,2.7,1.00,2594,1484,316.42,177.27,0.0,0.0,2.83,0.31,7.79,23.5,0,123.9,0,0,0.0000,200000.0,135371,135371,524304,0
1785440472,535605016,538951680,536870912,0,0,619,750,117081,111146,111146,114174,0,0,0,2.8,2.9,3.7,3.2,6.9,68.0,97.3,2.7,1.00,5219,2973,636.05,355.52,0.0,0.0,2.81,0.31,15.60,51.0,0,123.9,0,0,0.0000,200000.0,136130,136130,524304,0
1785440473,536682776,639766528,536870912,0,0,526,575,117652,111507,111507,114535,0,0,0,2.9,2.2,3.2,5.0,8.2,54.0,97.4,2.6,1.19,3673,2242,450.45,268.07,0.0,0.0,3.50,0.31,13.54,34.0,0,124.4,0,0,0.9994,2122.1,137615,137615,524304,0
1785440474,536682776,639668224,536870912,0,0,0,1,117652,111507,111507,114535,0,0,0,0.5,1.2,0.2,0.4,0.6,5.0,97.4,2.6,1.19,1111,0,138.54,0.00,0.0,0.0,6.13,0.00,6.81,5.0,0,127.7,0,0,0.9994,2122.1,137615,137615,524304,0
1785440475,537734328,635584512,536870912,0,0,347,572,118221,112074,112074,115103,0,2,1,1.7,2.7,0.3,4.8,5.1,56.0,97.4,2.6,1.19,4247,2332,517.95,278.59,0.0,0.0,2.76,0.30,12.41,39.0,2,124.0,0,0,0.0000,200000.0,138186,138184,524304,0
1785440476,536161120,637100032,536870912,0,0,620,725,118943,112795,112795,115827,0,0,1,2.5,3.6,2.9,3.6,6.5,68.0,97.4,2.6,1.19,5742,2830,702.62,337.86,0.0,0.0,3.03,0.30,18.28,54.0,119,124.3,0,0,0.0000,200000.0,138906,138906,524304,0
1785440478,537209760,625717248,536870912,0,0,606,692,119632,113484,113484,116518,0,1,1,2.3,3.6,1.0,5.3,6.3,33.5,97.4,2.6,1.17,3105,1404,380.40,167.73,0.0,0.5,2.97,0.31,9.65,29.0,4,124.5,0,0,0.0030,199411.6,139596,139595,524304,0
1785440479,536685288,588435456,536870912,0,0,609,737,120366,114219,114219,117254,0,0,1,2.4,2.5,0.2,6.7,6.9,65.0,97.4,2.6,1.10,5162,2928,629.66,349.79,0.0,1.0,3.21,0.30,17.43,44.0,0,124.0,0,0,0.0000,200000.0,140331,140331,524304,0
1785440480,537209872,572829696,536870912,0,0,608,746,121109,114961,114961,117999,0,1,1,2.2,3.0,2.8,3.9,6.7,67.0,97.4,2.6,1.07,5128,2968,625.25,354.57,0.0,1.0,2.49,0.30,13.69,54.0,0,123.9,0,0,0.0079,198444.4,141075,141074,524304,0
1785440481,538258056,578732032,536870912,0,0,613,739,121844,115699,115699,118737,0,2,0,2.6,2.9,2.9,3.8,6.7,67.0,97.4,2.6,1.08,5222,2960,636.82,353.62,0.0,0.0,3.09,0.30,17.02,54.0,0,124.0,0,0,0.0000,200000.0,141811,141809,524304,0
1785440482,537733752,553562112,536870912,0,0,652,736,122576,116430,116430,119472,0,1,0,2.9,2.6,1.8,4.9,6.7,65.0,97.5,2.5,1.03,5180,2928,631.63,349.80,0.0,0.0,2.71,0.30,14.93,52.0,0,123.9,0,0,0.0000,200000.0,142542,142541,524304,0
1785440483,535636288,533553152,536870912,0,0,651,741,123316,117168,117168,120212,0,0,0,2.6,3.2,0.0,6.9,6.9,66.0,97.5,2.5,1.00,5393,2916,658.66,348.36,0.0,0.0,3.22,0.30,18.23,58.0,118,124.1,0,0,0.0079,198445.0,143281,143281,524304,0
1785440485,536161008,622604288,536870912,0,0,620,676,123988,117840,117840,120887,0,0,1,2.4,3.5,0.0,6.1,6.1,33.5,97.5,2.5,1.16,3470,1362,425.63,162.71,0.0,0.0,3.84,0.30,13.73,27.5,3,124.7,0,0,0.0079,198444.4,143953,143953,524304,0
1785440486,537734328,533557248,536870912,0,0,609,741,124726,118579,118579,121627,0,2,1,2.2,3.2,1.7,5.0,6.7,68.0,97.5,2.5,0.99,5176,2959,630.65,353.61,0.0,0.0,2.77,0.31,15.23,46.0,0,123.9,0,0,0.0080,198412.0,144694,144693,524304,524304
1785440487,536752568,635764736,536870912,0,0,354,276,124999,118650,118650,121698,0,0,0,1.6,1.7,0.5,5.3,5.8,28.0,97.5,2.5,1.18,2359,1031,292.06,123.29,0.0,0.0,5.47,0.31,13.21,12.0,0,125.5,0,0,0.0000,200000.0,145617,145617,524304,0
1785440488,536230360,629215232,536870912,0,0,58,113,125110,118759,118759,121807,0,0,0,0.7,1.3,0.1,1.3,1.4,16.0,97.5,2.5,1.17,611,492,73.67,58.78,0.0,0.0,1.03,0.30,0.78,8.0,4,123.0,0,0,0.0085,198315.7,145728,145728,524304,0
1785440489,537279648,616615936,536870912,0,0,517,745,125853,119503,119503,122551,0,1,1,2.3,3.0,2.0,4.6,6.6,67.0,97.5,2.5,1.15,5776,2928,704.71,349.80,0.0,0.0,3.22,0.30,19.47,56.0,0,124.1,0,0,0.0000,200000.0,146472,146471,524304,0
1785440490,536230800,591609856,536870912,0,0,623,719,126570,120218,120218,123269,0,0,1,2.7,3.2,2.2,4.4,6.6,67.0,97.5,2.5,1.10,5223,2915,636.38,348.36,0.0,0.0,2.65,0.30,14.73,50.0,0,123.9,0,0,0.0000,200000.0,147189,147189,524304,0
1785440492,535706520,710606848,536870912,0,0,634,674,127243,120890,120890,123942,0,0,1,2.6,2.6,4.1,2.2,6.3,34.5,97.5,2.5,1.32,7062,2698,867.97,322.55,0.0,0.0,4.50,0.30,32.58,42.0,3,124.9,0,0,0.0000,200000.0,147869,147869,524304,0
1785440493,538328576,558874624,536870912,0,0,613,747,127987,121637,121637,124688,0,3,1,2.2,3.4,0.9,5.9,6.8,67.0,97.6,2.4,1.04,2592,1486,315.88,177.52,0.0,0.0,3.17,0.31,8.67,22.5,0,123.9,0,0,0.0136,197316.2,148616,148614,524304,524304
1785440494,536230800,546783232,536870912,0,0,621,754,128740,122388,122388,125441,0,0,1,3.2,2.9,4.6,2.4,7.0,68.0,97.6,2.4,1.02,5247,3003,639.18,358.88,0.0,0.0,3.44,0.31,18.98,55.0,4,123.9,0,0,0.0085,198315.7,149374,149374,524304,0
1785440495,536755192,540319744,536870912,0,0,612,737,129473,123122,123122,126177,0,0,1,2.6,3.5,0.6,6.1,6.7,66.0,97.6,2.4,1.01,5204,2916,634.80,348.36,0.0,0.0,3.30,0.30,18.05,61.0,0,124.0,0,0,0.0085,198315.7,150107,150107,524304,0
1785440496,537803392,551645184,536870912,0,0,663,746,130215,123865,123865,126922,0,1,0,2.6,2.4,0.2,6.5,6.7,65.0,97.6,2.4,1.03,5226,2975,637.71,355.53,0.0,0.0,2.38,0.31,13.33,45.0,0,124.0,0,0,0.0000,200000.0,150850,150849,524304,0
1785440497,537804120,540360704,536870912,0,0,664,755,130968,124617,124617,127676,0,2,1,3.0,2.8,1.9,4.8,6.7,68.0,97.6,2.4,1.01,5284,3024,643.52,361.27,0.0,0.0,2.82,0.30,15.82,50.0,4,123.8,0,0,0.0000,200000.0,151604,151602,524304,0
1785440499,536755080,555986944,536870912,0,0,632,686,131652,125301,125301,128361,0,0,1,2.0,3.8,3.0,2.9,5.9,70.0,97.6,2.4,1.03,7214,2701,884.66,322.68,0.0,0.0,3.77,0.30,28.00,52.0,11,124.7,0,0,0.0000,200000.0,152286,152286,524304,0
1785440500,643226008,540258304,536870912,0,0,624,914,132362,126005,126005,129065,0,90,0,2.5,2.8,2.3,8.1,10.4,36.0,97.6,2.4,1.01,2546,1397,310.38,166.95,0.0,0.0,2.83,0.31,7.65,22.5,0,123.9,0,0,0.9856,4842.2,153523,153433,524304,0
1785440501,536781312,638955520,536870912,0,0,267,1,132563,126005,126005,129065,0,0,0,0.6,1.5,0.7,0.0,0.7,10.0,97.6,2.4,1.19,1573,828,196.07,98.91,0.0,0.0,6.09,0.31,9.84,13.0,0,125.8,0,0,0.0000,200000.0,153752,153752,524304,0
1785440502,536259104,630951936,536870912,0,0,111,242,132800,126240,126240,129303,0,0,0,1.0,2.0,0.1,2.5,2.6,25.0,97.6,2.4,1.18,1120,996,134.84,118.99,0.0,0.0,0.72,0.31,1.11,12.0,0,122.8,0,0,0.0000,200000.0,153989,153989,524304,0
1785440503,536259544,630951936,536870912,0,0,591,741,133540,126979,126979,130043,0,0,1,3.1,3.3,3.0,4.0,7.0,69.0,97.6,2.4,1.18,5361,2952,654.36,352.66,0.0,0.0,2.89,0.30,16.38,59.0,0,124.0,0,0,0.0000,200000.0,154729,154729,524304,0
1785440504,536783824,627937280,536870912,0,0,646,727,134260,127700,127700,130769,0,0,1,2.5,2.9,2.5,4.1,6.6,67.0,97.7,2.3,1.17,5997,2886,733.71,345.01,0.0,0.0,3.51,0.31,21.95,53.0,0,124.4,0,0,0.0000,200000.0,155455,155455,524304,0
1785440505,536259544,657747968,536870912,0,0,644,684,134942,128381,128381,131452,0,0,1,2.7,3.8,0.5,5.9,6.4,67.0,97.7,2.3,1.23,6416,2674,787.57,319.68,0.0,0.0,3.55,0.31,23.61,55.0,17,124.7,0,0,0.0000,200000.0,156138,156138,524304,0
1785440507,536259544,579223552,536870912,0,0,612,714,135654,129093,129093,132165,0,0,1,2.8,3.1,3.1,3.5,6.6,32.5,97.7,2.3,1.08,2840,1447,347.14,172.76,0.0,0.0,2.85,0.30,8.54,27.5,0,124.2,0,0,0.0000,200000.0,156850,156850,524304,0
1785440508,535734824,570712064,536870912,0,0,606,738,136387,129826,129826,132902,0,0,0,2.1,2.9,1.1,5.7,6.8,66.0,97.7,2.3,1.07,5097,2940,621.38,351.23,0.0,0.0,3.26,0.30,17.51,50.0,0,123.9,0,0,0.0000,200000.0,157583,157583,524304,0
1785440509,535734824,553918464,536870912,0,0,616,748,137130,130569,130569,133649,0,0,0,2.3,3.6,0.9,5.9,6.8,67.0,97.7,2.3,1.03,5263,2962,641.38,354.09,0.0,0.0,2.56,0.31,14.39,51.0,0,123.9,0,0,0.0088,198262.7,158330,158330,524304,0
1785440510,535735264,539922432,536870912,0,0,630,756,137882,131320,131320,134404,0,0,1,2.5,2.9,1.8,4.9,6.7,69.0,97.7,2.3,1.01,5224,2999,637.00,358.39,0.0,0.0,2.94,0.30,16.25,56.0,0,124.0,0,0,0.0000,200000.0,159085,159085,524304,0
1785440511,535735264,539983872,536870912,0,0,665,745,138624,132062,132062,135148,0,0,1,2.9,3.1,0.9,6.2,7.1,66.0,97.7,2.3,1.00,5276,2975,643.53,355.53,0.0,0.0,2.60,0.30,14.64,58.0,0,124.0,0,0,0.0088,198263.1,159828,159828,524304,0
1785440512,536783936,539918336,536870912,0,0,663,733,139349,132789,132789,135880,0,0,1,2.3,3.3,4.5,2.1,6.6,69.0,97.7,2.3,1.01,6336,2855,776.73,341.19,0.0,0.0,3.35,0.30,22.07,47.0,120,124.6,0,0,0.0000,200000.0,160555,160555,524304,0
1785440514,536783384,540418048,536870912,0,0,617,696,140040,133481,133481,136575,0,0,0,2.6,2.6,2.0,4.3,6.3,33.5,97.7,2.3,1.01,3039,1409,371.86,168.44,0.0,0.0,3.71,0.31,11.72,24.5,0,124.4,0,0,0.0000,200000.0,161246,161246,524304,0
1785440515,536811040,636518400,536870912,0,0,323,279,140317,133547,133547,136641,0,0,0,1.4,2.0,3.3,2.2,5.5,25.0,97.7,2.3,1.19,2000,1055,247.55,126.15,0.0,0.0,5.29,0.30,10.91,16.0,0,125.3,0,0,0.9859,4787.4,162114,162114,524304,0
1785440516,536813552,635510784,536870912,0,0,50,121,140436,133664,133664,136758,0,0,1,0.5,1.5,0.4,1.1,1.5,16.0,97.7,2.3,1.19,644,528,77.91,63.08,0.0,0.0,0.83,0.31,0.70,7.0,0,123.2,0,0,0.0000,200000.0,162233,162233,524304,0
1785440517,535764552,635510784,536870912,0,0,543,765,141200,134427,134427,137522,0,0,0,2.6,3.3,0.0,7.1,7.1,69.0,97.7,2.3,1.18,4922,3052,598.71,364.61,0.0,0.0,3.18,0.31,16.58,48.0,3,123.7,0,0,0.0091,198207.9,162997,162997,524304,0
1785440518,535764992,625446912,536870912,0,0,643,715,141914,135140,135140,138236,0,0,1,2.7,2.5,2.1,4.4,6.5,67.0,97.8,2.2,1.16,6435,2843,788.52,339.76,0.0,0.0,3.48,0.30,23.26,47.0,0,124.5,0,0,0.0000,200000.0,163715,163715,524304,0
1785440519,536813552,613335040,536870912,0,0,665,748,142655,135883,135883,138983,0,0,1,3.0,2.8,0.3,6.5,6.8,69.0,97.8,2.2,1.14,5505,2927,672.13,349.79,0.0,0.0,3.00,0.30,17.42,54.0,122,124.1,0,0,0.0000,200000.0,164466,164466,524304,0
1785440521,538386872,596795392,536870912,0,0,621,676,143325,136554,136554,139658,0,2,1,2.1,3.8,0.5,5.8,6.3,33.0,97.8,2.2,1.11,3378,1363,414.33,162.95,0.0,0.0,3.87,0.31,13.48,26.0,0,124.7,0,0,0.0000,200000.0,165138,165137,524304,524304
1785440522,537861864,567885824,536870912,0,0,609,749,144071,137300,137300,140406,0,1,0,2.9,2.8,1.0,6.1,7.1,67.0,97.8,2.2,1.06,5144,2988,626.16,356.96,0.0,0.0,2.82,0.30,15.39,51.0,0,123.8,0,0,0.0000,200000.0,165883,165882,524304,0
1785440523,536289272,549777408,536870912,0,0,615,738,144808,138035,138035,141143,0,0,1,2.4,2.9,1.6,5.5,7.1,67.0,97.8,2.2,1.02,5295,2939,645.73,351.23,0.0,0.0,2.69,0.30,15.16,59.0,0,124.0,0,0,0.0000,200000.0,166635,166635,524304,0
1785440524,537337392,536649728,536870912,0,0,613,751,145554,138784,138784,141893,0,0,0,2.3,3.7,3.2,3.9,7.1,67.0,97.8,2.2,1.00,5167,2984,629.97,356.48,0.0,0.0,2.60,0.31,14.36,49.0,0,123.9,0,0,0.0000,200000.0,167381,167381,524304,0
1785440525,538387048,536649728,536870912,0,0,665,754,146308,139537,139537,142646,0,3,1,2.3,3.1,2.9,4.1,7.0,68.0,97.8,2.2,1.00,5353,3012,652.69,359.83,0.0,0.0,2.49,0.31,14.23,50.0,0,123.9,0,0,0.0000,200000.0,168142,168140,524304,524304
1785440526,536813552,540188672,536870912,0,0,665,751,147055,140283,140283,143396,0,0,1,2.6,2.8,0.1,6.5,6.6,68.0,97.8,2.2,1.01,5382,2980,656.29,356.01,0.0,0.0,3.19,0.30,18.08,58.0,84,124.0,0,0,0.0000,200000.0,168886,168886,524304,0
1785440528,538387048,540250112,536870912,0,0,626,687,147737,140966,140966,144082,0,3,1,2.5,3.3,0.6,5.5,6.1,35.0,97.8,2.2,1.01,3572,1372,438.41,163.90,0.0,0.0,3.88,0.31,14.28,26.5,0,124.7,0,0,0.0000,200000.0,169571,169569,524304,524304
1785440529,536840384,640131072,536870912,0,0,537,560,148294,141312,141312,144429,0,0,0,2.6,2.5,0.7,7.4,8.1,48.0,97.8,2.2,1.19,3423,2164,419.20,258.52,0.0,0.0,3.41,0.31,12.34,30.0,0,124.2,0,0,0.9960,2798.2,170716,170716,524304,0
1785440530,536840384,637128704,536870912,0,0,0,1,148294,141312,141312,144429,0,0,0,0.3,1.7,0.1,0.4,0.5,5.0,97.8,2.2,1.19,619,0,77.06,0.00,0.0,0.0,8.92,0.00,5.52,3.0,0,127.5,0,0,0.9960,2798.2,170716,170716,524304,0
1785440531,535794336,632082432,536870912,0,0,368,660,148952,141966,141966,145085,0,0,1,2.2,2.7,1.5,4.3,5.8,56.0,97.9,2.1,1.18,2814,2676,338.46,319.69,0.0,0.0,0.52,0.30,2.27,41.0,4,122.8,0,0,0.0000,200000.0,171374,171374,524304,0
1785440532,536318328,613904384,536870912,0,0,620,682,149631,142647,142647,145766,0,0,0,2.3,3.7,2.8,3.4,6.2,70.0,97.9,2.1,1.14,7471,2724,917.86,325.43,0.0,0.0,3.76,0.30,28.93,59.0,0,124.9,0,0,0.0093,198153.8,172053,172053,524304,0
1785440533,536318616,598806528,536870912,0,0,673,764,150394,143409,143409,146529,0,0,1,2.7,3.1,2.9,4.6,7.5,70.0,97.9,2.1,1.12,5330,3061,649.82,365.57,0.0,0.0,3.10,0.30,17.44,56.0,0,123.9,0,0,0.0000,200000.0,172816,172816,524304,0
1785440535,536842632,782807040,536870912,0,0,643,698,151085,144102,144102,147226,0,1,0,2.3,3.1,1.1,5.4,6.5,35.0,97.9,2.1,1.46,7226,2772,886.75,331.16,0.0,0.0,3.97,0.30,29.51,48.0,0,124.7,0,0,0.0000,200000.0,173508,173507,524304,0
1785440536,536842632,556974080,536870912,0,0,627,752,151836,144853,144853,147977,0,1,0,2.1,2.8,2.1,4.7,6.8,66.0,97.9,2.1,1.04,2660,1500,324.14,179.20,0.0,0.0,2.59,0.30,7.34,18.0,0,123.9,0,0,0.0000,200000.0,174259,174258,524304,0
1785440537,536842632,549384192,536870912,0,0,626,760,152595,145612,145612,148736,0,1,0,2.2,3.7,0.9,5.9,6.8,69.0,97.9,2.1,1.02,5271,3037,642.57,362.52,0.0,0.0,2.94,0.31,16.45,48.0,2,123.9,0,0,0.0000,200000.0,175030,175029,524304,0
1785440538,536842632,547000320,536870912,0,0,629,755,153347,146364,146364,149490,0,1,0,2.2,3.2,0.9,5.9,6.8,66.0,97.9,2.1,1.02,5323,3002,649.12,358.58,0.0,0.0,3.03,0.30,17.05,44.0,4,124.0,0,0,0.0000,200000.0,175782,175781,524304,0
1785440539,535794336,541491200,536870912,0,0,657,757,154103,147117,147117,150246,0,0,1,2.5,3.2,2.7,4.3,7.0,67.0,97.9,2.1,1.01,5275,3012,643.60,359.82,0.0,0.0,2.61,0.31,14.68,41.0,1,124.0,0,0,0.0000,200000.0,176544,176544,524304,0
1785440540,535793896,541593600,536870912,0,0,671,763,154863,147878,147878,151008,0,0,0,2.5,2.8,2.9,4.1,7.0,67.0,97.9,2.1,1.01,5345,3036,651.93,362.70,0.0,0.0,2.61,0.31,14.90,53.0,0,124.0,0,0,0.0000,200000.0,177305,177305,524304,0
1785440542,536842896,541618176,536870912,0,0,675,703,155560,148576,148576,151710,0,0,1,2.6,2.8,1.7,4.7,6.4,72.0,97.9,2.1,1.01,7332,2784,900.55,332.59,0.0,0.0,3.75,0.31,28.37,47.0,0,124.8,0,0,0.0000,200000.0,178004,178004,524304,0
1785440543,643324944,559837184,536870912,0,0,661,929,156283,149293,149293,152429,0,151,0,2.8,3.2,2.9,7.8,10.7,35.5,97.9,2.1,1.00,2578,1416,314.56,169.16,0.0,0.0,2.86,0.30,7.80,25.0,0,124.0,0,0,0.9913,3712.8,179262,179111,524304,0
1785440544,536869512,639807488,536870912,0,0,265,1,156484,149293,149293,152429,0,0,0,0.8,1.7,0.2,0.6,0.8,12.0,97.9,2.1,1.19,1617,820,200.96,97.96,0.0,0.0,5.58,0.31,9.27,9.0,0,125.6,0,0,0.9913,3712.8,179505,179505,524304,0
1785440545,536872136,632999936,536870912,0,0,116,234,156716,149523,149523,152659,0,0,1,1.0,1.4,0.1,2.4,2.5,25.0,97.9,2.1,1.18,1089,984,131.01,117.55,0.0,0.0,0.70,0.31,1.06,12.0,1,122.8,0,0,0.0000,200000.0,179745,179745,524304,0
1785440546,535823024,620998656,536870912,0,0,593,741,157458,150264,150264,153399,0,0,0,2.5,3.1,3.7,3.2,6.9,68.0,98.0,2.0,1.16,5392,2959,657.89,353.61,0.0,0.0,2.92,0.30,16.64,52.0,61,124.0,0,0,0.0000,200000.0,180496,180496,524304,0
1785440547,537921064,604237824,536870912,0,0,650,736,158187,150994,150994,154134,0,2,1,2.1,3.5,2.6,4.3,6.9,68.0,98.0,2.0,1.12,6030,2928,736.64,349.80,0.0,0.0,3.26,0.30,20.55,49.0,0,124.2,0,0,0.0000,200000.0,181227,181225,524304,0
1785440548,537396592,702087168,536870912,0,0,654,707,158892,151700,151700,154840,0,1,1,2.6,3.5,2.7,3.7,6.4,69.0,98.0,2.0,1.31,6917,2760,847.13,329.73,0.0,0.0,3.42,0.30,24.46,55.0,109,124.5,0,0,0.0049,199034.8,181931,181930,524304,0
1785440550,535823024,575037440,536870912,0,0,619,730,159621,152427,152427,155569,0,0,0,3.0,2.9,3.2,3.4,6.6,34.0,98.0,2.0,1.07,2730,1484,333.48,177.29,0.0,0.0,3.22,0.30,9.24,28.5,0,124.1,0,0,0.0096,198100.1,182659,182659,524304,0
1785440551,535823024,562704384,536870912,0,0,620,752,160371,153177,153177,156320,0,0,0,2.6,3.2,3.3,3.7,7.0,67.0,98.0,2.0,1.05,5277,2999,643.88,358.39,0.0,0.0,2.59,0.30,14.56,50.0,0,124.0,0,0,0.0047,199066.9,183411,183411,524304,0
1785440552,536347304,551546880,536870912,0,0,618,746,161114,153921,153921,157065,0,0,0,2.8,2.8,1.2,5.5,6.7,66.0,98.0,2.0,1.02,5208,2968,635.59,354.57,0.0,0.0,2.62,0.30,14.57,49.0,4,124.0,0,0,0.0096,198100.7,184154,184154,524304,0
1785440553,535823464,544006144,536870912,0,0,641,752,161867,154672,154672,157816,0,0,1,2.3,3.5,2.6,4.5,7.1,68.0,98.0,2.0,1.01,5268,3011,642.69,359.83,0.0,0.0,2.47,0.30,13.93,52.0,2,124.0,0,0,0.0096,198100.4,184918,184918,524304,0
1785440554,535823464,541970432,536870912,0,0,661,751,162614,155419,155419,158566,0,0,1,2.2,4.0,1.4,5.5,6.9,68.0,98.0,2.0,1.01,5285,2990,644.70,357.43,0.0,0.0,2.93,0.31,16.42,47.0,0,124.0,0,0,0.0000,200000.0,185681,185681,524304,0
1785440555,536872024,541970432,536870912,0,0,664,722,163333,156140,156140,159287,0,0,1,1.8,3.8,0.4,6.1,6.5,70.0,98.0,2.0,1.01,6701,2844,822.18,339.76,0.0,0.0,3.48,0.30,24.16,60.0,0,124.7,0,0,0.0000,200000.0,186400,186400,524304,0
1785440557,535823024,535805952,536870912,0,0,620,713,164043,156849,156849,159999,0,0,0,2.9,2.9,2.6,4.0,6.6,34.0,98.0,2.0,1.00,2894,1434,353.99,171.31,0.0,0.0,3.37,0.30,10.18,26.0,3,124.3,0,0,0.0096,198100.1,187110,187110,524304,0
1785440558,590375544,634372096,536870912,0,0,723,852,164788,157487,157487,160638,0,0,0,2.7,3.3,4.1,6.2,10.3,69.0,98.0,2.0,0.99,4788,3059,584.95,365.56,0.0,0.0,2.94,0.30,14.99,49.0,0,124.0,0,0,0.9965,2691.8,188420,188420,524304,0
1785440559,536374704,637386752,536870912,0,0,237,1,164891,157487,157487,160638,0,0,0,0.5,1.5,0.6,0.0,0.6,8.0,98.0,2.0,1.19,1617,288,201.42,34.41,0.0,0.0,7.50,0.30,12.21,12.0,0,126.8,0,0,0.9965,2691.8,188523,188523,524304,0
1785440560,535328656,635940864,536870912,0,0,139,292,165183,157775,157775,160926,0,0,1,1.0,1.9,1.3,1.6,2.9,28.0,98.0,2.0,1.19,1318,1208,158.75,144.31,0.0,0.0,0.62,0.31,1.18,20.0,0,122.9,0,0,0.0050,199012.8,188815,188815,524304,0
1785440561,535852496,769220608,536870912,0,0,614,725,165904,158498,158498,161650,0,0,0,2.4,2.8,1.8,4.9,6.7,69.0,98.1,1.9,1.43,6264,2880,766.78,344.06,0.0,0.0,3.72,0.30,24.18,52.0,0,124.4,0,0,0.0000,200000.0,189536,189536,524304,0
1785440562,536377328,601788416,536870912,0,0,649,755,166660,159254,159254,162404,0,0,1,2.5,3.1,2.7,4.7,7.4,69.0,98.1,1.9,1.12,5617,2976,686.37,355.53,0.0,0.0,2.82,0.31,16.74,57.0,123,124.2,0,0,0.0000,200000.0,190292,190292,524304,0
1785440564,535328656,585162752,536870912,0,0,623,689,167350,159942,159942,163092,0,0,1,2.2,3.1,1.3,5.3,6.6,34.5,98.1,1.9,1.09,3429,1404,420.55,167.73,0.0,0.0,4.24,0.31,14.99,26.5,4,124.6,0,0,0.0050,199012.5,190983,190983,524304,0
1785440565,535328216,575590400,536870912,0,0,620,754,168102,160695,160695,163845,0,0,0,2.4,3.6,3.0,4.4,7.4,68.0,98.1,1.9,1.07,5287,3012,644.80,359.83,0.0,0.0,2.99,0.31,16.72,52.0,0,124.0,0,0,0.0000,200000.0,191735,191735,524304,0
1785440566,535328656,558964736,536870912,0,0,620,754,168855,161447,161447,164598,0,0,1,2.5,3.4,3.9,3.5,7.4,67.0,98.1,1.9,1.04,5243,3012,639.46,359.83,0.0,0.0,3.20,0.30,17.72,51.0,0,124.0,0,0,0.0000,200000.0,192488,192488,524304,0
1785440567,537425704,549916672,536870912,0,0,624,751,169600,162195,162195,165348,0,2,0,2.3,3.3,1.7,5.0,6.7,66.0,98.1,1.9,1.03,5263,2990,641.59,356.98,0.0,0.0,2.61,0.31,14.64,47.0,0,123.9,0,0,0.0050,199012.5,193235,193233,524304,0
1785440568,535852960,532787200,536870912,0,0,667,754,170356,162948,162948,166101,0,0,1,2.6,3.6,2.8,3.9,6.7,67.0,98.1,1.9,0.99,5292,3012,645.87,359.83,0.0,0.0,2.80,0.30,15.72,54.0,4,124.0,0,0,0.0000,200000.0,193989,193989,524304,0
1785440569,537426256,536199168,536870912,0,0,675,765,171117,163711,163711,166865,0,2,1,2.6,2.8,2.5,4.1,6.6,68.0,98.1,1.9,1.00,5360,3036,653.69,362.70,0.0,1.0,2.45,0.31,14.07,57.0,0,124.0,0,0,0.0000,200000.0,194752,194750,524304,0
1785440571,536901800,706326528,536870912,0,0,655,690,171808,164401,164401,167554,0,1,1,2.2,3.3,2.4,3.5,5.9,34.5,98.1,1.9,1.32,7401,2765,908.22,330.21,0.0,0.0,3.56,0.30,27.20,52.0,2,124.7,0,0,0.0050,199012.5,195442,195441,524304,0
1785440572,535328216,531103744,536870912,0,0,623,757,172563,165156,165156,168310,0,0,0,3.0,3.1,1.6,5.1,6.7,67.0,98.1,1.9,0.99,2652,1510,323.45,180.39,0.0,0.0,2.51,0.30,7.11,25.5,0,123.9,0,0,0.0050,199012.5,196196,196196,524304,0
1785440573,548966864,532082688,536870912,0,0,626,779,173317,165905,165905,169059,0,19,0,2.3,2.7,0.5,6.5,7.0,70.0,98.1,1.9,0.99,5280,2952,643.30,352.66,0.0,0.0,2.77,0.30,15.54,48.0,0,123.9,0,0,0.0881,182565.6,196994,196975,524304,0
1785440574,536404224,635822080,536870912,0,0,304,182,173519,165905,165905,169059,0,0,0,1.0,2.5,1.1,3.3,4.4,19.0,98.1,1.9,1.19,2248,827,279.62,98.91,0.0,0.0,5.41,0.31,12.42,10.0,0,126.1,0,0,0.9968,2636.0,197735,197735,524304,0
1785440575,535882456,638705664,536870912,0,0,73,180,173698,166081,166081,169235,0,0,1,0.8,1.8,0.7,1.2,1.9,22.0,98.1,1.9,1.19,1355,744,165.57,88.88,0.0,0.0,2.52,0.31,3.64,11.0,0,124.1,0,0,0.0000,200000.0,197916,197916,524304,0
1785440576,535882568,626855936,536870912,0,0,549,741,174438,166821,166821,169975,0,0,1,2.7,2.9,3.2,3.4,6.6,67.0,98.1,1.9,1.17,5342,2969,651.82,354.57,0.0,0.0,3.01,0.30,16.97,52.0,0,124.0,0,0,0.0000,200000.0,198662,198662,524304,0
1785440577,536931304,603176960,536870912,0,0,626,681,175116,167501,167501,170655,0,1,1,2.1,3.7,0.0,5.9,5.9,66.0,98.2,1.8,1.12,6980,2677,857.87,319.69,0.0,0.0,3.88,0.30,27.92,47.0,0,124.9,0,0,0.0005,199892.8,199341,199340,524304,0
1785440579,535882016,586633216,536870912,0,0,628,745,175861,168245,168245,171399,0,0,0,2.9,4.3,1.3,5.2,6.5,34.5,98.2,1.8,1.09,2808,1518,342.96,181.35,0.0,0.0,3.44,0.30,10.11,27.5,0,124.1,0,0,0.0000,200000.0,200086,200086,524304,0
1785440580,535358176,560930816,536870912,0,0,625,766,176626,169008,169008,172164,0,0,1,2.7,2.8,3.0,3.9,6.9,67.0,98.2,1.8,1.04,5289,3052,644.93,364.61,0.0,0.0,2.74,0.30,15.42,51.0,4,123.9,0,0,0.0053,198958.1,200872,200872,524304,0
1785440581,536406736,549814272,536870912,0,0,629,762,177383,169767,169767,172925,0,0,1,2.7,2.9,2.2,4.5,6.7,67.0,98.2,1.8,1.03,5370,3035,654.81,362.61,0.0,0.0,2.79,0.30,15.90,55.0,9,124.0,0,0,0.0000,200000.0,201630,201630,524304,0
1785440582,535357736,539586560,536870912,0,0,670,756,178134,170517,170517,173680,0,0,0,2.7,2.5,0.3,6.3,6.6,66.0,98.2,1.8,1.01,5282,2990,644.23,357.04,0.0,0.0,3.20,0.30,17.81,49.0,0,123.9,0,0,0.0000,200000.0,202381,202381,524304,0
1785440583,535882456,534978560,536870912,0,0,673,760,178892,171275,171275,174439,0,0,1,2.3,3.4,0.8,5.7,6.5,68.0,98.2,1.8,0.99,5321,3036,648.56,362.70,0.0,0.0,2.78,0.31,15.73,50.0,0,123.9,0,0,0.0000,200000.0,203140,203140,524304,0
1785440584,535882568,637882368,536870912,0,0,663,742,179631,172014,172014,175180,0,0,1,2.5,3.2,2.6,4.4,7.0,71.0,98.2,1.8,1.19,6538,2904,801.24,346.93,0.0,0.0,3.30,0.31,22.45,57.0,113,124.5,0,0,0.0053,198958.7,203879,203879,524304,0
1785440586,535882016,542105600,536870912,0,0,636,723,180350,172734,172734,175902,0,0,0,2.4,3.3,3.1,3.2,6.3,33.5,98.2,1.8,1.01,3121,1463,381.95,174.90,0.0,0.0,3.73,0.31,12.10,26.0,0,124.4,0,0,0.0000,200000.0,204599,204599,524304,0
1785440587,536406736,542105600,536870912,0,0,636,766,181113,173497,173497,176667,0,0,1,2.7,2.9,6.0,0.8,6.8,68.0,98.2,1.8,1.01,5380,3047,656.45,364.13,0.0,0.0,2.77,0.31,15.83,52.0,4,124.0,0,0,0.0000,200000.0,205362,205362,524304,0
1785440588,537455048,542105600,536870912,0,0,635,774,181883,174268,174268,177440,0,1,0,2.6,3.6,2.8,4.4,7.2,68.0,98.2,1.8,1.01,5397,3084,658.08,368.43,0.0,0.0,2.77,0.31,15.88,53.0,0,123.9,0,0,0.0000,200000.0,206133,206132,524304,0
1785440589,536433840,647323648,536870912,0,0,477,465,182346,174518,174518,177690,0,0,0,2.0,2.8,1.1,6.0,7.1,42.0,98.2,1.8,1.21,3375,1797,415.32,215.03,0.0,0.0,4.10,0.31,14.40,26.0,0,124.8,0,0,0.0000,200000.0,207311,207311,524304,0
1785440590,536433840,647450624,536870912,0,0,0,1,182346,174518,174518,177690,0,0,0,0.3,1.0,0.2,0.4,0.6,6.0,98.2,1.8,1.21,1007,0,125.43,0.00,0.0,0.0,7.34,0.00,7.39,5.0,0,127.6,0,0,0.0000,200000.0,207311,207311,524304,0
1785440591,537485392,638533632,536870912,0,0,416,686,183030,175200,175200,178372,0,2,1,2.3,2.9,3.7,2.6,6.3,67.0,98.2,1.8,1.19,4881,2784,594.50,332.59,0.0,0.0,3.22,0.30,16.55,44.0,0,123.9,0,0,0.0057,198871.0,207997,207995,524304,0
1785440593,537485392,833560576,536870912,0,0,595,689,183718,175888,175888,179060,0,2,1,2.4,3.2,3.3,3.1,6.4,33.0,98.2,1.8,1.56,3375,1376,414.63,164.38,0.0,0.0,3.87,0.30,13.47,23.5,0,124.8,0,0,0.0000,200000.0,208685,208683,524304,0
1785440594,536960640,617496576,536870912,0,0,620,746,184462,176632,176632,179805,0,0,1,2.6,3.0,1.1,5.9,7.0,68.0,98.2,1.8,1.15,5558,2977,678.41,355.53,0.0,1.0,3.27,0.31,19.08,44.0,4,124.0,0,0,0.0000,200000.0,209434,209434,524304,0
1785440595,536436088,600424448,536870912,0,0,626,767,185227,177398,177398,180571,0,1,0,2.2,2.8,0.5,6.4,6.9,69.0,98.2,1.8,1.12,5271,3060,642.70,365.56,0.0,2.0,2.58,0.31,14.57,41.0,0,123.9,0,0,0.0000,200000.0,210213,210212,524304,0
1785440596,535912184,557600768,536870912,0,0,624,749,185976,178145,178145,181319,0,0,1,2.1,3.2,1.0,6.1,7.1,67.0,98.2,1.8,1.04,5357,3001,653.40,358.40,0.0,0.0,3.01,0.31,17.04,49.0,1,124.0,0,0,0.0055,198903.5,210961,210961,524304,0
1785440597,535387352,557600768,536870912,0,0,664,767,186741,178910,178910,182085,0,0,0,2.6,3.0,1.1,5.8,6.9,67.0,98.3,1.7,1.04,5357,3058,653.10,365.09,0.0,0.0,2.50,0.31,14.34,46.0,5,123.9,0,0,0.0000,200000.0,211726,211726,524304,0
1785440598,535911632,548716544,536870912,0,0,674,760,187499,179669,179669,182844,0,0,0,3.0,3.2,3.7,3.2,6.9,68.0,98.3,1.7,1.02,5336,3024,650.79,361.27,0.0,0.0,2.61,0.31,14.86,54.0,0,124.0,0,0,0.0000,200000.0,212484,212484,524304,0
1785440600,536436352,542773248,536870912,0,0,630,690,188187,180357,180357,183533,0,0,1,2.5,3.1,2.1,4.1,6.2,35.0,98.3,1.7,1.01,7328,2766,899.25,330.47,0.0,0.0,3.60,0.31,27.19,55.0,10,124.8,0,0,0.0000,200000.0,213172,213172,524304,0
1785440601,535912072,539770880,536870912,0,0,630,766,188953,181122,181122,184298,0,0,1,2.7,2.8,2.5,4.4,6.9,67.0,98.3,1.7,1.01,2712,1531,330.21,182.88,0.5,0.0,2.75,0.31,7.92,27.0,0,123.8,0,0,0.0055,198903.5,213938,213938,524304,0
1785440602,535911632,539770880,536870912,0,0,620,753,189702,181872,181872,185050,0,0,0,2.5,3.1,2.1,4.7,6.8,69.0,98.3,1.7,1.01,5308,2984,647.42,356.48,0.0,0.0,2.54,0.31,14.40,62.0,4,124.0,0,0,0.0000,200000.0,214687,214687,524304,0
1785440603,536436088,534949888,536870912,0,0,623,758,190457,182628,182628,185807,0,1,0,2.6,3.1,0.6,6.2,6.8,66.0,98.3,1.7,1.00,5318,3036,647.88,362.70,0.0,0.0,2.91,0.31,16.42,53.0,0,123.9,0,0,0.0000,200000.0,215452,215451,524304,0
1785440604,643450976,592359424,536870912,0,0,747,943,191197,183357,183357,186535,0,191,0,3.1,2.7,2.0,8.6,10.6,72.0,98.3,1.7,0.98,5180,2880,631.60,344.06,0.0,0.0,2.71,0.30,14.93,53.0,0,124.0,0,0,0.9876,4459.5,216699,216508,524304,0
1785440605,536464224,636649472,536870912,0,0,349,1,191399,183357,183357,186535,0,0,0,0.8,1.5,0.2,0.6,0.8,15.0,98.3,1.7,1.19,2162,827,269.34,98.91,0.0,0.0,5.95,0.31,13.13,14.0,0,126.2,0,0,0.9876,4459.5,216942,216942,524304,0
1785440606,538039768,630628352,536870912,0,0,122,221,191618,183575,183575,186752,0,1,1,0.9,1.6,0.4,2.0,2.4,27.0,98.3,1.7,1.18,1751,920,213.55,109.91,0.0,0.0,5.19,0.31,9.36,15.0,0,124.0,0,0,0.0000,200000.0,217162,217161,524304,0
1785440608,535942016,630628352,536870912,0,0,522,682,192299,184255,184255,187433,0,0,0,2.0,3.4,2.5,3.8,6.3,34.0,98.3,1.7,1.17,3815,1362,468.84,162.78,0.0,0.0,3.66,0.31,14.36,28.5,11,124.9,0,0,0.0000,200000.0,217842,217842,524304,0
1785440609,536466736,622440448,536870912,0,0,586,774,193072,185028,185028,188206,0,0,1,2.4,3.9,0.7,6.5,7.2,68.0,98.3,1.7,1.16,5070,3103,617.43,370.70,0.0,0.0,2.26,0.31,12.41,63.0,4,123.8,0,0,0.0058,198847.4,218615,218615,524304,0
1785440610,535417736,593985536,536870912,0,0,634,762,193831,185786,185786,188967,0,0,0,2.4,2.7,1.6,5.5,7.1,68.0,98.3,1.7,1.11,5676,3025,692.80,361.27,0.0,0.0,2.96,0.31,17.70,50.0,0,124.1,0,0,0.0000,200000.0,219374,219374,524304,0
1785440611,536466736,578871296,536870912,0,0,660,767,194595,186551,186551,189733,0,0,1,2.7,3.8,0.7,6.4,7.1,69.0,98.3,1.7,1.08,5306,3057,646.55,365.38,0.0,0.0,3.53,0.31,19.70,50.0,6,123.9,0,0,0.0000,200000.0,220138,220138,524304,0
1785440612,537515224,565436416,536870912,0,0,670,758,195349,187306,187306,190490,0,2,0,2.3,3.4,2.3,4.7,7.0,69.0,98.3,1.7,1.05,5357,3014,652.29,360.01,0.0,0.0,2.78,0.31,15.80,50.0,2,123.8,0,0,0.0058,198847.4,220899,220897,524304,0
1785440613,535942456,554856448,536870912,0,0,678,747,196095,188050,188050,191236,0,0,1,2.0,3.2,3.6,2.9,6.5,71.0,98.3,1.7,1.03,6289,2941,769.40,351.23,0.0,0.0,3.41,0.31,22.36,53.0,116,124.3,0,0,0.0000,200000.0,221659,221659,524304,0
1785440615,535418176,594608128,536870912,0,0,649,727,196821,188775,188775,191962,0,0,1,2.7,3.1,2.4,4.0,6.4,35.0,98.3,1.7,1.11,3270,1470,400.18,175.61,0.0,0.0,3.31,0.31,11.27,28.0,0,124.4,0,0,0.0058,198847.4,222385,222385,524304,0
1785440616,535418176,539164672,536870912,0,0,631,756,197574,189528,189528,192717,0,0,1,2.7,2.7,0.5,6.3,6.8,68.0,98.3,1.7,1.01,5318,3024,647.66,361.27,0.0,0.0,2.68,0.31,15.16,52.0,0,123.8,0,0,0.0000,200000.0,223138,223138,524304,0
1785440617,535417736,535658496,536870912,0,0,640,777,198348,190303,190303,193493,0,0,0,3.2,3.2,3.7,3.2,6.9,69.0,98.4,1.6,1.00,5456,3085,664.81,368.43,0.0,0.0,2.73,0.30,15.82,52.0,16,123.9,0,0,0.0000,200000.0,223912,223912,524304,0
1785440618,537515776,534482944,536870912,0,0,641,769,199115,191071,191071,194261,0,2,1,3.0,2.5,1.9,4.7,6.6,67.0,98.4,1.6,1.00,5468,3084,665.89,368.43,0.0,0.0,2.58,0.31,15.07,60.0,0,123.8,0,0,0.0000,200000.0,224681,224680,524304,524304
1785440619,536467024,535523328,536870912,0,0,671,742,199857,191813,191813,195002,0,1,1,2.7,3.4,1.1,5.3,6.4,68.0,98.4,1.6,1.00,5335,2947,650.41,352.18,0.0,0.0,3.02,0.31,17.00,54.0,4,124.0,0,0,0.0000,200000.0,225439,225439,524304,524304
1785440620,536494096,636162048,536870912,0,0,720,807,200660,192404,192404,195594,0,0,0,2.7,3.1,1.8,7.6,9.4,68.0,98.4,1.6,1.16,4603,3166,562.58,378.46,0.0,0.0,3.03,0.31,14.93,50.0,0,124.0,0,0,0.9879,4404.7,226769,226769,524304,0
1785440622,536494096,702877696,536870912,0,0,276,1,200660,192404,192404,195594,0,0,0,0.2,1.4,0.2,0.4,0.6,4.5,98.4,1.6,1.31,2843,0,354.21,0.00,0.0,0.0,6.66,0.00,18.93,12.0,0,127.6,0,0,0.0000,200000.0,226769,226769,524304,0
1785440623,535971888,628625408,536870912,0,0,197,350,201008,192750,192750,195940,0,0,0,1.4,2.0,0.8,2.5,3.3,33.0,98.4,1.6,1.17,773,718,92.91,85.78,0.0,0.0,0.58,0.31,0.67,11.0,0,122.7,0,0,0.0061,198792.4,227117,227117,524304,0
1785440624,537545648,621711360,536870912,0,0,597,687,201692,193434,193434,196626,0,2,1,2.4,3.6,3.2,3.0,6.2,73.0,98.4,1.6,1.16,7558,2736,927.99,326.86,0.0,0.0,3.77,0.31,29.32,53.0,15,124.8,0,0,0.0061,198792.4,227805,227803,524304,0
1785440625,535971888,605085696,536870912,0,0,641,778,202468,194210,194210,197403,0,0,0,2.5,3.1,1.5,5.6,7.1,67.0,98.4,1.6,1.12,5110,3108,621.52,371.30,0.0,0.0,2.50,0.31,13.74,60.0,0,123.7,0,0,0.0061,198792.4,228579,228579,524304,0
1785440626,536496608,582041600,536870912,0,0,655,757,203224,194966,194966,198159,0,0,1,2.2,3.5,2.3,4.6,6.9,70.0,98.4,1.6,1.09,5694,3020,695.03,360.78,0.0,0.0,3.57,0.31,21.26,51.0,0,124.1,0,0,0.0000,200000.0,229342,229342,524304,0
1785440627,536496344,575975424,536870912,0,0,678,758,203980,195723,195723,198916,0,1,0,2.2,2.6,3.5,3.2,6.7,68.0,98.4,1.6,1.07,5286,3035,645.08,362.70,0.0,0.0,3.41,0.31,18.95,46.0,1,124.0,0,0,0.0000,200000.0,230103,230102,524304,0
1785440628,535972328,764874752,536870912,0,0,654,718,204699,196440,196440,199633,0,0,1,2.7,2.9,1.0,5.2,6.2,70.0,98.4,1.6,1.43,6714,2821,823.76,336.89,0.0,0.0,4.49,0.31,31.02,54.0,0,124.6,0,0,0.0000,200000.0,230822,230822,524304,0
1785440630,536496344,546263040,536870912,0,0,627,732,205428,197171,197171,200364,0,1,0,2.3,2.9,2.5,4.1,6.6,33.5,98.4,1.6,1.02,2955,1484,361.67,177.29,0.0,0.0,3.87,0.31,11.89,25.5,0,124.3,0,0,0.0000,200000.0,231552,231551,524304,0
1785440631,535971888,537698304,536870912,0,0,624,755,206183,197925,197925,201118,0,0,0,2.8,3.3,2.8,4.4,7.2,66.0,98.4,1.6,1.00,5289,3012,645.09,359.83,0.0,0.0,2.72,0.31,15.32,53.0,0,124.0,0,0,0.0000,200000.0,232306,232306,524304,0
1785440632,536496608,537698304,536870912,0,0,626,759,206940,198682,198682,201876,0,0,1,2.2,3.1,0.7,5.9,6.6,67.0,98.4,1.6,1.00,5326,3036,649.78,362.70,0.0,0.0,2.74,0.31,15.51,51.0,4,124.0,0,0,0.0000,200000.0,233063,233063,524304,0
1785440633,535971888,534695936,536870912,0,0,666,771,207710,199452,199452,202646,0,0,0,2.9,2.8,1.9,5.1,7.0,70.0,98.4,1.6,1.00,5421,3072,660.57,367.00,0.0,0.0,3.69,0.31,20.92,52.0,0,123.9,0,0,0.0000,200000.0,233838,233838,524304,0
1785440634,536496168,538050560,536870912,0,0,677,764,208471,200214,200214,203409,0,0,0,2.3,3.4,2.0,4.9,6.9,68.0,98.4,1.6,1.00,5432,3048,662.32,364.13,0.0,0.0,2.81,0.30,16.19,51.0,0,123.9,0,0,0.0000,200000.0,234599,234599,524304,0
1785440635,535972440,538075136,536870912,0,0,663,725,209196,200937,200937,204133,0,0,1,3.0,2.9,2.0,4.5,6.5,69.0,98.4,1.6,1.00,5853,2846,716.54,340.23,0.0,0.0,3.49,0.31,21.32,53.0,119,124.4,0,0,0.0000,200000.0,235338,235338,524304,0
1785440637,535447608,619208704,536870912,0,0,630,704,209899,201640,201640,204836,0,0,0,1.9,3.3,1.7,4.6,6.3,34.0,98.4,1.6,1.15,3399,1428,416.95,170.60,0.0,0.0,3.30,0.30,11.65,27.5,3,124.6,0,0,0.0061,198792.4,236041,236041,524304,0
1785440638,536524136,636764160,536870912,0,0,319,243,210138,201671,201671,204867,0,0,0,1.1,1.9,2.4,2.8,5.2,20.0,98.4,1.6,1.19,1627,908,202.26,108.47,0.0,0.0,4.62,0.31,7.79,10.0,0,125.5,0,0,0.9930,3392.7,236805,236805,524304,0
1785440639,536001928,636243968,536870912,0,0,54,158,210295,201826,201826,205021,0,0,0,1.0,1.6,1.3,0.6,1.9,19.0,98.4,1.6,1.19,771,683,93.04,81.71,0.0,0.0,0.73,0.31,0.77,10.0,0,123.1,0,0,0.0000,200000.0,236962,236962,524304,0
1785440640,536526648,627253248,536870912,0,0,544,756,211049,202580,202580,205776,0,0,1,2.9,3.5,2.3,4.6,6.9,71.0,98.4,1.6,1.17,5576,3005,680.37,359.34,0.0,0.0,2.72,0.31,16.08,60.0,0,124.1,0,0,0.0000,200000.0,237729,237729,524304,0
1785440641,536001928,616644608,536870912,0,0,660,741,211789,203320,203320,206516,0,0,0,2.3,3.2,1.5,5.2,6.7,69.0,98.5,1.5,1.15,6148,2968,752.40,354.84,0.0,0.0,3.18,0.31,20.45,51.0,10,124.4,0,0,0.0064,198737.0,238471,238471,524304,0
1785440642,536526648,578859008,536870912,0,0,676,772,212559,204090,204090,207287,0,0,1,2.8,2.3,2.2,5.0,7.2,69.0,98.5,1.5,1.08,5436,3066,662.35,366.25,0.0,0.0,2.56,0.31,14.86,46.0,45,123.9,0,0,0.0000,200000.0,239241,239241,524304,0
1785440644,535477800,578859008,536870912,0,0,638,701,213258,204788,204788,207987,0,0,0,3.0,3.5,0.3,5.8,6.1,34.5,98.5,1.5,1.08,3660,1400,448.84,167.33,0.0,0.0,3.55,0.31,13.43,31.5,11,124.7,0,0,0.0000,200000.0,239940,239940,524304,0
1785440645,536526208,545619968,536870912,0,0,642,776,214031,205563,205563,208762,0,0,0,2.5,3.4,0.8,6.2,7.0,68.0,98.5,1.5,1.02,5470,3103,666.29,370.68,0.0,0.0,2.47,0.31,14.49,49.0,0,123.9,0,0,0.0000,200000.0,240713,240713,524304,0
1785440646,537575136,547127296,536870912,0,0,640,772,214800,206332,206332,209533,0,2,0,3.0,2.8,3.6,3.2,6.8,69.0,98.5,1.5,1.02,5415,3064,660.46,366.05,0.0,0.0,2.84,0.31,16.34,51.0,12,124.0,0,0,0.0064,198737.0,241493,241491,524304,0
1785440647,537051120,541093888,536870912,0,0,631,763,215562,207092,207092,210295,0,1,1,2.4,3.2,1.9,4.9,6.8,68.0,98.5,1.5,1.01,5346,3047,652.14,364.12,0.0,0.0,2.75,0.31,15.66,52.0,0,124.0,0,0,0.0000,200000.0,242256,242255,524304,0
1785440648,536002544,541093888,536870912,0,0,674,752,216312,207842,207842,211046,0,1,1,2.2,3.6,4.0,2.9,6.9,66.0,98.5,1.5,1.01,5328,3012,649.78,359.83,0.0,0.0,2.45,0.31,13.99,52.0,4,124.0,0,0,0.0000,200000.0,243011,243011,524304,524304
1785440649,535477648,541093888,536870912,0,0,674,770,217081,208611,208611,211815,0,0,0,2.8,3.2,0.7,6.1,6.8,69.0,98.5,1.5,1.01,5383,3058,656.51,365.56,0.0,0.0,2.79,0.31,15.96,50.0,3,124.0,0,0,0.0064,198737.0,243780,243780,524304,0
1785440651,536526648,636174336,536870912,0,0,652,702,217781,209312,209312,212516,0,0,1,2.9,3.2,1.9,4.3,6.2,34.5,98.5,1.5,1.19,7473,2800,917.92,334.53,0.0,0.0,3.68,0.30,28.33,63.0,12,124.8,0,0,0.0000,200000.0,244480,244480,524304,0
1785440652,537051232,538103808,536870912,0,0,634,762,218542,210072,210072,213277,0,1,1,2.5,3.4,0.4,6.3,6.7,67.0,98.5,1.5,1.00,2705,1522,329.81,181.82,0.0,0.0,2.73,0.30,7.84,24.0,0,123.9,0,0,0.0000,200000.0,245242,245241,524304,0
1785440653,536002368,538091520,536870912,0,0,627,771,219313,210843,210843,214047,0,0,1,2.8,2.9,2.5,4.2,6.7,68.0,98.5,1.5,1.00,5399,3077,658.20,367.48,0.0,0.0,2.91,0.31,16.66,54.0,0,123.9,0,0,0.0000,200000.0,246012,246012,524304,0
1785440654,536554048,642244608,536870912,0,0,482,516,219825,211147,211147,214351,0,0,0,2.0,2.3,2.9,4.8,7.7,47.0,98.5,1.5,1.20,3578,2013,439.59,240.35,0.0,0.0,3.93,0.31,14.68,26.0,0,124.5,0,0,0.9982,2363.3,247229,247229,524304,0
1785440655,536554048,642244608,536870912,0,0,0,1,219825,211147,211147,214351,0,0,0,0.1,1.6,0.0,0.5,0.5,5.0,98.5,1.5,1.20,890,0,110.68,0.00,0.0,0.0,5.16,0.00,4.59,3.0,0,127.3,0,0,0.9982,2363.3,247229,247229,524304,0
1785440656,536556296,714510336,536870912,0,0,401,659,220481,211802,211802,215006,0,1,0,2.8,2.6,0.9,5.0,5.9,64.0,98.5,1.5,1.33,4949,2676,603.57,319.69,0.0,0.0,3.26,0.31,16.97,42.0,0,124.0,0,0,0.0000,200000.0,247895,247894,524304,0
1785440658,537081128,620470272,536870912,0,0,627,697,221176,212497,212497,215702,0,1,1,2.4,3.4,2.6,3.9,6.5,68.0,98.5,1.5,1.16,6963,2729,854.95,325.90,0.0,0.0,3.82,0.31,27.46,56.0,0,124.8,0,0,0.0000,200000.0,248590,248589,524304,0
1785440659,535507560,593969152,536870912,0,0,627,746,221923,213242,213242,216447,0,0,0,2.6,3.1,1.8,5.5,7.3,34.5,98.5,1.5,1.11,2777,1518,338.87,181.35,0.0,0.0,3.06,0.31,8.97,25.5,4,124.0,0,0,0.0000,200000.0,249336,249336,524304,0
1785440660,536032280,571162624,536870912,0,0,630,772,222693,214012,214012,217218,0,0,1,3.1,3.1,4.1,3.1,7.2,69.0,98.5,1.5,1.06,5341,3072,650.88,367.00,0.0,0.0,2.49,0.31,14.22,51.0,0,123.9,0,0,0.0000,200000.0,250106,250106,524304,0
1785440661,536031840,563576832,536870912,0,0,632,766,223456,214776,214776,217983,0,0,0,2.6,3.5,2.5,4.7,7.2,68.0,98.5,1.5,1.05,5385,3060,656.67,365.57,0.0,0.0,3.38,0.30,19.12,50.0,0,124.0,0,0,0.0115,197714.7,250869,250869,524304,0
1785440662,535508000,563707904,536870912,0,0,671,752,224209,215527,215527,218734,0,0,1,2.1,3.0,2.1,4.6,6.7,68.0,98.5,1.5,1.05,5359,2993,654.01,357.56,0.0,0.0,2.98,0.31,16.86,48.0,11,124.0,0,0,0.0000,200000.0,251632,251632,524304,0
1785440663,537605600,544862208,536870912,0,0,670,765,224971,216291,216291,219498,0,2,1,2.4,3.1,4.2,2.6,6.8,67.0,98.5,1.5,1.02,5350,3059,652.41,365.44,0.0,0.0,3.49,0.31,19.61,50.0,0,123.9,0,0,0.0000,200000.0,252396,252394,524304,0
1785440664,536032280,696025088,536870912,0,0,657,720,225691,217010,217010,220217,0,0,1,2.6,3.8,1.6,4.7,6.3,69.0,98.5,1.5,1.30,6750,2831,827.10,338.32,0.0,0.0,4.02,0.31,27.99,50.0,0,124.6,0,0,0.0067,198681.8,253128,253128,524304,0
1785440666,537605048,532979712,536870912,0,0,620,717,226405,217726,217726,220933,0,2,0,2.3,2.8,2.0,4.4,6.4,33.0,98.5,1.5,0.99,2938,1450,359.69,173.22,0.0,0.0,3.50,0.31,10.73,27.0,0,124.4,0,0,0.0000,200000.0,253844,253842,524304,0
1785440667,536556272,536485888,536870912,0,0,624,767,227171,218492,218492,221699,0,0,0,3.1,2.4,0.8,5.9,6.7,68.0,98.6,1.4,1.00,5389,3070,657.22,366.99,0.0,0.0,3.60,0.31,20.35,62.0,0,124.0,0,0,0.0000,200000.0,254618,254618,524304,0
1785440668,536556120,536485888,536870912,0,0,620,750,227922,219243,219243,222448,0,0,0,2.5,3.0,3.2,3.5,6.7,67.0,98.6,1.4,1.00,5324,3006,649.75,359.34,0.0,0.0,3.41,0.31,19.07,47.0,0,124.0,0,0,0.0000,200000.0,255374,255374,524304,0
1785440669,536032280,532979712,536870912,0,0,642,758,228681,220000,220000,223205,0,0,1,2.2,3.5,1.4,5.3,6.7,67.0,98.6,1.4,1.00,5326,3022,649.34,361.26,0.0,0.0,3.31,0.31,18.57,48.0,0,124.0,0,0,0.0067,198681.8,256139,256139,524304,0
1785440670,536556560,533098496,536870912,0,0,678,766,229445,220765,220765,223970,0,0,1,3.0,3.2,1.0,6.0,7.0,69.0,98.6,1.4,0.99,5444,3056,664.11,365.08,0.0,0.0,3.61,0.31,20.60,51.0,0,124.0,0,0,0.0000,200000.0,256910,256910,524304,0
1785440671,536583968,633565184,536870912,0,0,405,289,229731,220841,220841,224046,0,0,0,1.4,2.1,0.3,5.3,5.6,32.0,98.6,1.4,1.18,2568,1094,319.13,130.45,0.0,0.0,7.68,0.31,20.07,18.0,0,125.7,0,0,0.9985,2305.2,257932,257932,524304,0
1785440673,536586216,633094144,536870912,0,0,24,113,229841,220950,220950,224155,0,1,0,0.4,2.1,1.1,0.3,1.4,8.5,98.6,1.4,1.18,880,246,108.36,29.39,0.0,0.0,3.84,0.31,3.46,6.5,0,125.3,0,0,0.0000,200000.0,258043,258042,524304,0
1785440674,536586480,633131008,536870912,0,0,489,718,230557,221665,221665,224872,0,0,1,2.8,2.8,0.8,5.9,6.7,73.0,98.6,1.4,1.18,6714,2844,823.37,339.75,0.0,0.0,3.88,0.31,26.93,58.0,0,124.6,0,0,0.0000,200000.0,258764,258764,524304,0
1785440675,536586480,622825472,536870912,0,0,634,768,231323,222431,222431,225639,0,0,1,2.3,3.5,1.4,5.7,7.1,67.0,98.6,1.4,1.16,5291,3078,644.44,367.95,1.0,0.0,2.80,0.31,15.79,55.0,0,123.9,0,0,0.0069,198626.6,259541,259541,524304,0
1785440676,537110952,594726912,536870912,0,0,630,757,232080,223187,223187,226395,0,1,1,2.4,3.0,2.3,4.7,7.0,68.0,98.6,1.4,1.11,5485,3035,668.73,362.70,0.0,0.0,2.98,0.31,17.26,54.0,0,124.0,0,0,0.0069,198626.6,260299,260298,524304,0
1785440677,535537480,572059648,536870912,0,0,683,774,232853,223960,223960,227168,0,0,0,2.6,3.3,0.0,7.5,7.5,70.0,98.6,1.4,1.07,5454,3083,664.56,368.43,0.0,0.0,2.66,0.31,15.45,50.0,1,123.9,0,0,0.0000,200000.0,261085,261085,524304,0
1785440678,536061760,572055552,536870912,0,0,683,777,233629,224737,224737,227944,0,0,0,2.4,3.3,4.1,3.3,7.4,68.0,98.6,1.4,1.06,5451,3108,664.88,371.30,0.0,0.0,2.48,0.30,14.45,51.0,4,124.0,0,0,0.0000,200000.0,261861,261861,524304,0
1785440680,536586480,698126336,536870912,0,0,650,688,234317,225425,225425,228631,0,0,1,2.4,3.6,0.5,5.8,6.3,36.0,98.6,1.4,1.30,3690,1372,453.27,164.11,0.0,0.0,3.80,0.31,14.44,28.0,5,124.9,0,0,0.0000,200000.0,262565,262565,524304,0
1785440681,538159976,539308032,536870912,0,0,623,756,235072,226181,226181,229386,0,3,1,2.4,3.0,1.0,6.0,7.0,68.0,98.6,1.4,1.01,5319,3011,648.27,359.88,0.0,0.0,2.67,0.31,15.13,44.0,0,123.9,0,0,0.0120,197627.1,263326,263324,524304,524304
1785440682,537635408,532275200,536870912,0,0,631,773,235845,226953,226953,230158,0,2,1,2.5,3.1,1.6,5.5,7.1,69.0,98.6,1.4,0.99,5432,3081,662.26,367.96,0.0,0.0,2.68,0.31,15.47,57.0,0,123.9,0,0,0.0069,198627.0,264098,264096,524304,0
1785440683,535537480,535531520,536870912,0,0,640,779,236623,227730,227730,230936,0,0,0,2.4,3.3,3.4,3.8,7.2,69.0,98.6,1.4,1.00,5506,3108,671.18,371.30,0.0,0.0,2.80,0.30,16.34,61.0,0,123.9,0,0,0.0069,198626.6,264874,264874,524304,0
1785440684,537111064,536973312,536870912,0,0,674,773,237395,228502,228502,231708,0,1,1,2.2,3.7,2.8,4.4,7.2,69.0,98.6,1.4,1.00,5496,3095,669.55,369.86,0.0,0.0,2.83,0.31,16.50,52.0,0,123.9,0,0,0.0069,198626.6,265666,265665,524304,0
1785440685,535537480,537001984,536870912,0,0,674,762,238155,229262,229262,232469,0,0,0,2.8,2.7,1.6,5.4,7.0,69.0,98.6,1.4,1.00,5417,3028,660.89,361.74,0.0,0.0,2.66,0.31,15.35,46.0,10,124.0,0,0,0.0000,200000.0,266425,266425,524304,0
1785440687,537111048,544845824,536870912,0,0,682,716,238866,229975,229975,233184,0,1,1,2.4,3.4,1.4,4.9,6.3,35.5,98.6,1.4,1.02,3753,1405,461.26,167.73,0.5,0.0,3.69,0.30,14.29,28.0,1,124.9,0,0,0.0000,200000.0,267137,267136,524304,0
1785440688,537635520,534179840,536870912,0,0,642,765,239630,230738,230738,233948,0,2,1,2.5,3.3,3.5,3.3,6.8,72.0,98.6,1.4,1.00,5513,3088,671.88,368.91,0.0,0.0,2.83,0.31,16.57,47.0,0,123.9,0,0,0.0000,200000.0,267902,267900,524304,0
1785440689,536614344,633352192,536870912,0,0,337,219,239846,230743,230743,233953,0,0,0,1.3,1.6,2.7,2.2,4.9,19.0,98.6,1.4,1.18,1787,827,222.34,98.91,0.0,0.0,5.45,0.31,9.99,11.0,0,125.8,0,0,0.9987,2249.2,268686,268686,524304,0
1785440690,536092576,636891136,536870912,0,0,94,191,240036,230930,230930,234140,0,0,1,0.9,1.6,0.3,1.8,2.1,21.0,98.6,1.4,1.19,902,815,108.72,97.48,0.0,0.0,0.63,0.31,0.81,17.0,0,123.0,0,0,0.0000,200000.0,268878,268878,524304,0
1785440691,538190176,637001728,536870912,0,0,590,769,240801,231697,231697,234908,0,2,1,2.8,2.7,2.6,4.4,7.0,71.0,98.6,1.4,1.19,5229,3052,637.46,364.61,0.0,0.0,2.79,0.30,15.49,47.0,0,123.9,0,0,0.0000,200000.0,269645,269644,524304,524304
1785440692,536616856,624111616,536870912,0,0,657,736,241536,232431,232431,235643,0,0,1,2.9,3.2,5.1,1.8,6.9,69.0,98.6,1.4,1.16,6464,2936,791.63,350.75,0.0,0.0,4.01,0.31,26.80,57.0,0,124.4,0,0,0.0000,200000.0,270378,270378,524304,0
1785440694,535568296,749752320,536870912,0,0,663,728,242265,233158,233158,236370,0,0,1,2.9,3.2,3.3,3.3,6.6,35.0,98.6,1.4,1.40,6898,2868,845.73,342.63,0.0,0.0,3.68,0.30,26.26,49.0,125,124.6,0,0,0.0072,198570.6,271107,271107,524304,0
1785440695,537141424,572280832,536870912,0,0,634,749,243010,233906,233906,237118,0,1,1,1.8,3.8,0.0,7.2,7.2,70.0,98.6,1.4,1.07,2970,1517,363.02,181.35,0.0,0.0,3.05,0.31,9.54,25.5,0,124.2,0,0,0.0000,200000.0,271855,271854,524304,0
1785440696,536616592,565784576,536870912,0,0,634,767,243775,234671,234671,237884,0,1,0,2.4,3.3,1.6,5.5,7.1,71.0,98.6,1.4,1.05,5422,3060,660.61,365.56,0.0,0.0,4.23,0.31,23.86,51.0,0,123.9,0,0,0.0000,200000.0,272622,272621,524304,0
1785440697,536616416,557723648,536870912,0,0,633,772,244546,235442,235442,238655,0,0,0,2.4,3.1,0.4,6.6,7.0,69.0,98.7,1.3,1.04,5457,3092,665.58,369.38,0.0,0.0,2.99,0.31,17.25,51.0,0,124.0,0,0,0.0000,200000.0,273392,273392,524304,0
1785440698,537665344,536924160,536870912,0,0,662,771,245317,236213,236213,239425,0,2,0,3.2,3.3,0.4,7.1,7.5,70.0,98.7,1.3,1.00,5413,3084,660.54,368.43,0.0,0.0,2.68,0.31,15.45,60.0,0,124.0,0,0,0.0000,200000.0,274194,274192,524304,0
1785440699,536092136,535625728,536870912,0,0,669,763,246080,236975,236975,240187,0,0,0,2.9,3.1,3.1,4.1,7.2,68.0,98.7,1.3,1.00,5447,3048,664.39,364.13,0.0,0.0,2.74,0.30,15.85,44.0,0,124.0,0,0,0.0000,200000.0,274955,274955,524304,0
1785440701,536092688,535625728,536870912,0,0,672,730,246810,237704,237704,240916,0,0,1,2.2,3.6,0.0,6.7,6.7,34.0,98.7,1.3,1.00,6560,2861,805.17,341.67,0.0,0.0,3.41,0.30,23.25,56.0,115,124.7,0,0,0.0000,200000.0,275685,275685,524304,0
1785440702,536616592,539820032,536870912,0,0,625,717,247523,238419,238419,241632,0,1,0,2.7,3.5,1.6,5.1,6.7,68.0,98.7,1.3,1.01,3074,1452,376.53,173.46,0.0,0.0,3.18,0.30,10.23,28.5,0,124.4,0,0,0.0000,200000.0,276399,276398,524304,0
1785440703,535567856,536199168,536870912,0,0,631,774,248296,239190,239190,242405,0,0,0,2.7,3.3,2.8,4.2,7.0,68.0,98.7,1.3,1.00,5432,3096,662.81,369.86,0.0,0.0,2.71,0.31,15.65,56.0,0,124.0,0,0,0.0000,200000.0,277172,277172,524304,0
1785440704,536092136,533028864,536870912,0,0,626,758,249054,239949,239949,243162,0,0,0,2.3,3.0,1.7,5.4,7.1,68.0,98.7,1.3,0.99,5378,3012,656.44,359.83,0.0,0.0,2.62,0.30,15.02,53.0,0,124.0,0,0,0.0000,200000.0,277930,277930,524304,0
1785440705,537141440,536535040,536870912,0,0,654,745,249799,240693,240693,243906,0,1,1,2.4,3.4,0.6,6.2,6.8,67.0,98.7,1.3,1.00,5331,2986,650.68,356.96,0.0,0.0,3.00,0.31,16.88,54.0,0,124.1,0,0,0.0072,198571.2,278677,278676,524304,0
1785440706,536638056,609554432,536870912,0,0,426,332,250127,240860,240860,244073,0,0,0,1.8,1.8,3.6,2.0,5.6,31.0,98.7,1.3,1.14,2850,1258,352.77,150.52,0.0,0.0,4.64,0.31,13.62,26.0,0,125.5,0,0,0.7694,47667.3,279572,279572,524304,0
1785440708,561257136,609538048,536870912,0,0,2,8,250141,240864,240864,244075,1,2,8,0.3,1.7,0.3,0.6,0.9,7.5,98.7,1.3,1.14,744,32,91.78,3.82,0.0,0.0,4.41,0.34,3.29,2.5,12,126.1,0,0,0.2271,155035.8,279588,279586,524304,0
1785440709,1003871384,1129701376,536870912,2426,0,1511,2505,250189,241807,241807,246579,108,147,156,6.5,3.6,3.6,29.8,33.4,117.0,98.1,1.9,1.13,4128,166,496.40,20.05,0.0,0.0,0.67,0.47,2.86,31.0,0,123.2,2040,3,1.0000,2000.0,285852,285705,524304,0
1785440710,1325193264,1393377280,536870912,4631,0,1858,2206,250214,242448,242448,248784,129,321,98,6.6,3.0,5.3,24.7,30.0,121.0,97.5,2.5,1.05,2486,82,299.07,10.03,0.0,0.0,0.89,0.45,2.25,22.0,0,123.3,3625,60,1.0000,2000.0,292991,292671,524304,524304
1785440711,1520167952,1616572416,536870912,6397,0,1591,1767,250227,242833,242833,250550,143,471,160,6.5,3.1,1.1,24.4,25.5,115.0,96.9,3.1,1.06,1846,58,222.20,7.16,0.0,0.0,0.94,0.50,1.77,18.0,0,123.4,4963,0,1.0000,2000.0,300062,299591,524304,0
1785440712,1713625672,1779785728,536870912,8243,0,1539,1847,250242,243217,243217,252396,150,510,140,6.8,3.3,4.5,21.9,26.4,118.0,96.4,3.6,1.04,1633,47,196.67,5.73,0.0,0.0,1.04,0.43,1.72,7.0,0,123.4,6410,18,1.0000,2000.0,307168,306658,524304,0
1785440714,1908616344,1933570048,536870912,10093,0,1551,1851,250256,243603,243603,254246,161,369,95,7.0,3.2,5.1,21.7,26.8,60.0,95.8,4.2,1.01,1497,58,180.31,7.16,0.0,0.0,1.08,0.47,1.65,12.0,4,123.5,7863,63,1.0000,2000.0,314279,313911,524304,524304
1785440715,2038176480,2061213696,536870912,11947,0,1583,1855,250267,243861,243861,256100,168,577,160,7.1,2.4,6.1,20.9,27.0,116.0,95.2,4.8,1.01,612,18,73.51,2.15,0.0,0.0,0.61,0.44,0.38,4.5,0,123.0,9433,0,1.0000,2000.0,321617,321041,524304,524304
1785440716,2167586344,2177863680,536870912,13554,0,1504,1608,250276,244117,244117,257707,175,88,160,6.8,2.5,2.7,21.2,23.9,116.0,94.7,5.3,1.00,1156,36,139.45,4.30,0.0,0.0,1.21,0.42,1.42,11.0,0,123.5,10753,0,1.0000,2000.0,328257,328169,524304,0
1785440717,2296023304,2298159104,536870912,15366,0,1477,1813,250285,244373,244373,259519,181,17,160,6.8,2.2,2.2,24.2,26.4,115.0,94.2,5.8,1.00,1204,54,145.47,6.21,0.0,0.0,1.24,0.43,1.51,15.0,126,123.5,12268,0,1.0000,2000.0,335323,335307,524304,524304
1785440718,2426606168,2425217024,536870912,17314,0,1596,1949,250294,244629,244629,261467,188,228,160,7.2,4.2,6.7,21.3,28.0,117.0,93.6,6.4,1.00,1110,20,133.61,2.39,0.0,0.0,1.36,0.45,1.52,11.0,0,123.2,13930,0,1.0000,2000.0,342681,342453,524304,0
1785440719,2556173472,2551996416,536870912,19370,0,1652,2057,250304,244886,244886,263523,195,625,160,6.5,3.1,4.2,25.3,29.5,117.0,92.9,7.1,1.00,1161,36,139.97,4.30,0.0,0.0,1.16,0.42,1.36,11.0,0,123.4,15713,0,1.0000,2000.0,350207,349582,524304,0
1785440721,2685639720,2664677376,536870912,21265,0,1630,1896,250313,245142,245142,265418,203,536,126,6.8,2.7,6.7,20.9,27.6,58.5,92.4,7.6,0.99,1085,36,130.92,4.30,0.0,0.0,1.28,0.44,1.41,8.0,6,123.5,17340,32,1.0000,2000.0,357392,356857,524304,524304
1785440722,2815078728,2768007168,536870912,23240,0,1704,1976,250323,245399,245399,267393,210,326,73,6.9,3.2,4.1,25.0,29.1,121.0,91.8,8.2,0.98,502,18,60.57,2.15,0.0,0.0,1.29,0.42,0.66,4.0,0,123.5,19045,86,1.0000,2000.0,364675,364350,524304,524304
1785440723,2879661000,2877431808,536870912,25239,0,1677,2000,250328,245527,245527,269392,219,682,155,6.9,2.4,6.1,23.4,29.5,116.0,91.1,8.9,1.00,892,16,107.74,1.91,0.0,0.0,1.30,0.44,1.17,7.0,0,123.7,20896,3,1.0000,2000.0,372281,371599,524304,0
1785440724,3009070128,2965233664,536870912,27162,0,1637,1924,250337,245783,245783,271315,227,398,62,7.0,2.0,8.6,19.2,27.8,121.0,90.6,9.4,0.99,887,36,107.09,4.30,0.0,0.0,1.67,0.42,1.50,7.0,0,123.6,22508,96,1.0000,2000.0,379520,379122,524304,0
1785440725,3074667616,3040727040,536870912,29127,0,1604,1966,250341,245912,245912,273280,233,602,125,6.8,3.5,1.8,26.8,28.6,119.0,90.0,10.0,0.99,740,23,88.89,2.86,0.0,0.0,0.49,0.52,0.37,11.0,0,123.1,24323,34,1.0000,2000.0,387134,386533,524304,524304
1785440726,3138542184,3134312448,536870912,30715,0,1642,1589,250347,246040,246040,274868,239,27,160,6.4,3.6,0.0,24.0,24.0,116.0,89.5,10.5,1.00,740,35,89.49,4.30,0.0,0.0,1.64,0.46,1.23,7.0,33,123.9,25760,0,1.0000,2000.0,393848,393822,524304,524304
1785440728,3268088272,3228254208,536870912,32965,0,1614,2251,250358,246298,246298,277118,245,472,86,6.9,3.7,0.9,30.7,31.6,59.5,88.9,11.1,0.99,474,6,57.28,0.72,0.0,0.0,1.39,0.33,0.66,3.0,0,123.7,27714,72,1.0000,2000.0,401729,401257,524304,0
1785440729,3333658608,3288477696,536870912,34983,0,1641,2019,250361,246426,246426,279136,253,607,119,7.0,2.5,6.8,22.5,29.3,119.0,88.3,11.7,0.99,636,23,76.39,2.86,0.0,0.0,0.50,0.52,0.33,4.0,0,123.2,29587,40,1.0000,2000.0,409339,408732,524304,0
1785440730,3397652336,3368058880,536870912,36990,0,1738,2008,250367,246554,246554,281143,257,765,127,6.8,2.5,5.0,23.7,28.7,118.0,87.7,12.3,0.99,694,12,83.98,1.43,0.0,0.0,1.62,0.33,1.12,4.0,0,123.9,31441,31,1.0000,2000.0,416912,416147,524304,0
1785440731,3462136856,3416498176,536870912,38967,0,1730,1978,250370,246682,246682,283120,261,733,135,6.9,2.0,6.5,21.9,28.4,118.0,87.1,12.9,0.99,521,23,62.58,2.86,0.0,0.0,0.63,0.52,0.34,3.0,0,123.2,33272,24,1.0000,2000.0,424330,423598,524304,524304
1785440732,3527178040,3501432832,536870912,40952,0,1741,1986,250376,246810,246810,285105,267,885,146,6.9,2.0,6.1,22.4,28.5,116.0,86.6,13.4,0.99,713,12,86.20,1.43,0.0,0.0,1.76,0.25,1.26,7.0,0,123.8,35106,12,1.0000,2000.0,431835,430950,524304,0
1785440734,3592706976,3548332032,536870912,42898,0,1720,1947,250379,246938,246938,287051,274,868,141,6.7,2.6,3.3,24.7,28.0,58.5,86.0,14.0,0.99,258,11,30.96,1.43,0.0,0.0,0.62,0.57,0.17,4.5,0,123.1,36912,17,1.0000,2000.0,439236,438369,524304,524304
1785440735,3656644752,3615047680,536870912,44882,0,1719,1985,250385,247066,247066,289035,278,788,113,7.1,2.7,4.9,23.7,28.6,119.0,85.5,14.5,0.99,555,12,67.29,1.43,0.0,0.0,1.88,0.25,1.05,2.0,0,124.1,38736,45,1.0000,2000.0,446663,445876,524304,524304
1785440736,3722158920,3666538496,536870912,46832,0,1706,1951,250388,247194,247194,290985,280,666,113,7.2,2.4,4.1,24.2,28.3,119.0,85.0,15.0,0.99,558,23,67.03,2.86,0.0,0.0,0.57,0.57,0.33,3.0,0,123.2,40535,45,1.0000,2000.0,454044,453379,524304,524304
1785440737,3786124800,3736530944,536870912,48844,0,1734,2013,250394,247322,247322,292997,283,696,108,6.8,2.9,2.9,25.9,28.8,119.0,84.4,15.6,0.99,617,12,74.79,1.43,0.0,0.0,1.88,0.25,1.16,4.0,0,124.1,42423,51,1.0000,2000.0,461577,460881,524304,0
1785440738,3851613552,3773235200,536870912,50840,0,1713,1997,250398,247451,247451,294993,287,478,88,7.0,2.5,2.2,26.8,29.0,121.0,83.9,16.1,0.98,437,23,52.43,2.86,0.0,0.0,0.75,0.52,0.34,4.0,4,123.1,44253,70,1.0000,2000.0,469024,468546,524304,0
1785440740,3915566128,3842555904,536870912,52891,0,1734,2052,250404,247579,247579,297044,292,487,62,6.9,2.8,4.1,25.4,29.5,60.0,83.3,16.7,0.98,298,6,36.11,0.72,0.0,0.0,1.79,0.33,0.53,0.5,0,124.0,46111,96,1.0000,2000.0,476711,476225,524304,524304
1785440741,3915535360,3878993920,536870912,54631,0,1624,1741,250404,247579,247579,298784,295,80,160,6.9,2.4,7.9,18.5,26.4,117.0,82.9,17.1,0.99,284,0,34.11,0.00,0.0,0.0,0.35,0.00,0.10,4.0,0,123.0,47845,0,1.0000,2000.0,483782,483702,524304,0
1785440742,3981204072,3924860928,536870912,57050,0,1726,2420,250408,247708,247708,301203,298,889,143,7.1,2.7,8.3,25.7,34.0,117.0,82.2,17.8,0.99,527,23,63.30,2.86,0.0,0.0,0.66,0.52,0.36,7.0,0,123.2,50123,15,1.0000,2000.0,492007,491118,524304,0
1785440743,4045641360,3984629760,536870912,59072,0,1752,2023,250413,247836,247836,303225,302,708,101,6.8,2.9,5.2,23.8,29.0,118.0,81.7,18.3,0.98,514,16,62.42,1.91,0.0,0.0,2.13,0.44,1.10,2.0,0,124.3,51989,57,1.0000,2000.0,499382,498674,524304,0
1785440744,4110602048,4014755840,536870912,61080,0,1726,2009,250417,247964,247964,305233,306,499,66,7.1,2.2,3.7,25.1,28.8,122.0,81.2,18.8,0.98,413,20,49.67,2.39,0.0,0.0,0.70,0.45,0.30,2.0,0,123.1,53859,92,1.0000,2000.0,506864,506365,524304,0
1785440745,4110648720,4050145280,536870912,63020,0,1841,1941,250417,247964,247964,307173,310,544,160,7.2,2.5,5.9,22.7,28.6,116.0,80.7,19.3,0.99,264,0,31.71,0.00,0.0,0.0,0.35,0.00,0.09,1.0,0,123.0,55798,0,1.0000,2000.0,514348,513805,524304,524304
1785440747,4175175000,4123414528,536870912,65231,0,1711,2212,250422,248092,248092,309384,315,862,125,6.8,3.1,4.7,27.0,31.7,59.0,80.2,19.8,0.99,306,8,37.12,0.96,0.0,0.0,1.88,0.41,0.58,1.5,0,124.0,57866,33,1.0000,2000.0,522112,521250,524304,0
1785440748,4240091016,4142055424,536870912,67252,0,1731,2022,250426,248220,248220,311405,316,458,63,6.8,2.7,4.6,24.7,29.3,120.0,79.7,20.3,0.98,316,20,37.96,2.39,0.0,0.0,0.88,0.45,0.28,4.0,0,123.0,59729,95,1.0000,2000.0,529449,528991,524304,0
1785440749,4240219640,4177444864,536870912,69509,0,1934,2258,250426,248220,248220,313662,321,1013,144,7.1,2.8,6.6,25.7,32.3,117.0,79.1,20.9,0.99,268,0,32.19,0.00,0.0,0.0,0.34,0.00,0.09,3.0,0,123.0,61989,14,1.0000,2000.0,537535,536523,524304,524304
1785440750,4304608096,4224532480,536870912,71448,0,1696,1940,250432,248349,248349,315601,323,600,79,7.2,2.1,5.1,22.4,27.5,120.0,78.7,21.3,0.98,452,16,54.85,1.91,0.0,0.0,2.42,0.38,1.10,5.0,0,124.2,63765,79,1.0000,2000.0,544766,544167,524304,524304
1785440751,4304716240,4253761536,536870912,73572,0,1914,2125,250433,248350,248350,317725,331,1030,160,7.0,1.9,8.9,21.5,30.4,116.0,78.2,21.8,0.99,216,0,25.95,0.00,0.0,0.0,0.35,0.00,0.07,3.0,0,123.0,65858,0,1.0000,2000.0,552665,551635,524304,0
1785440753,4370675120,4272246784,536870912,75610,0,1689,2039,250435,248478,248478,319763,331,644,78,6.7,2.7,3.1,26.5,29.6,60.0,77.7,22.3,0.98,153,13,18.41,1.67,0.0,0.0,0.75,0.59,0.12,2.0,0,123.5,67762,80,1.0000,2000.0,559937,559294,524304,524304
1785440754,4370798944,4301475840,536870912,77855,0,1937,2246,250435,248478,248478,322008,337,1164,158,7.1,3.1,2.7,30.1,32.8,117.0,77.2,22.8,0.98,224,0,26.91,0.00,0.0,0.0,0.34,0.00,0.08,2.0,0,123.0,69995,0,1.0000,2000.0,567944,566781,524304,524304
1785440755,4434120712,4344205312,536870912,79823,0,1708,1969,250442,248606,248606,323976,338,706,71,7.3,2.5,8.3,20.0,28.3,120.0,76.7,23.3,0.98,425,12,51.79,1.43,0.0,0.0,2.52,0.42,1.07,3.0,0,124.7,71800,87,1.0000,2000.0,575159,574453,524304,0
1785440756,4434228376,4369502208,536870912,82131,0,1953,2309,250442,248606,248606,326284,342,1195,125,7.0,2.8,7.7,26.0,33.7,118.0,76.2,23.8,0.99,172,0,20.66,0.00,0.0,0.0,0.35,0.00,0.06,4.0,0,123.0,74110,33,1.0000,2000.0,583262,582068,524304,524304
1785440757,4499588336,4383432704,536870912,83992,0,1633,1862,250445,248734,248734,328145,342,365,53,6.7,3.0,2.4,25.3,27.7,122.0,75.8,24.2,0.97,289,23,34.71,2.86,0.0,0.0,0.94,0.52,0.28,1.0,0,123.3,75819,105,1.0000,2000.0,590222,589858,524304,524304
1785440759,4499719264,4416856064,536870912,86288,0,1929,2297,250445,248734,248734,330441,346,954,121,6.9,3.3,4.7,28.3,33.0,59.0,75.3,24.7,0.98,244,0,29.31,0.00,0.0,0.0,0.35,0.00,0.08,6.0,0,123.0,78117,37,1.0000,2000.0,598413,597459,524304,0
1785440760,4563525968,4433203200,536870912,88185,0,1579,1898,250451,248862,248862,332338,349,270,34,6.6,2.7,3.2,24.6,27.8,123.0,74.9,25.1,0.97,176,6,21.48,0.72,0.0,0.0,3.09,0.25,0.55,1.0,0,124.9,79805,124,1.0000,2000.0,605564,605294,524304,0
1785440761,4563648848,4481044480,536870912,90524,0,1640,2340,250451,248862,248862,334677,351,833,94,7.0,3.1,4.2,29.6,33.8,120.0,74.4,25.6,0.98,209,0,25.11,0.00,0.0,0.0,0.34,0.00,0.07,1.0,3,123.0,82146,64,1.0000,2000.0,613848,613015,524304,0
1785440762,4563747360,4502278144,536870912,92831,0,1958,2308,250451,248862,248862,336984,355,1297,138,6.7,3.2,3.1,30.4,33.5,118.0,73.8,26.2,0.99,163,0,19.57,0.00,0.0,0.0,0.34,0.00,0.06,1.0,0,123.0,84456,20,1.0000,2000.0,621887,620590,524304,0
1785440763,4629083784,4505763840,536870912,94686,0,1624,1856,250455,248991,248991,338839,361,380,44,6.7,2.5,7.1,20.5,27.6,122.0,73.5,26.5,0.97,195,23,23.47,2.86,0.0,0.0,0.85,0.57,0.18,2.0,0,123.7,86145,114,1.0000,2000.0,628807,628428,524304,524304
1785440765,4629193832,4528963584,536870912,97032,0,2047,2347,250455,248991,248991,341185,364,887,97,7.0,2.6,3.5,30.6,34.1,60.0,73.0,27.0,0.98,92,0,11.05,0.00,0.0,0.0,0.35,0.00,0.03,0.5,0,123.0,88492,61,1.0000,2000.0,637035,636149,524304,524304
1785440766,4629295768,4552163328,536870912,99330,0,1956,2299,250455,248991,248991,343483,366,1357,145,7.0,3.0,2.8,30.5,33.3,118.0,72.5,27.5,0.98,168,0,20.18,0.00,0.0,0.0,0.34,0.00,0.06,2.0,0,123.0,90793,13,1.0000,2000.0,645067,643711,524304,524304
1785440767,4693580736,4585193472,536870912,101203,0,1621,1874,250461,249120,249120,345356,369,455,36,6.9,3.1,2.6,24.8,27.4,122.0,72.1,27.9,0.98,295,16,36.04,1.91,0.0,0.0,4.29,0.38,1.27,2.0,0,125.0,92504,122,1.0000,2000.0,652040,651585,524304,0
1785440768,4693696720,4602363904,536870912,103577,0,1968,2375,250462,249121,249121,347730,372,1022,78,7.4,2.9,4.7,29.2,33.9,121.0,71.6,28.4,0.98,140,0,16.82,0.00,0.0,0.0,0.35,0.00,0.05,2.0,0,123.0,94879,80,1.0000,2000.0,660395,659374,524304,524304
1785440769,4693816848,4622036992,536870912,105889,0,1956,2313,250462,249121,249121,350042,378,1586,132,6.9,3.3,3.5,29.7,33.2,119.0,71.2,28.8,0.98,180,0,21.62,0.00,0.0,0.0,0.36,0.00,0.06,1.0,0,123.0,97192,26,1.0000,2000.0,668580,666994,524304,0
1785440771,4759079192,4621938688,536870912,107565,0,1497,1677,250466,249250,249250,351718,382,268,27,6.8,2.6,1.7,23.3,25.0,62.0,70.9,29.1,0.97,91,11,10.92,1.43,0.0,0.0,0.88,0.52,0.09,0.5,0,123.4,98705,131,1.0000,2000.0,675172,674904,524304,0
1785440772,4759203336,4642123776,536870912,109942,0,1730,2378,250466,249250,249250,354095,385,875,71,7.2,2.5,4.6,29.0,33.6,121.0,70.4,29.6,0.98,152,0,18.26,0.00,0.0,0.0,0.35,0.00,0.05,0.0,0,123.0,101084,87,1.0000,2000.0,683593,682719,524304,524304
1785440773,4759326936,4660342784,536870912,112265,0,1961,2324,250466,249250,249250,356418,390,1472,119,7.0,3.4,3.7,29.3,33.0,119.0,69.9,30.1,0.98,144,0,17.30,0.00,0.0,0.0,0.35,0.00,0.05,0.0,0,123.0,103409,39,1.0000,2000.0,691846,690375,524304,524304
1785440774,4759419960,4676464640,536870912,114559,0,1962,2295,250466,249250,249250,358712,396,1920,157,7.2,3.2,7.5,25.6,33.1,116.0,69.5,30.5,0.98,112,0,13.45,0.00,0.0,0.0,0.35,0.00,0.04,2.0,0,123.0,105704,1,1.0000,2000.0,699837,697917,524304,0
1785440775,4823592304,4707397632,536870912,116094,0,1422,1536,250471,249378,249378,360247,397,408,32,6.9,2.1,5.9,17.9,23.8,122.0,69.2,30.8,0.98,289,16,35.38,1.91,0.0,0.0,3.31,0.38,0.96,1.0,0,125.2,107010,126,1.0000,2000.0,706191,705783,524304,0
1785440777,4823683024,4721553408,536870912,118492,0,1975,2399,250471,249378,249378,362645,397,851,63,7.0,2.8,5.9,28.9,34.8,61.0,68.8,31.2,0.98,54,0,6.49,0.00,0.0,0.0,0.33,0.00,0.02,0.5,0,121.9,109409,95,1.0000,2000.0,714482,713631,524304,0
1785440778,4823775472,4741738496,536870912,120834,0,1967,2343,250471,249378,249378,364987,398,1287,104,7.0,2.8,2.2,31.9,34.1,119.0,68.3,31.7,0.98,160,0,19.22,0.00,0.0,0.0,0.35,0.00,0.06,3.0,0,123.0,111752,54,1.0000,2000.0,722606,721320,524304,524304
1785440779,4823889976,4756942848,536870912,123123,0,1962,2290,250471,249378,249378,367276,405,1832,151,7.2,2.8,5.4,27.3,32.7,117.0,67.9,32.1,0.99,120,0,14.41,0.00,0.0,0.0,0.34,0.00,0.04,1.0,0,123.0,114045,8,1.0000,2000.0,730697,728865,524304,0
1785440780,4888597984,4751851520,536870912,124685,0,1436,1563,250475,249506,249506,368838,407,360,41,7.2,2.2,5.1,19.2,24.3,123.0,67.6,32.4,0.97,180,20,21.66,2.39,0.0,0.0,1.10,0.50,0.21,0.0,0,123.1,115365,117,1.0000,2000.0,737076,736716,524304,0
1785440781,4888689952,4773085184,536870912,127057,0,2068,2373,250476,249507,249507,371210,409,776,88,7.0,3.3,4.1,31.5,35.6,122.0,67.2,32.8,0.98,164,0,19.70,0.00,0.0,0.0,0.35,0.00,0.06,2.0,0,123.0,117739,70,1.0000,2000.0,745248,744472,524304,0
1785440783,4888774768,4795367424,536870912,129384,0,1961,2328,250476,249507,249507,373537,416,1166,132,6.9,2.7,5.1,29.7,34.8,59.5,66.8,33.2,0.98,76,0,9.13,0.00,0.0,0.0,0.35,0.00,0.03,1.5,0,123.0,120067,26,1.0000,2000.0,753243,752077,524304,0
1785440784,4888854832,4799299584,536870912,131702,0,1975,2319,250476,249507,249507,375855,418,1560,157,7.3,2.7,8.4,25.1,33.5,117.0,66.4,33.6,0.98,36,0,4.32,0.00,0.0,0.0,0.33,0.00,0.01,0.0,0,123.0,122383,1,1.0000,2000.0,761226,759666,524304,0
1785440785,4953634512,4831805440,536870912,133417,0,1533,1716,250480,249635,249635,377570,420,521,34,6.9,2.2,2.9,22.6,25.5,122.0,66.1,33.9,0.98,291,20,35.68,2.39,0.0,0.0,3.84,0.45,1.13,1.0,0,125.3,123854,124,1.0000,2000.0,768044,767523,524304,0
1785440786,4953749040,4845961216,536870912,135806,0,1972,2390,250481,249636,249636,379959,423,1099,67,7.2,2.4,7.0,26.9,33.9,121.0,65.7,34.3,0.98,116,0,13.93,0.00,0.0,0.0,0.34,0.00,0.04,0.0,0,123.0,126245,91,1.0000,2000.0,776449,775351,524304,524304
1785440787,4953832944,4855136256,536870912,138197,0,1981,2392,250481,249636,249636,382350,424,1538,85,7.0,3.4,5.8,28.6,34.4,121.0,65.3,34.7,0.98,64,0,7.69,0.00,0.0,0.0,0.34,0.00,0.02,2.0,0,123.0,128636,73,1.0000,2000.0,784682,783144,524304,0
1785440789,4953921792,4866146304,536870912,140537,0,1976,2341,250481,249636,249636,384690,428,1976,116,6.7,3.1,2.4,31.5,33.9,59.0,64.9,35.1,0.98,48,0,5.77,0.00,0.0,0.0,0.34,0.00,0.02,0.0,0,123.0,130980,42,1.0000,2000.0,792792,790816,524304,0
1785440790,4954028704,4878376960,536870912,142851,0,1969,2315,250482,249637,249637,387004,435,2521,147,6.9,3.2,2.9,30.0,32.9,118.0,64.5,35.5,0.98,92,0,11.05,0.00,0.0,0.0,0.35,0.00,0.03,0.0,0,123.0,133294,11,1.0000,2000.0,800908,798388,524304,524304
1785440791,4953717568,4880343040,536870912,143892,0,1279,1042,250482,249637,249637,388045,437,723,160,6.8,1.6,4.7,13.3,18.0,116.0,64.3,35.7,0.99,16,0,1.92,0.00,0.0,0.0,0.38,0.00,0.01,0.0,0,123.0,134109,0,1.0000,2000.0,806690,805968,524304,524304
1785440792,5018662816,4877025280,536870912,146193,0,1316,2302,250487,249766,249766,390346,439,620,35,6.9,3.4,3.2,29.5,32.7,123.0,64.0,36.0,0.97,146,20,17.63,2.39,0.0,0.0,0.89,0.45,0.14,3.0,0,123.5,136273,123,1.0000,2000.0,814456,813837,524304,524304
1785440793,5018737728,4885151744,536870912,148616,0,1982,2424,250487,249766,249766,392769,439,1005,53,6.8,3.1,3.0,32.3,35.3,122.0,63.6,36.4,0.97,68,0,8.17,0.00,0.0,0.0,0.34,0.00,0.02,1.0,0,123.0,138699,105,1.0000,2000.0,822750,821745,524304,0
1785440795,5018807808,4899307520,536870912,150999,0,1978,2384,250487,249766,249766,395152,442,1339,83,6.9,2.5,4.2,31.3,35.5,60.5,63.2,36.8,0.98,56,0,6.73,0.00,0.0,0.0,0.35,0.00,0.02,0.0,0,123.0,141083,75,1.0000,2000.0,830871,829532,524304,0
1785440796,5018872248,4908351488,536870912,153357,0,1976,2359,250488,249767,249767,397510,448,1657,108,7.0,3.4,3.5,31.5,35.0,119.0,62.8,37.2,0.98,72,0,8.65,0.00,0.0,0.0,0.36,0.00,0.03,2.0,0,123.0,143443,51,1.0000,2000.0,838889,837232,524304,0
1785440797,5018966960,4917395456,536870912,155689,0,1977,2333,250488,249767,249767,399842,454,2143,133,7.2,2.7,5.1,28.4,33.5,118.0,62.5,37.5,0.98,72,0,8.65,0.00,0.0,0.0,0.33,0.00,0.02,1.0,0,123.0,145777,25,1.0000,2000.0,847002,844860,524304,524304
1785440798,5019031280,4923424768,536870912,158014,0,1984,2326,250489,249768,249768,402167,458,2477,149,7.1,3.1,8.5,25.7,34.2,118.0,62.1,37.9,0.98,40,0,4.80,0.00,0.0,0.0,0.35,0.00,0.01,0.0,0,123.0,148105,9,1.0000,2000.0,854911,852435,524304,524304
1785440799,5084121752,4949716992,536870912,159309,0,1243,1296,250492,249896,249896,403462,459,238,12,6.9,2.3,7.9,13.4,21.3,125.0,61.9,38.1,0.97,234,23,28.76,2.86,0.0,0.0,4.22,0.57,1.00,1.0,0,126.0,149169,146,1.0000,2000.0,860723,860486,524304,524304
