timestamp,used_memory,used_memory_rss,maxmemory,keyspace_hits,keyspace_misses,ops_per_sec,total_commands_delta,total_num_items_spilled_to_ext_storage,total_num_items_fetched_from_ext_storage,completion_read_ok,dram_value_hits,kbc_fetching_block,num_items_spilling_to_ext_storage,blocked_clients,cpu_user,cpu_sys,valkey_cpu_user,valkey_cpu_sys,valkey_cpu_total,asio_cpu_pct,disk_hit_pct,mem_hit_pct,mem_frag_ratio,disk_read_iops,disk_write_iops,disk_read_mb,disk_write_mb,disk_read_merges_ps,disk_write_merges_ps,disk_r_await_ms,disk_w_await_ms,disk_aqu_sz,disk_util_pct,disk_in_flight,disk_req_sz_kb,throttle_total_throttled,throttle_queued_clients,throttle_current_rate,throttle_allowed_tps,spill_submitted_count,spill_serialized_count,mean_spill_ram,inflight_spill_ram_bytes
1785446280,1799736,6713344,1073741824,0,0,0,0,0,0,0,0,0,0,0,0.1,0.1,0.0,0.2,0.2,0,0.0,0.0,3.82,0,0,0,0,0,0,0,0,0,0,0,0,0,0,0.0000,200000.0,0,0,0,0
1785446281,121607320,124547072,1073741824,0,0,92236,151890,0,0,0,0,0,0,0,3.4,7.9,35.4,74.6,110.0,2.0,0.0,0.0,1.05,0,0,0.00,0.00,0.0,0.0,0.00,0.00,0.00,0.0,0,0.0,0,0,0.0000,200000.0,0,0,0,0
1785446282,242432088,243167232,1073741824,0,0,135739,155208,0,0,0,0,0,0,0,3.4,8.1,42.8,69.8,112.6,2.0,0.0,0.0,1.04,0,0,0.00,0.00,0.0,0.0,0.00,0.00,0.00,0.0,0,0.0,0,0,0.0000,200000.0,0,0,0,0
1785446283,371068976,377253888,1073741824,0,0,136799,155487,0,0,0,0,0,0,0,3.8,7.4,42.5,70.2,112.7,2.0,0.0,0.0,1.02,0,0,0.00,0.00,0.0,0.0,0.00,0.00,0.00,0.0,0,0.0,0,0,0.0000,200000.0,0,0,0,0
1785446284,484967512,490631168,1073741824,0,0,134270,154265,0,0,0,0,0,0,0,3.3,7.8,38.7,74.2,112.9,2.0,0.0,0.0,1.02,0,0,0.00,0.00,0.0,0.0,0.00,0.00,0.00,0.0,0,0.0,0,0,0.0000,200000.0,0,0,0,0
1785446285,607491736,619606016,1073741824,0,0,137808,157979,0,0,0,0,0,0,0,3.1,8.7,39.7,73.4,113.1,3.0,0.0,0.0,1.02,0,0,0.00,0.00,0.0,0.0,0.00,0.00,0.00,0.0,0,0.0,0,0,0.0000,200000.0,0,0,0,0
1785446287,741598384,747925504,1073741824,0,0,135933,152451,0,0,0,0,0,0,0,2.7,8.1,33.5,80.0,113.5,1.5,0.0,0.0,1.01,0,0,0.00,0.00,0.0,0.0,0.00,0.00,0.00,0.0,0,0.0,0,0,0.0000,200000.0,0,0,0,0
1785446288,848636376,856846336,1073741824,0,0,130603,152055,0,0,0,0,0,0,0,3.4,8.0,40.8,72.6,113.4,2.0,0.0,0.0,1.02,0,0,0.00,0.00,0.0,0.0,0.00,0.00,0.00,0.0,0,0.0,0,0,0.0000,200000.0,0,0,0,0
1785446289,970274840,985034752,1073741824,0,0,137572,157342,0,0,0,0,0,0,0,3.1,8.8,39.6,73.3,112.9,2.0,0.0,0.0,1.02,0,0,0.00,0.00,0.0,0.0,0.00,0.00,0.00,0.0,0,0.0,0,0,0.0000,200000.0,0,0,0,0
1785446290,1075769592,1099853824,1073741824,0,0,136482,154524,22534,0,0,0,0,13,0,4.1,7.4,48.4,64.8,113.2,11.0,0.0,0.0,1.02,2,135,0.01,15.06,0.0,0.0,0.00,0.24,0.03,0.0,0,112.6,0,0,0.0095,198128.0,22547,22547,656,8528
1785446291,1088934688,1123053568,1073741824,0,0,122963,136935,169905,0,0,0,0,8,0,6.7,6.6,57.2,57.5,114.7,41.0,0.0,0.0,1.03,70,864,1.24,96.38,0.0,0.0,0.20,0.23,0.21,5.0,0,107.0,0,0,0.0708,185989.4,169913,169913,656,5248
1785446292,1102094616,1146384384,1073741824,0,0,118463,135564,315816,0,0,0,0,16,0,5.8,6.9,49.9,64.9,114.8,40.0,0.0,0.0,1.04,183,864,3.15,96.38,0.0,0.0,0.14,0.23,0.23,3.0,0,97.3,0,0,0.1320,173859.3,315832,315832,656,10496
1785446294,1115230560,1169629184,1073741824,0,0,117301,134514,460619,0,0,0,0,17,0,5.8,7.6,49.9,64.8,114.7,44.0,0.0,0.0,1.05,198,864,4.07,96.38,0.0,0.0,0.17,0.23,0.23,5.0,0,96.8,0,0,0.1932,161751.8,460636,460636,656,11152
1785446295,1128305328,1193746432,1073741824,0,0,116629,133394,604257,0,0,0,0,7,0,6.1,6.7,58.8,55.8,114.6,21.0,0.0,0.0,1.06,100,432,2.46,48.19,0.0,0.0,0.26,0.24,0.13,1.0,0,97.5,0,0,0.2541,149694.0,604264,604257,656,0
1785446296,1141337744,1221328896,1073741824,0,0,115994,132903,747389,0,0,0,0,7,0,7.4,6.3,61.0,54.0,115.0,49.0,0.0,0.0,1.07,248,918,10.96,102.40,0.0,0.0,0.49,0.23,0.33,8.0,0,99.6,0,0,0.3147,137679.9,747396,747390,656,656
1785446297,1154313672,1247543296,1073741824,0,0,115444,132120,889674,0,0,0,0,18,0,6.5,6.5,59.2,55.4,114.6,42.0,0.0,0.0,1.08,216,882,7.44,98.38,0.0,0.0,0.41,0.24,0.30,9.0,0,98.7,0,0,0.3752,125716.9,889692,889692,656,11808
1785446298,1167237240,1270349824,1073741824,0,0,115064,131851,1031708,0,0,0,0,20,0,6.0,6.8,62.8,51.8,114.6,41.0,0.0,0.0,1.09,229,891,8.32,99.39,0.0,0.0,0.47,0.24,0.32,2.0,0,98.5,0,0,0.4353,113803.0,1031728,1031728,656,13120
1785446299,1179668448,1285640192,1073741824,0,0,113675,129497,1171597,0,0,0,0,10,0,5.9,6.4,50.1,63.2,113.3,41.0,0.0,0.0,1.09,223,882,9.07,98.38,0.0,0.0,0.56,0.23,0.33,3.0,0,99.6,700,0,0.4932,102339.6,1171607,1171599,656,1312
1785446300,1188551264,1304256512,1073741824,0,0,102645,112631,1296317,0,0,0,0,14,0,6.1,5.5,59.1,42.1,101.2,39.0,0.0,0.0,1.10,208,792,9.12,88.34,0.0,0.0,0.62,0.23,0.31,5.0,0,99.8,7100,0,0.5346,94151.2,1296331,1296331,656,9184
1785446302,1195652320,1324167168,1073741824,0,0,92352,104193,1413445,0,0,0,0,2,0,5.6,5.5,52.1,42.4,94.5,25.0,0.0,0.0,1.11,187,747,8.91,83.32,0.0,0.0,0.67,0.23,0.30,5.0,0,101.1,16650,0,0.5677,87593.3,1413447,1413445,656,0
1785446303,1201253144,1338761216,1073741824,0,0,86355,97584,1524822,0,0,0,0,7,0,5.9,4.5,56.8,32.2,89.0,35.0,0.0,0.0,1.11,90,360,4.50,40.16,0.0,0.0,0.73,0.23,0.15,3.0,0,101.6,28851,0,0.5937,82439.3,1524829,1524822,656,0
1785446304,1205708784,1355522048,1073741824,0,0,81310,92256,1631421,0,0,0,0,5,0,4.7,4.6,48.9,36.5,85.4,35.0,0.0,0.0,1.12,244,765,17.56,85.33,0.0,0.0,1.11,0.23,0.45,4.0,0,104.4,42752,0,0.6145,78319.2,1631426,1631426,656,3280
1785446305,1209551416,1370251264,1073741824,0,0,77475,87810,1733542,0,0,0,0,5,0,4.8,4.9,47.0,35.8,82.8,33.0,0.0,0.0,1.13,166,675,9.31,75.29,0.0,0.0,1.17,0.23,0.35,7.0,0,103.0,57853,0,0.6324,74784.0,1733547,1733542,656,0
1785446306,1212390040,1384140800,1073741824,0,0,74315,84404,1833026,0,0,0,0,5,0,4.6,5.0,47.4,32.2,79.6,33.0,0.0,0.0,1.14,166,657,9.51,73.29,0.0,0.0,0.92,0.23,0.30,2.0,0,103.0,74504,0,0.6456,72162.9,1833031,1833031,656,3280
1785446307,1214735008,1398767616,1073741824,0,0,71621,81563,1929805,0,0,0,0,14,0,4.6,5.0,38.5,38.6,77.1,33.0,0.0,0.0,1.15,159,639,9.63,71.28,0.0,0.0,1.05,0.23,0.32,5.0,0,103.8,92355,0,0.6565,70010.4,1929819,1929817,656,7872
1785446308,1216607992,1411973120,1073741824,0,0,69653,79362,2024613,0,0,0,0,11,0,4.3,4.7,42.1,33.1,75.2,30.0,0.0,0.0,1.16,160,630,9.87,70.27,0.0,0.0,1.01,0.23,0.31,2.0,0,103.9,111005,0,0.6653,68275.4,2024624,2024624,656,7216
1785446310,1218219072,1425887232,1073741824,0,0,67866,77396,2117406,0,0,0,0,3,0,4.4,4.3,38.7,36.7,75.4,16.0,0.0,0.0,1.17,79,310,5.01,34.63,0.0,0.0,1.02,0.23,0.15,0.5,0,104.2,129505,0,0.6728,66786.2,2117409,2117406,656,0
1785446311,1219294720,1437921280,1073741824,0,0,66578,76086,2209446,0,0,0,0,11,0,3.9,4.2,42.6,31.8,74.4,34.0,0.0,0.0,1.18,156,621,10.22,69.27,0.0,0.0,1.72,0.23,0.41,3.0,0,104.8,148607,0,0.6778,65805.4,2209457,2209452,656,3936
1785446312,1220167432,1451921408,1073741824,0,0,65622,75126,2300629,0,0,0,0,18,0,4.0,4.0,41.7,32.1,73.8,30.0,0.0,0.0,1.19,237,713,20.68,79.33,0.0,0.0,1.94,0.23,0.62,2.0,0,107.8,167908,0,0.6818,64997.6,2300647,2300647,656,11808
1785446313,1221473960,1464324096,1073741824,0,0,64764,74048,2389797,0,0,0,0,16,0,4.3,4.4,45.5,27.5,73.0,30.0,0.0,0.0,1.20,153,603,10.87,67.26,0.0,0.0,1.27,0.23,0.33,0.0,0,105.8,187709,0,0.6879,63794.4,2389813,2389813,656,10496
1785446314,1222601024,1476374528,1073741824,0,0,63637,72760,2477678,0,0,0,0,15,0,4.1,4.4,38.7,33.8,72.5,31.0,0.0,0.0,1.21,157,612,11.07,68.27,0.0,0.0,1.22,0.23,0.33,2.0,0,105.6,207760,0,0.6931,62757.1,2477693,2477693,656,9840
1785446315,1223784736,1489473536,1073741824,0,0,62472,71439,2563822,0,0,0,0,17,0,3.9,4.1,41.4,31.5,72.9,28.0,0.0,0.0,1.22,152,594,11.16,66.26,0.0,0.0,1.55,0.23,0.37,2.0,0,106.3,227561,0,0.6987,61666.5,2563839,2563839,656,11152
1785446316,1224853952,1508753408,1073741824,0,0,61509,70203,2648622,0,0,0,0,3,0,5.5,4.5,38.4,34.4,72.8,59.0,0.0,0.0,1.23,151,585,11.32,65.25,0.0,0.0,1.40,0.23,0.35,2.0,0,106.5,247411,0,0.7037,60674.7,2648625,2648625,656,1968
1785446318,1225605632,1522003968,1073741824,0,0,60528,69319,2732824,0,0,0,0,8,0,3.9,4.8,35.5,36.3,71.8,14.5,0.0,0.0,1.24,77,292,5.74,32.63,0.0,0.0,2.28,0.23,0.24,1.5,0,106.2,267762,0,0.7072,59983.2,2732832,2732825,656,656
1785446319,1226138200,1533276160,1073741824,0,0,59866,68468,2816339,0,0,0,0,4,0,4.4,4.3,42.4,29.3,71.7,31.0,0.0,0.0,1.25,252,603,23.20,67.26,0.0,0.0,2.17,0.23,0.68,4.0,0,108.3,288112,0,0.7096,59491.3,2816343,2816343,656,2624
1785446320,1226578344,1545973760,1073741824,0,0,59428,68171,2899637,0,0,0,0,12,0,4.4,4.3,31.3,40.1,71.4,30.0,0.0,0.0,1.26,162,675,12.21,75.29,0.0,0.0,1.80,0.23,0.45,3.0,0,107.1,308663,0,0.7117,59088.1,2899649,2899645,656,5248
1785446321,1227076016,1555128320,1073741824,0,0,59039,67610,2982136,0,0,0,0,9,0,4.9,3.5,43.9,28.1,72.0,28.0,0.0,0.0,1.27,156,585,12.38,65.25,0.0,0.0,1.59,0.23,0.38,3.0,0,107.3,328914,0,0.7140,58631.1,2982145,2982145,656,5904
1785446322,1225449544,1564565504,1073741824,0,0,27530,11633,2998895,0,0,0,0,4,0,1.4,1.7,9.7,6.8,16.5,10.0,0.0,0.0,1.28,64,144,6.15,16.06,0.0,0.0,1.53,0.24,0.13,0.0,0,109.3,332314,0,0.7141,58614.4,2998899,2998899,656,2624
1785446323,1225324840,1564827648,1073741824,0,0,749,1768,3005090,1275,1275,1762,0,12,9,0.5,1.5,4.3,3.4,7.7,11.0,72.4,27.6,1.28,2086,45,9.92,5.02,0.0,0.0,0.09,0.24,0.20,2.0,12,7.2,332314,0,0.7058,60251.4,3005102,3005102,656,7872
1785446325,1178122568,1592827904,1073741824,53554,0,44346,73375,3135661,57048,57048,75136,1,1,6,8.6,5.1,79.9,35.6,115.5,74.0,75.9,24.1,1.35,57174,837,266.43,93.36,0.0,0.0,0.10,0.23,5.96,66.0,10,6.4,332314,0,0.4861,103760.9,3135662,3135662,656,656
1785446326,1130228248,1617477632,1073741824,106037,0,62355,71622,3263334,113019,113019,146757,1,1,13,7.6,5.9,70.3,45.2,115.5,37.5,77.0,23.0,1.43,28768,454,139.74,50.70,0.0,0.0,0.11,0.23,3.19,30.5,0,6.7,332314,0,0.2630,147921.7,3263335,3263335,656,656
1785446327,1089403288,1654235136,1073741824,157155,0,60712,69745,3383291,168373,168373,216501,1,6,32,8.1,6.2,71.4,43.3,114.7,75.0,77.8,22.2,1.52,57174,1035,297.23,115.45,0.0,0.0,0.12,0.23,7.26,56.0,0,7.3,332314,0,0.0729,185557.2,3383297,3383297,656,3936
1785446328,1073749792,1656348672,1073741824,212873,0,63640,76064,3469910,230231,230231,292564,2,1,13,7.1,6.0,66.8,48.7,115.5,67.0,78.7,21.3,1.54,63599,630,302.77,70.27,0.0,0.0,0.11,0.23,7.24,60.0,0,5.9,332314,0,0.0000,199996.9,3469911,3469911,656,656
1785446329,1073754648,1684172800,1073741824,272021,0,69797,80732,3535358,295685,295685,373295,3,1,9,7.5,5.9,65.3,50.2,115.5,63.0,79.2,20.8,1.57,67093,468,314.04,52.20,0.0,0.0,0.11,0.23,7.45,64.0,10,5.6,332314,0,0.0001,199989.1,3535359,3535359,656,656
1785446330,1073754696,1707200512,1073741824,330581,0,68987,79907,3600040,360349,360349,453201,3,2,31,6.8,6.6,70.4,45.3,115.7,62.0,79.5,20.5,1.59,66273,468,310.45,52.20,0.0,0.0,0.11,0.23,7.29,63.0,21,5.6,332314,0,0.0000,199994.6,3600042,3600042,656,1312
1785446331,1073746672,1730539520,1073741824,389134,0,69207,79952,3664717,425021,425021,533152,3,2,41,7.3,5.5,71.4,44.2,115.6,63.0,79.7,20.3,1.61,66389,459,310.88,51.20,0.0,0.0,0.11,0.23,7.35,51.0,0,5.5,332314,0,0.0000,199993.6,3664719,3664719,656,1312
1785446333,1073746584,1750016000,1073741824,446827,0,68399,78863,3728559,488874,488874,612014,3,0,18,6.9,6.1,66.8,48.7,115.5,30.5,79.9,20.1,1.63,32731,229,153.34,25.60,0.0,0.0,0.11,0.23,3.65,28.5,0,5.6,332314,0,0.0000,200000.0,3728559,3728559,656,0
1785446334,1073726064,1781297152,1073741824,504544,0,68192,78839,3792449,552747,552747,690852,3,0,9,7.1,5.7,70.3,45.2,115.5,64.0,80.0,20.0,1.66,65625,531,318.63,59.23,0.0,0.0,0.12,0.23,7.81,53.0,0,5.8,332314,0,0.0000,200000.0,3792449,3792449,656,0
1785446335,1073747464,1766883328,1073741824,564546,0,69944,82061,3858986,619301,619301,772912,4,1,19,6.1,6.5,60.7,54.7,115.4,65.0,80.1,19.9,1.65,68342,495,321.71,55.21,0.0,0.0,0.11,0.23,7.79,47.0,15,5.6,332314,0,0.0000,199997.2,3858987,3858987,656,656
1785446336,1073740432,1745719296,1073741824,625654,0,72284,83442,3926463,686771,686771,856353,4,0,18,7.2,6.6,71.2,44.1,115.3,65.0,80.2,19.8,1.63,69269,486,324.75,54.21,0.0,0.0,0.11,0.23,7.70,67.0,0,5.6,332314,0,0.0000,200000.0,3926463,3926463,656,0
1785446337,1073751752,1688875008,1073741824,687172,0,71957,83956,3994272,754593,754593,940308,5,1,10,8.2,4.9,83.2,33.0,116.2,66.0,80.2,19.8,1.57,69512,477,326.64,53.21,0.0,0.0,0.11,0.23,7.74,76.0,12,5.6,332314,0,0.0000,199993.5,3994273,3994273,656,656
1785446338,1073738072,1628717056,1073741824,748279,0,72090,83499,4062017,822312,822312,1023806,5,0,42,8.0,5.9,70.3,45.2,115.5,67.0,80.3,19.7,1.52,69531,486,327.29,54.21,0.0,0.0,0.11,0.23,7.84,73.0,10,5.6,332314,0,0.0000,200000.0,4062017,4062017,656,0
1785446340,1073741800,1560604672,1073741824,809436,0,72178,83559,4129869,890180,890180,1107364,5,0,18,7.7,5.9,72.4,43.2,115.6,32.5,80.4,19.6,1.45,34786,243,163.76,27.11,0.0,0.0,0.11,0.23,3.78,34.0,9,5.6,332314,0,0.0000,200000.0,4129869,4129869,656,0
1785446341,1073736392,1510682624,1073741824,870765,0,72339,83678,4197761,958056,958056,1191041,5,0,33,6.6,6.6,69.3,46.2,115.5,68.0,80.4,19.6,1.41,69713,477,327.95,53.21,0.0,0.0,0.11,0.23,7.67,61.0,12,5.6,332314,0,0.0000,200000.0,4197761,4197761,656,0
1785446342,1073757776,1478717440,1073741824,931784,0,72141,83265,4265246,1025579,1025579,1274305,6,1,11,6.6,6.8,64.2,51.1,115.3,65.0,80.5,19.5,1.38,69418,579,340.73,64.25,0.0,0.0,0.12,0.23,8.12,50.0,10,5.9,332314,0,0.0001,199986.4,4265247,4265247,656,656
1785446343,1073733224,1460203520,1073741824,992942,0,71976,83523,4332784,1093079,1093079,1357827,8,0,22,6.4,7.1,59.9,55.9,115.8,66.0,80.5,19.5,1.36,69297,477,326.50,53.21,1.0,0.0,0.11,0.23,7.67,55.0,10,5.6,332314,0,0.0000,200000.0,4332784,4332784,656,0
1785446344,1073750712,1459351552,1073741824,1054148,0,72079,83652,4400404,1160723,1160723,1441478,9,4,16,5.2,7.3,44.7,70.8,115.5,65.0,80.5,19.5,1.36,69404,477,326.87,53.21,0.0,0.0,0.11,0.23,7.70,37.0,11,5.6,332314,0,0.0000,199997.2,4400408,4400408,656,2624
1785446345,1073756000,1463349248,1073741824,1116261,0,73029,84971,4469106,1229419,1229419,1526448,9,0,33,6.9,6.1,64.2,51.2,115.4,66.0,80.5,19.5,1.36,70352,486,331.61,54.21,0.0,0.0,0.11,0.23,7.92,52.0,9,5.6,332314,0,0.0000,199998.0,4469106,4469106,656,0
1785446347,1073746992,1468039168,1073741824,1178274,0,73471,84875,4537755,1298073,1298073,1611322,9,1,13,7.4,5.8,70.3,45.2,115.5,32.5,80.6,19.4,1.37,70525,486,333.05,54.21,0.0,0.0,0.11,0.23,7.92,62.0,6,5.6,332314,0,0.0000,199999.3,4537756,4537756,656,656
1785446348,1073753192,1470947328,1073741824,1240391,0,73393,84966,4606619,1366941,1366941,1696287,10,2,14,7.3,6.2,73.3,42.2,115.5,66.0,80.6,19.4,1.37,35356,243,166.59,27.11,0.0,0.0,0.11,0.23,4.04,34.5,9,5.6,332314,0,0.0000,199996.1,4606621,4606621,656,1312
1785446349,1073751768,1468538880,1073741824,1302473,0,73430,84711,4675007,1435327,1435327,1780997,10,1,12,6.7,6.7,57.2,58.2,115.4,67.0,80.6,19.4,1.37,70274,576,346.31,64.25,0.0,0.0,0.12,0.23,8.45,50.0,15,5.9,332314,0,0.0000,199991.9,4675008,4675008,656,656
1785446350,1073751576,1463468032,1073741824,1364816,0,73628,85340,4744118,1504444,1504444,1866336,10,1,12,6.6,6.4,64.3,51.2,115.5,66.0,80.6,19.4,1.36,70915,486,336.10,54.21,0.0,0.0,0.11,0.23,7.96,58.0,14,5.6,332314,0,0.0000,199995.5,4744119,4744119,656,656
1785446351,1073752584,1448009728,1073741824,1427130,0,73608,85237,4813309,1573625,1573625,1951572,11,1,16,7.5,5.9,74.2,41.1,115.3,65.0,80.6,19.4,1.35,70947,486,336.11,54.21,0.0,0.0,0.11,0.23,8.07,66.0,15,5.6,332314,0,0.0000,199994.5,4813310,4813310,656,656
1785446352,1073738432,1434238976,1073741824,1491800,0,75480,88447,4884805,1645112,1645112,2040018,11,0,28,7.2,5.7,70.7,44.7,115.4,69.0,80.6,19.4,1.34,73420,495,347.64,55.21,0.0,0.0,0.11,0.23,8.30,65.0,0,5.6,332314,0,0.0000,200000.0,4884805,4884805,656,0
1785446353,1073744608,1416388608,1073741824,1557526,0,77638,89935,4957680,1717990,1717990,2129952,11,0,24,6.9,6.4,68.2,47.2,115.4,68.0,80.7,19.3,1.32,74729,513,353.99,57.22,0.0,0.0,0.11,0.23,8.51,62.0,10,5.6,332314,0,0.0000,200000.0,4957680,4957680,656,0
1785446355,1073758736,1399099392,1073741824,1622797,0,77618,89457,5030136,1790460,1790460,2219408,11,1,19,7.0,6.2,70.7,44.6,115.3,34.5,80.7,19.3,1.30,37192,256,176.31,28.61,0.0,0.0,0.11,0.23,4.26,30.0,0,5.6,332314,0,0.0000,199999.3,5030137,5030137,656,656
1785446356,1073722536,1385631744,1073741824,1688132,0,77746,89543,5102393,1862691,1862691,2308950,12,0,7,6.8,6.8,58.3,56.4,114.7,70.0,80.7,19.3,1.29,74299,558,368.99,62.24,0.0,0.0,0.12,0.23,8.97,58.0,0,5.9,332314,0,0.0000,200000.0,5102393,5102393,656,0
1785446357,1073746232,1375633408,1073741824,1753742,0,77578,89781,5175118,1935428,1935428,2398730,12,0,27,7.1,7.2,67.1,48.0,115.1,69.0,80.7,19.3,1.28,74559,540,353.46,60.23,0.0,0.0,0.12,0.23,8.75,57.0,23,5.6,332314,0,0.0000,199998.4,5175118,5175118,656,0
1785446358,1073752496,1368264704,1073741824,1819239,0,77486,89607,5247842,2008172,2008172,2488336,12,1,8,6.6,6.9,61.1,54.1,115.2,67.0,80.7,19.3,1.27,74668,504,354.47,56.22,0.0,0.0,0.11,0.23,8.60,58.0,0,5.6,332314,0,0.0000,199996.0,5247843,5247843,656,656
1785446359,1073745000,1361977344,1073741824,1884777,0,77477,89798,5320548,2080852,2080852,2578133,12,0,41,6.5,6.7,62.5,52.6,115.1,68.0,80.7,19.3,1.27,74676,504,353.83,56.22,0.0,0.0,0.11,0.23,8.55,60.0,0,5.6,332314,0,0.0000,200000.0,5320548,5320548,656,0
1785446360,1073723392,1360592896,1073741824,1950359,0,77608,89919,5393283,2153566,2153566,2668051,12,0,22,7.1,6.7,65.6,49.7,115.3,68.0,80.7,19.3,1.27,74488,504,353.74,56.22,0.0,0.0,0.11,0.23,8.52,59.0,0,5.6,332314,0,0.0000,200000.0,5393283,5393283,656,0
1785446362,1073748800,1360953344,1073741824,2015696,0,77650,89588,5466046,2226368,2226368,2757638,12,1,11,7.4,5.9,64.0,51.0,115.0,34.5,80.7,19.3,1.27,37356,252,177.81,28.11,0.0,0.0,0.11,0.23,4.34,30.5,11,5.6,332314,0,0.0000,199996.9,5466047,5466047,656,656
1785446363,1073742360,1358594048,1073741824,2081242,0,77776,89742,5538511,2298811,2298811,2847379,13,0,36,6.6,6.9,66.5,48.6,115.1,69.0,80.7,19.3,1.27,74425,495,353.77,55.21,0.0,0.0,0.11,0.23,8.50,60.0,0,5.6,332314,0,0.0000,200000.0,5538511,5538511,656,0
1785446364,1073732880,1362178048,1073741824,2146166,0,77382,88860,5610737,2371038,2371038,2936238,13,0,13,7.3,6.6,70.3,44.4,114.7,70.0,80.8,19.2,1.27,74254,585,372.30,65.25,0.0,0.0,0.12,0.23,9.28,60.0,6,6.0,332314,0,0.0000,200000.0,5610737,5610737,656,0
1785446365,1073755056,1359597568,1073741824,2210981,0,76744,88750,5682622,2442934,2442934,3024987,13,1,29,7.0,6.8,60.5,54.5,115.0,67.0,80.8,19.2,1.27,73782,495,351.04,55.21,0.0,0.0,0.11,0.23,8.50,61.0,0,5.6,332314,0,0.0000,200000.0,5682623,5682623,656,656
1785446366,1073752488,1362792448,1073741824,2276295,0,76707,89375,5754894,2515221,2515221,3114361,14,1,16,6.6,6.4,64.0,51.0,115.0,69.0,80.8,19.2,1.27,74218,495,353.21,55.21,0.0,0.0,0.11,0.23,8.47,62.0,0,5.6,332314,0,0.0000,200000.0,5754895,5754895,656,656
1785446367,1073750120,1360048128,1073741824,2341721,0,77429,89567,5827494,2587810,2587810,3203927,14,1,22,7.5,6.0,63.9,50.9,114.8,68.0,80.8,19.2,1.27,74543,495,355.77,55.21,0.0,0.0,0.11,0.23,8.67,61.0,0,5.6,332314,0,0.0000,200000.0,5827495,5827495,656,656
1785446369,1073754712,1357991936,1073741824,2406631,0,77295,88742,5899323,2659622,2659622,3292668,15,2,53,7.0,6.5,65.4,49.4,114.8,68.0,80.8,19.2,1.26,73800,495,352.03,55.21,0.0,0.0,0.12,0.23,8.73,59.0,0,5.6,332314,0,0.0000,199999.3,5899325,5899325,656,1312
1785446370,1073751072,1360568320,1073741824,2472567,0,77908,90301,5972448,2732764,2732764,3382968,15,1,18,7.1,6.1,65.1,50.0,115.1,34.5,80.8,19.2,1.27,37488,247,178.59,27.61,0.0,0.0,0.11,0.23,4.30,31.5,0,5.6,332314,0,0.0000,199995.8,5972449,5972449,656,656
1785446371,1073733928,1379086336,1073741824,2539070,0,78794,91077,6045979,2806277,2806277,3474044,16,0,21,7.1,7.1,61.3,53.4,114.7,70.0,80.8,19.2,1.28,75604,576,381.38,64.25,0.0,0.0,0.12,0.23,9.49,65.0,0,6.0,332314,0,0.0000,200000.0,6045979,6045979,656,0
1785446372,1073750672,1360302080,1073741824,2605589,0,79159,91133,6119757,2880078,2880078,3565176,17,1,8,7.0,6.6,59.7,54.8,114.5,68.0,80.8,19.2,1.27,75778,506,362.27,56.22,0.0,0.0,0.11,0.23,8.78,62.0,0,5.6,332314,0,0.0000,199997.1,6119758,6119758,656,656
1785446373,1073754208,1357389824,1073741824,2671992,0,78866,90885,6193310,2953631,2953631,3656060,17,1,12,7.2,5.8,65.4,49.4,114.8,69.0,80.8,19.2,1.26,75549,504,361.15,56.22,0.0,0.0,0.11,0.23,8.74,66.0,36,5.6,332314,0,0.0000,199993.9,6193311,6193311,656,656
1785446374,1073752400,1353674752,1073741824,2738452,0,78721,90974,6266741,3027058,3027058,3747033,17,1,20,7.1,7.2,58.8,55.9,114.7,67.0,80.8,19.2,1.26,75455,495,360.38,55.21,0.0,0.0,0.12,0.24,8.88,66.0,0,5.6,332314,0,0.0000,200000.0,6266742,6266742,656,656
1785446375,1073748864,1355575296,1073741824,2804632,0,78471,90640,6340305,3100616,3100616,3837672,17,2,32,6.9,6.4,60.9,53.9,114.8,69.0,80.8,19.2,1.26,75531,495,361.44,55.21,0.0,0.0,0.11,0.23,8.78,56.0,0,5.6,332314,0,0.0000,200000.0,6340307,6340307,656,1312
1785446377,1073756720,1350582272,1073741824,2870965,0,78812,90819,6413924,3174246,3174246,3928490,17,1,16,7.2,6.8,63.8,50.8,114.6,33.5,80.8,19.2,1.26,37751,247,180.45,27.61,0.0,0.0,0.11,0.23,4.37,28.0,13,5.6,332314,0,0.0000,199990.4,6413925,6413925,656,656
1785446378,1073745760,1348321280,1073741824,2937635,0,79324,91460,6487980,3248284,3248284,4019949,17,0,38,6.7,6.7,60.4,54.5,114.9,70.0,80.8,19.2,1.26,76010,495,364.26,55.21,0.0,0.0,0.11,0.23,8.73,65.0,18,5.6,332314,0,0.0000,200000.0,6487980,6487980,656,0
1785446379,1073752560,1345384448,1073741824,3005074,0,80390,92350,6562618,3322935,3322935,4112298,17,0,15,6.7,7.9,60.0,54.0,114.0,69.0,80.8,19.2,1.25,76754,576,388.21,64.25,0.0,0.0,0.12,0.23,9.66,60.0,0,6.0,332314,0,0.0000,199998.4,6562618,6562618,656,0
1785446380,1073758408,1341644800,1073741824,3072641,0,80471,92645,6637632,3397964,3397964,4204942,17,1,14,7.2,6.4,66.7,47.7,114.4,69.0,80.8,19.2,1.25,76995,504,369.02,56.22,0.0,0.0,0.11,0.23,8.93,58.0,10,5.6,332314,0,0.0001,199989.0,6637633,6637633,656,656
1785446381,1073721616,1338400768,1073741824,3140457,0,80507,92923,6712740,3473019,3473019,4297864,17,0,25,7.2,6.1,65.3,49.2,114.5,68.0,80.8,19.2,1.25,77047,504,369.32,56.22,0.0,0.0,0.12,0.23,8.98,58.0,0,5.6,332314,0,0.0000,200000.0,6712740,6712740,656,0
1785446382,1073751792,1328865280,1073741824,3207736,0,80207,92144,6787308,3547622,3547622,4390007,18,1,26,6.9,7.2,60.7,53.7,114.4,67.0,80.8,19.2,1.24,76599,495,367.68,55.21,0.0,0.0,0.12,0.23,9.00,63.0,0,5.6,332314,0,0.0000,200000.0,6787309,6787309,656,656
1785446383,1073747672,1324965888,1073741824,3274131,0,79558,90980,6861131,3621445,3621445,4480986,18,1,18,7.8,6.3,66.8,47.8,114.6,69.0,80.8,19.2,1.23,75728,486,363.49,54.21,0.0,0.0,0.12,0.23,8.89,64.0,17,5.6,332314,0,0.0000,199996.3,6861132,6861132,656,656
1785446385,1073720552,1320210432,1073741824,3341243,0,79857,91956,6935702,3695989,3695989,4572941,18,0,14,6.7,6.7,55.3,59.2,114.5,34.0,80.8,19.2,1.23,38278,252,183.42,28.11,0.0,0.0,0.11,0.23,4.45,30.5,0,5.6,332314,0,0.0000,200000.0,6935702,6935702,656,0
1785446386,1073733264,1316163584,1073741824,3408462,0,80504,92103,7010387,3770684,3770684,4665043,19,0,26,7.3,7.1,62.4,51.5,113.9,71.0,80.8,19.2,1.23,76909,531,391.59,59.23,0.0,0.0,0.13,0.23,9.93,61.0,9,6.0,332314,0,0.0000,200000.0,7010387,7010387,656,0
1785446387,1073754264,1311780864,1073741824,3475774,0,80277,92216,7085211,3845536,3845536,4757258,19,1,12,7.6,5.8,66.6,47.6,114.2,69.0,80.8,19.2,1.22,76814,522,368.98,58.23,0.0,0.0,0.12,0.23,8.98,63.0,40,5.7,332314,0,0.0000,199995.5,7085212,7085212,656,656
1785446388,1073753880,1306386432,1073741824,3542965,0,80024,92106,7159860,3920180,3920180,4849363,20,1,21,7.4,7.3,56.7,57.8,114.5,68.0,80.8,19.2,1.22,76546,486,368.27,54.21,0.0,0.0,0.12,0.23,9.14,63.0,0,5.6,332314,0,0.0000,199998.2,7159861,7159861,656,656
1785446389,1073748048,1297018880,1073741824,3610249,0,80005,92181,7234633,3994950,3994950,4941543,20,1,20,7.3,7.0,65.5,48.6,114.1,68.0,80.8,19.2,1.21,76855,495,369.55,55.21,0.0,0.0,0.12,0.23,9.11,65.0,0,5.6,332314,0,0.0000,199996.6,7234634,7234634,656,656
1785446390,1073752288,1292066816,1073741824,3677596,0,80048,92302,7309213,4069530,4069530,5033844,20,1,21,6.4,7.1,50.6,63.7,114.3,68.0,80.8,19.2,1.20,76638,495,368.99,55.21,0.0,0.0,0.12,0.23,9.06,60.0,0,5.6,332314,0,0.0000,199996.5,7309214,7309214,656,656
1785446392,1073730992,1287446528,1073741824,3744994,0,80111,92286,7383892,4144183,4144183,5126129,20,0,31,7.5,5.5,69.4,45.5,114.9,34.0,80.8,19.2,1.20,76584,486,367.47,54.21,0.0,0.0,0.12,0.23,9.03,60.0,0,5.6,332314,0,0.0000,200000.0,7383892,7383892,656,0
1785446393,1073758944,1282928640,1073741824,3812335,0,80535,92355,7458730,4219051,4219051,5218483,20,2,20,7.2,6.6,61.7,52.8,114.5,68.0,80.8,19.2,1.19,38414,247,185.28,27.61,0.0,0.0,0.12,0.23,4.52,33.5,16,5.6,332314,0,0.0000,199996.0,7458732,7458732,656,1312
1785446394,1073744568,1303654400,1073741824,3879219,0,79934,91554,7532953,4293270,4293270,5310036,21,0,18,7.9,6.5,70.5,43.5,114.0,70.0,80.9,19.1,1.21,76345,540,391.32,60.23,0.0,0.0,0.13,0.24,9.95,63.0,6,6.0,332314,0,0.0000,200000.0,7532953,7532953,656,0
1785446395,1073751360,1274499072,1073741824,3946839,0,80260,92519,7607647,4367970,4367970,5402554,22,1,10,5.9,7.7,53.6,60.7,114.3,70.0,80.9,19.1,1.19,76646,486,370.08,54.21,0.0,0.0,0.12,0.23,9.15,59.0,0,5.6,332314,0,0.0000,199995.4,7607648,7607648,656,656
1785446396,1073756552,1270599680,1073741824,4014110,0,80226,92149,7682301,4442607,4442607,5494702,22,1,33,8.1,5.2,66.6,47.6,114.2,68.0,80.9,19.1,1.18,76626,486,369.11,54.21,0.0,0.0,0.12,0.24,8.94,66.0,1,5.6,332314,0,0.0000,199993.6,7682302,7682302,656,656
1785446397,1073753416,1261993984,1073741824,4081139,0,79807,91786,7756679,4517003,4517003,5586487,22,2,20,7.1,6.8,63.5,50.6,114.1,67.0,80.9,19.1,1.18,76370,486,368.30,54.21,0.0,0.0,0.12,0.23,9.17,56.0,0,5.6,332314,0,0.0000,199994.4,7756681,7756681,656,1312
1785446398,1073760888,1258164224,1073741824,4148266,0,79579,91881,7831173,4591501,4591501,5678367,22,1,20,6.5,6.9,59.8,54.9,114.7,69.0,80.9,19.1,1.17,76576,486,370.04,54.21,0.0,0.0,0.12,0.23,9.03,53.0,0,5.6,332314,0,0.0000,199991.3,7831174,7831174,656,656
1785446400,1073755832,1254576128,1073741824,4213113,0,77426,88637,7903118,4663445,4663445,5767003,23,1,10,6.2,7.3,60.7,54.7,115.4,35.0,80.9,19.1,1.17,36911,234,178.46,26.10,0.0,0.0,0.12,0.23,4.38,30.5,13,5.6,332314,0,0.0000,199992.2,7903119,7903119,656,656
1785446401,1073745992,1251037184,1073741824,4279500,0,77961,90634,7976722,4737033,4737033,5857636,23,0,21,7.4,6.1,65.5,49.5,115.0,72.0,80.9,19.1,1.17,75531,477,388.19,53.21,0.0,0.0,0.13,0.23,9.74,60.0,1,5.9,332314,0,0.0000,199999.0,7976722,7976722,656,0
1785446402,1073749888,1244950528,1073741824,4345908,0,78220,90681,8049849,4810166,4810166,5948316,24,0,16,6.8,6.9,54.8,59.9,114.7,70.0,80.9,19.1,1.16,75379,515,364.43,57.22,0.0,0.0,0.11,0.23,8.77,62.0,1,5.7,332314,0,0.0000,200000.0,8049849,8049849,656,0
1785446403,1073746408,1245331456,1073741824,4412842,0,78851,91544,8123755,4884063,4884063,6039859,25,0,33,6.9,7.1,62.4,52.5,114.9,72.0,80.9,19.1,1.16,75912,477,367.61,53.21,0.0,0.0,0.12,0.23,8.90,63.0,39,5.6,332314,0,0.0000,200000.0,8123755,8123755,656,0
1785446404,1073748608,1239846912,1073741824,4479689,0,78866,91438,8197811,4958118,4958118,6131296,25,1,35,6.6,7.2,57.4,57.5,114.9,69.0,80.9,19.1,1.15,75984,477,367.34,53.21,0.0,0.0,0.12,0.23,8.92,57.0,9,5.6,332314,0,0.0000,200000.0,8197812,8197812,656,656
1785446405,1073754400,1239900160,1073741824,4546441,0,78835,91333,8271744,5032068,5032068,6222628,26,1,17,6.8,7.1,60.0,55.0,115.0,69.0,80.9,19.1,1.15,75898,477,367.25,53.21,0.0,0.0,0.12,0.23,8.92,59.0,29,5.6,332314,0,0.0000,200000.0,8271745,8271745,656,656
1785446407,1073727312,1235824640,1073741824,4613650,0,79480,91948,8346376,5106669,5106669,6314575,28,0,22,7.3,6.3,63.4,51.5,114.9,35.5,80.9,19.1,1.15,76555,477,369.38,53.21,0.0,0.0,0.12,0.23,9.14,58.0,27,5.6,332314,0,0.0000,200000.0,8346376,8346376,656,0
1785446408,1073753256,1233637376,1073741824,4680647,0,79539,91632,8420485,5180793,5180793,6406206,28,1,41,7.1,6.2,59.9,54.9,114.8,71.0,80.9,19.1,1.15,38073,238,184.33,26.60,0.0,0.0,0.12,0.23,4.53,30.0,14,5.6,332314,0,0.0000,199998.8,8420486,8420486,656,656
1785446409,1073749352,1260740608,1073741824,4747128,0,79153,91025,8494273,5254592,5254592,6497230,28,1,13,7.0,6.8,62.6,51.7,114.3,72.0,80.9,19.1,1.17,75938,513,393.14,57.22,0.0,0.0,0.13,0.23,10.12,63.0,9,6.0,332314,0,0.0000,200000.0,8494274,8494274,656,656
1785446410,1073747304,1234194432,1073741824,4814471,0,79338,92130,8568875,5329183,5329183,6589359,28,0,23,7.5,6.7,62.5,52.6,115.1,70.0,80.9,19.1,1.15,76677,477,370.62,53.21,0.0,0.0,0.12,0.23,9.08,62.0,18,5.6,332314,0,0.0000,200000.0,8568875,8568875,656,0
1785446411,1073751224,1227689984,1073741824,4881918,0,79544,92223,8643546,5403869,5403869,6681581,30,1,13,7.1,7.2,63.4,51.5,114.9,70.0,80.9,19.1,1.14,76619,477,371.02,53.21,0.0,0.0,0.12,0.23,9.08,62.0,18,5.6,332314,0,0.0000,199993.9,8643547,8643547,656,656
1785446412,1073752352,1227747328,1073741824,4948944,0,79347,91793,8717718,5478034,5478034,6773373,30,1,14,7.3,6.0,66.9,47.9,114.8,70.0,80.9,19.1,1.14,76200,468,369.05,52.20,0.0,0.0,0.11,0.23,8.87,61.0,11,5.6,332314,0,0.0000,199993.9,8717719,8717719,656,656
1785446413,1073722928,1227927552,1073741824,5015812,0,79560,91688,8792010,5552296,5552296,6865060,30,0,19,7.3,6.9,65.4,49.5,114.9,70.0,80.9,19.1,1.14,76302,468,369.07,52.20,0.0,0.0,0.12,0.23,9.10,61.0,16,5.6,332314,0,0.0000,200000.0,8792010,8792010,656,0
1785446415,1073744936,1222152192,1073741824,5082855,0,79812,91807,8866355,5626649,5626649,6956866,32,0,47,7.0,6.8,62.8,51.9,114.7,35.0,80.9,19.1,1.14,38190,238,185.54,26.60,0.0,0.0,0.12,0.23,4.51,30.0,20,5.7,332314,0,0.0000,200000.0,8866355,8866355,656,0
1785446416,1073764600,1222316032,1073741824,5151440,0,81417,93925,8942188,5702461,5702461,7050790,32,3,51,6.7,7.0,56.9,57.1,114.0,73.0,80.9,19.1,1.14,78152,504,405.34,56.22,0.0,0.0,0.13,0.23,10.59,62.0,0,6.0,332314,0,0.0001,199978.5,8942191,8942191,656,1968
1785446417,1073721016,1222119424,1073741824,5220668,0,82245,94932,9019231,5779515,5779515,7145721,32,0,22,7.9,6.1,66.6,47.7,114.3,71.0,80.9,19.1,1.14,79153,504,384.53,56.22,0.0,0.0,0.12,0.23,9.56,66.0,11,5.7,332314,0,0.0000,200000.0,9019231,9019231,656,0
1785446418,1073724280,1222246400,1073741824,5290298,0,82605,95362,9096336,5856621,5856621,7241082,34,0,19,7.2,6.7,61.5,52.6,114.1,69.0,80.9,19.1,1.14,79125,477,383.91,53.21,0.0,0.0,0.12,0.23,9.60,63.0,36,5.6,332314,0,0.0000,200000.0,9096336,9096336,656,0
1785446419,1073749680,1217478656,1073741824,5359743,0,82509,95103,9173501,5933815,5933815,7336184,35,2,23,7.1,7.0,61.1,53.1,114.2,71.0,80.9,19.1,1.13,79307,486,384.89,54.21,0.0,0.0,0.12,0.23,9.65,58.0,9,5.6,332314,0,0.0000,199997.5,9173503,9173503,656,1312
1785446420,1073751952,1216937984,1073741824,5428700,0,82633,94321,9249826,6010149,6010149,7430504,35,1,7,7.1,6.9,58.7,55.7,114.4,71.0,80.9,19.1,1.13,78285,486,380.82,54.21,0.0,0.0,0.12,0.23,9.44,58.0,1,5.7,332314,0,0.0000,199994.2,9249827,9249827,656,656
1785446422,1073750600,1217040384,1073741824,5491210,0,75290,85125,9318706,6079028,6079028,7515628,36,1,11,7.7,6.5,65.8,50.8,116.6,36.0,80.9,19.1,1.13,35343,216,172.34,24.09,0.0,0.0,0.12,0.23,4.14,36.0,17,5.7,332314,0,0.0000,199997.9,9318707,9318707,656,656
1785446423,1073749664,1212526592,1073741824,5557130,0,76137,90186,9391704,6152019,6152019,7605813,37,2,19,6.9,6.9,55.5,60.6,116.1,74.0,80.9,19.1,1.13,74991,450,364.16,50.20,0.0,0.0,0.12,0.23,8.76,57.0,0,5.6,332314,0,0.0000,199996.9,9391706,9391706,656,1312
1785446424,1073748880,1240535040,1073741824,5622050,0,76529,88738,9463661,6223983,6223983,7694550,38,1,10,7.4,6.2,66.4,47.5,113.9,70.0,80.9,19.1,1.16,73965,495,385.12,55.21,0.0,0.0,0.13,0.23,9.72,65.0,20,6.1,332314,0,0.0000,199997.1,9463662,9463662,656,656
1785446425,1073749808,1212203008,1073741824,5689035,0,78923,91674,9537774,6298073,6298073,7786223,39,1,46,6.6,6.9,57.5,57.4,114.9,71.0,80.9,19.1,1.13,76097,459,370.08,51.20,0.0,0.0,0.12,0.23,9.02,62.0,18,5.6,332314,0,0.0000,199997.9,9537775,9537775,656,656
1785446426,1073744832,1207705600,1073741824,5756468,0,79139,92333,9612483,6372788,6372788,7878555,40,0,33,7.7,6.3,66.0,49.1,115.1,70.0,80.9,19.1,1.12,76745,468,373.31,52.20,0.0,0.0,0.12,0.23,9.13,61.0,0,5.6,332314,0,0.0000,200000.0,9612483,9612483,656,0
1785446427,1073749672,1207746560,1073741824,5823580,0,79271,91735,9686814,6447132,6447132,7970289,40,1,17,6.9,7.4,55.0,60.0,115.0,70.0,80.9,19.1,1.12,76262,468,370.93,52.20,0.0,0.0,0.12,0.23,9.09,63.0,14,5.6,332314,0,0.0000,199998.1,9686815,9686815,656,656
1785446429,1073748648,1207812096,1073741824,5890421,0,78861,91416,9760834,6521151,6521151,8061704,41,0,14,6.7,6.7,62.7,52.7,115.4,35.0,80.9,19.1,1.12,76120,459,369.77,51.20,0.0,0.0,0.12,0.23,9.02,61.0,11,5.6,332314,0,0.0000,199997.2,9760834,9760834,656,0
1785446430,1073751584,1207877632,1073741824,5957298,0,79111,91445,9835091,6595406,6595406,8153148,41,3,25,7.0,6.3,65.9,48.9,114.8,70.0,80.9,19.1,1.12,38116,229,185.72,25.60,0.0,0.0,0.12,0.23,4.64,29.0,29,5.6,332314,0,0.0000,199997.2,9835094,9835094,656,1968
1785446431,1073704648,1237417984,1073741824,6024383,0,79474,91652,9909346,6669623,6669623,8244799,42,0,0,7.4,6.4,67.1,47.1,114.2,74.0,80.9,19.1,1.15,76462,495,399.46,55.21,0.0,0.0,0.13,0.23,10.28,65.0,10,6.0,332314,0,0.0006,199881.4,9909346,9909346,656,0
1785446432,1073745888,1203904512,1073741824,6091896,0,79699,92424,9984212,6744517,6744517,8337222,44,2,37,8.0,5.5,68.0,47.0,115.0,71.0,80.9,19.1,1.12,76839,470,374.71,52.21,0.0,0.0,0.12,0.23,9.10,53.0,0,5.7,332314,0,0.0000,199996.9,9984214,9984214,656,1312
1785446433,1073725648,1203961856,1073741824,6159430,0,79603,92358,10058798,6819086,6819086,8429579,44,0,22,6.7,7.1,57.8,56.8,114.6,71.0,80.9,19.1,1.12,76554,468,372.87,52.20,0.0,0.0,0.12,0.23,9.15,62.0,12,5.7,332314,0,0.0000,200000.0,10058798,10058798,656,0
1785446434,1073739856,1203978240,1073741824,6227052,0,79597,92570,10133672,6893979,6893979,8522148,44,0,24,7.4,5.8,70.0,45.0,115.0,71.0,80.9,19.1,1.12,76863,459,374.16,51.20,0.0,0.0,0.12,0.23,9.16,58.0,14,5.6,332314,0,0.0000,200000.0,10133672,10133672,656,0
1785446435,1073755112,1204023296,1073741824,6293899,0,79488,91482,10207750,6968077,6968077,8613629,44,0,19,7.3,6.8,66.9,48.0,114.9,70.0,80.9,19.1,1.12,76051,459,370.75,51.20,0.0,0.0,0.12,0.23,9.49,66.0,8,5.6,332314,0,0.0000,200000.0,10207750,10207750,656,0
1785446437,1073753760,1204056064,1073741824,6360444,0,78719,90948,10281574,7041901,7041901,8704576,46,1,14,6.8,7.5,60.1,55.1,115.2,35.5,80.9,19.1,1.12,37960,229,185.08,25.60,0.0,0.0,0.12,0.23,4.51,30.0,10,5.6,332314,0,0.0000,199996.3,10281575,10281575,656,656
1785446438,1073729128,1233842176,1073741824,6426850,0,78442,90822,10355268,7115562,7115562,8795397,47,0,20,7.9,6.2,71.3,43.3,114.6,74.0,80.9,19.1,1.15,75988,477,398.50,53.21,0.0,0.0,0.14,0.23,10.47,65.0,0,6.0,332314,0,0.0000,200000.0,10355268,10355268,656,0
1785446439,1073761440,1204133888,1073741824,6494747,0,79425,92750,10430158,7190489,7190489,8888146,47,1,17,7.3,7.3,59.4,55.5,114.9,71.0,80.9,19.1,1.12,76918,477,375.64,53.21,0.0,0.0,0.12,0.23,9.50,60.0,12,5.7,332314,0,0.0000,199995.5,10430159,10430159,656,656
1785446440,1073751160,1204228096,1073741824,6562337,0,79838,92443,10505216,7265528,7265528,8980588,47,2,33,6.4,7.8,56.9,57.9,114.8,70.0,80.9,19.1,1.12,77076,459,375.89,51.20,0.0,0.0,0.12,0.23,9.30,63.0,18,5.6,332314,0,0.0000,199996.3,10505218,10505218,656,1312
1785446441,1073748536,1198288896,1073741824,6629954,0,79772,92473,10580015,7340317,7340317,9073060,47,0,39,7.4,6.6,69.9,45.0,114.9,71.0,80.9,19.1,1.12,76810,468,375.55,52.20,0.0,0.0,0.12,0.23,9.21,64.0,14,5.7,332314,0,0.0000,200000.0,10580015,10580015,656,0
1785446442,1073754936,1197486080,1073741824,6697102,0,79281,91967,10654580,7414906,7414906,9165026,49,0,19,7.2,6.7,66.5,48.4,114.9,71.0,80.9,19.1,1.12,76493,459,373.79,51.20,0.0,0.0,0.12,0.23,9.20,58.0,7,5.7,332314,0,0.0000,199993.4,10654580,10654580,656,0
1785446444,1073722704,1197498368,1073741824,6764424,0,79751,92219,10729234,7489522,7489522,9257244,50,0,17,7.0,6.7,56.1,59.1,115.2,35.5,80.9,19.1,1.12,38302,229,187.01,25.60,0.0,0.0,0.12,0.23,4.63,31.0,9,5.7,332314,0,0.0000,200000.0,10729234,10729234,656,0
1785446445,1073720056,1197547520,1073741824,6831940,0,79902,92323,10803981,7564262,7564262,9349566,51,0,23,7.2,7.0,55.0,60.0,115.0,73.0,80.9,19.1,1.12,76579,468,386.12,52.20,0.0,0.0,0.12,0.23,9.52,61.0,41,5.8,332314,0,0.0000,200000.0,10803981,10803981,656,0
1785446446,1073760000,1197621248,1073741824,6898637,0,78965,91213,10877981,7638316,7638316,9440778,51,1,10,7.4,6.7,58.3,56.3,114.6,73.0,80.9,19.1,1.12,76469,486,390.62,54.21,0.0,0.0,0.13,0.23,10.31,64.0,15,5.9,332314,0,0.0000,199991.3,10877982,10877982,656,656
1785446447,1073750176,1197735936,1073741824,6965616,0,78753,91513,10952080,7712389,7712389,9532290,52,2,36,7.1,6.8,62.1,53.1,115.2,71.0,80.9,19.1,1.12,76062,460,371.50,51.32,0.0,1.0,0.12,0.23,9.32,62.0,14,5.7,332314,0,0.0000,200000.0,10952082,10952082,656,1312
1785446448,1073751952,1197846528,1073741824,7032296,0,78530,91271,11026053,7786375,7786375,9623560,53,1,17,7.1,6.3,64.1,51.1,115.2,70.0,80.9,19.1,1.12,75983,450,371.36,50.20,0.0,0.0,0.12,0.23,9.44,56.0,0,5.6,332314,0,0.0000,200000.0,11026054,11026054,656,656
1785446449,1073747952,1197797376,1073741824,7099856,0,78982,92421,11100853,7861161,7861161,9715980,55,0,37,7.1,6.8,64.1,51.1,115.2,71.0,80.9,19.1,1.12,76735,468,374.18,52.20,0.0,0.0,0.12,0.23,9.39,62.0,15,5.7,332314,0,0.0000,200000.0,11100853,11100853,656,0
1785446451,1073751344,1197916160,1073741824,7167888,0,80844,93188,11176209,7936528,7936528,9809167,56,4,25,6.8,6.4,65.8,48.9,114.7,35.5,80.9,19.1,1.12,77399,459,378.73,51.20,0.0,0.0,0.12,0.23,9.49,59.0,7,5.7,332314,0,0.0000,199997.0,11176213,11176213,656,2624
1785446452,1073735088,1193598976,1073741824,7235904,0,80890,93189,11251677,8011972,8011972,9902355,56,0,31,7.1,6.4,59.9,54.9,114.8,71.0,80.9,19.1,1.11,38762,234,190.16,26.10,0.5,0.0,0.12,0.23,4.73,31.0,11,5.7,332314,0,0.0000,200000.0,11251677,11251677,656,0
1785446453,1073737504,1225289728,1073741824,7303343,0,80298,92225,11326530,8086830,8086830,9994579,56,0,28,7.7,6.4,63.0,51.0,114.0,74.0,80.9,19.1,1.14,77154,486,407.34,54.21,0.0,0.0,0.14,0.23,10.75,67.0,11,6.1,332314,0,0.0000,200000.0,11326530,11326530,656,0
1785446454,1073754504,1193426944,1073741824,7371139,0,80032,92871,11401990,8162314,8162314,10087449,56,1,23,6.9,6.5,61.0,53.8,114.8,71.0,80.9,19.1,1.11,77395,468,378.46,52.20,0.0,0.0,0.12,0.23,9.42,59.0,34,5.7,332314,0,0.0000,199991.9,11401991,11401991,656,656
1785446455,1073720904,1193426944,1073741824,7439076,0,80182,93015,11477566,8237853,8237853,10180463,56,0,19,7.2,6.8,62.5,52.4,114.9,71.0,80.9,19.1,1.11,77716,468,380.71,52.20,0.0,0.0,0.12,0.23,9.58,67.0,14,5.7,332314,0,0.0000,200000.0,11477566,11477566,656,0
1785446456,1073744552,1193439232,1073741824,7506641,0,79954,92502,11552380,8312682,8312682,10272964,56,0,42,7.4,6.6,65.8,48.7,114.5,72.0,80.9,19.1,1.11,76870,459,376.05,51.20,0.0,0.0,0.12,0.23,9.28,59.0,8,5.7,332314,0,0.0000,200000.0,11552380,11552380,656,0
1785446457,1073757056,1193439232,1073741824,7574668,0,80923,93239,11627875,8388190,8388190,10366202,56,1,25,7.3,6.6,60.8,53.9,114.7,71.0,80.9,19.1,1.11,77548,468,379.14,52.20,0.0,0.0,0.12,0.23,9.47,63.0,21,5.7,332314,0,0.0000,200000.0,11627876,11627876,656,656
1785446459,1073750160,1193304064,1073741824,7643075,0,81105,93543,11703772,8464084,8464084,10459744,56,1,23,6.8,7.3,61.3,53.3,114.6,35.0,80.9,19.1,1.11,39021,229,191.07,25.60,0.0,0.0,0.12,0.23,4.80,31.5,11,5.7,332314,0,0.0000,199997.0,11703773,11703773,656,656
1785446460,1073751496,1193308160,1073741824,7711803,0,81944,93970,11779997,8540307,8540307,10553713,56,11,37,7.1,6.9,65.4,48.3,113.7,75.0,80.9,19.1,1.11,78450,486,414.71,54.21,0.0,0.0,0.14,0.23,11.09,63.0,14,6.1,332314,0,0.0000,199992.1,11780008,11780008,656,7216
1785446461,1073752248,1193349120,1073741824,7781795,0,82672,95668,11857427,8617744,8617744,10649380,56,1,21,7.1,6.8,55.6,58.5,114.1,72.0,80.9,19.1,1.11,79653,495,390.41,55.21,0.0,0.0,0.13,0.23,10.09,66.0,15,5.7,332314,0,0.0000,199996.7,11857428,11857428,656,656
1785446462,1073749856,1190096896,1073741824,7851508,0,82791,95517,11934813,8695125,8695125,10744896,57,1,18,7.8,6.0,65.6,48.5,114.1,70.0,80.9,19.1,1.11,79485,470,389.95,52.21,0.0,0.0,0.12,0.23,9.84,59.0,9,5.7,332314,0,0.0000,199996.4,11934814,11934814,656,656
1785446463,1073730992,1190170624,1073741824,7919833,0,80852,93593,12010528,8770826,8770826,10838488,58,0,20,6.6,6.8,60.6,54.5,115.1,71.0,80.9,19.1,1.11,77800,468,381.46,52.20,0.0,0.0,0.13,0.23,10.00,55.0,11,5.7,332314,0,0.0000,200000.0,12010528,12010528,656,0
1785446464,1073751544,1190170624,1073741824,7987643,0,80578,92569,12085571,8845893,8845893,10931056,58,1,18,7.4,6.4,64.1,50.1,114.2,71.0,80.9,19.1,1.11,77018,459,379.58,51.20,0.0,0.0,0.13,0.24,9.94,59.0,12,5.7,332314,0,0.0000,199998.0,12085572,12085572,656,656
1785446466,1073749896,1190084608,1073741824,8054506,0,78401,91084,12159330,8919646,8919646,11022139,58,0,33,6.9,7.0,55.7,59.8,115.5,35.5,80.9,19.1,1.11,37853,225,185.55,25.10,0.0,0.0,0.13,0.23,4.81,31.5,7,5.7,332314,0,0.0000,199999.1,12159330,12159330,656,0
1785446467,1073752160,1190084608,1073741824,8121046,0,78740,91056,12232885,8993200,8993200,11113194,58,1,24,7.1,6.7,56.0,59.0,115.0,73.0,80.9,19.1,1.11,75554,459,371.03,51.20,0.0,0.0,0.12,0.23,9.44,58.0,11,5.7,332314,0,0.0000,199999.3,12232886,12232886,656,656
1785446468,1073749784,1189986304,1073741824,8187575,0,78535,90917,12306644,9066955,9066955,11204110,58,0,28,7.1,6.1,57.4,57.3,114.7,73.0,80.9,19.1,1.11,76008,477,402.67,53.21,0.0,0.0,0.14,0.23,10.61,59.0,9,6.1,332314,0,0.0000,199997.8,12306644,12306644,656,0
1785446469,1073748336,1189036032,1073741824,8254577,0,78556,91546,12380940,9141246,9141246,11295655,58,0,38,7.0,7.3,61.1,54.1,115.2,70.0,80.9,19.1,1.11,76407,450,374.72,50.20,0.0,0.0,0.12,0.23,9.54,63.0,9,5.7,332314,0,0.0000,200000.0,12380940,12380940,656,0
1785446470,1073754024,1189040128,1073741824,8321397,0,78769,91308,12454889,9215215,9215215,11386962,58,1,15,6.9,6.4,63.9,50.9,114.8,72.0,80.9,19.1,1.11,75813,459,372.85,51.20,0.0,0.0,0.12,0.23,9.39,59.0,16,5.7,332314,0,0.0000,199992.8,12454890,12454890,656,656
1785446471,1073753424,1187041280,1073741824,8387942,0,78276,90907,12528709,9289032,9289032,11477868,59,1,15,7.0,6.9,59.0,56.0,115.0,70.0,80.9,19.1,1.11,75973,450,373.24,50.20,0.0,0.0,0.13,0.23,9.71,59.0,13,5.7,332314,0,0.0000,200000.0,12528710,12528710,656,656
1785446473,1073753000,1187287040,1073741824,8454806,0,78815,91293,12602550,9362870,9362870,11569160,59,2,17,6.9,6.3,64.0,51.0,115.0,36.0,80.9,19.1,1.11,75736,450,372.33,50.20,0.0,0.0,0.12,0.23,9.33,62.0,8,5.7,332314,0,0.0000,199994.5,12602552,12602552,656,1312
1785446474,1073748816,1187028992,1073741824,8521580,0,78782,91206,12676533,9436849,9436849,11660365,59,1,19,7.6,6.5,68.1,47.1,115.2,71.0,80.9,19.1,1.11,38054,225,187.05,25.10,0.0,0.0,0.12,0.23,4.77,31.5,11,5.7,332314,0,0.0000,199995.8,12676534,12676534,656,656
1785446475,1073736088,1187192832,1073741824,8588121,0,78663,90985,12750183,9510482,9510482,11751349,59,0,21,7.5,6.0,64.3,50.3,114.6,76.0,80.9,19.1,1.11,75981,477,403.77,53.21,0.0,0.0,0.14,0.23,10.89,61.0,0,6.1,332314,0,0.0000,200000.0,12750183,12750183,656,0
1785446476,1073751992,1187192832,1073741824,8655559,0,79037,92197,12825046,9585372,9585372,11843545,59,1,10,7.1,6.6,61.2,54.2,115.4,71.0,80.9,19.1,1.11,76819,459,378.20,51.20,0.0,0.0,0.12,0.23,9.65,64.0,9,5.7,332314,0,0.0000,199994.6,12825047,12825047,656,656
1785446477,1073745536,1184681984,1073741824,8722831,0,79113,91985,12899657,9659975,9659975,11935529,59,1,17,6.9,7.1,63.6,51.6,115.2,72.0,80.9,19.1,1.10,76608,459,376.88,51.20,0.0,0.0,0.12,0.23,9.58,60.0,0,5.7,332314,0,0.0000,200000.0,12899658,12899658,656,656
1785446478,1073728632,1184681984,1073741824,8790031,0,78858,91921,12973823,9734113,9734113,12027449,59,0,25,6.8,6.3,59.1,56.1,115.2,71.0,80.9,19.1,1.10,76147,450,373.70,50.20,0.0,0.0,0.13,0.24,9.63,59.0,0,5.7,332314,0,0.0000,200000.0,12973823,12973823,656,0
1785446480,1073752632,1185112064,1073741824,8856435,0,78410,90679,13047540,9807859,9807859,12118127,60,1,15,7.5,7.4,62.2,53.1,115.3,36.5,80.9,19.1,1.10,75776,450,372.45,50.20,0.0,0.0,0.13,0.24,9.77,65.0,0,5.7,332314,0,0.0000,199996.8,13047541,13047541,656,656
1785446481,1073751976,1185243136,1073741824,8924528,0,79757,93133,13122926,9883250,9883250,12211259,60,1,14,7.1,7.3,61.6,53.7,115.3,71.0,80.9,19.1,1.10,38695,229,190.33,25.60,0.0,0.0,0.13,0.24,4.92,31.0,15,5.7,332314,0,0.0000,199995.0,13122927,13122927,656,656
1785446482,1073731576,1184342016,1073741824,8991960,0,80423,92171,13197684,9957979,9957979,12303429,61,0,27,6.7,6.4,58.0,56.0,114.0,76.0,80.9,19.1,1.10,77161,486,411.89,54.21,0.0,0.0,0.15,0.23,11.35,64.0,0,6.1,332314,0,0.0000,200000.0,13197684,13197684,656,0
1785446483,1073735192,1185439744,1073741824,9060014,0,79821,92876,13272951,10033253,10033253,12396304,61,0,21,7.1,7.0,60.9,53.9,114.8,73.0,80.9,19.1,1.10,77368,459,380.20,51.20,0.0,0.0,0.13,0.24,10.09,67.0,7,5.7,332314,0,0.0000,200000.0,13272951,13272951,656,0
1785446484,1073750744,1185439744,1073741824,9128144,0,80057,93161,13348565,10108868,10108868,12489464,61,1,47,6.5,7.8,55.5,59.4,114.9,71.0,80.9,19.1,1.10,77669,459,382.18,51.20,0.0,0.0,0.13,0.23,10.07,61.0,10,5.7,332314,0,0.0000,199996.0,13348566,13348566,656,656
1785446485,1073754952,1185439744,1073741824,9195582,0,79656,92152,13423371,10183696,10183696,12581615,62,1,13,7.4,5.9,63.8,50.9,114.7,72.0,80.9,19.1,1.10,76867,450,378.66,50.20,0.0,0.0,0.13,0.24,9.96,62.0,12,5.7,332314,0,0.0001,199989.1,13423372,13423372,656,656
1785446486,1073743416,1185382400,1073741824,9263436,0,79838,92711,13498446,10258747,10258747,12674325,63,0,38,7.0,6.8,55.9,58.9,114.8,72.0,80.9,19.1,1.10,77065,459,379.34,51.20,0.0,0.0,0.13,0.24,9.90,63.0,16,5.7,332314,0,0.0000,200000.0,13498446,13498446,656,0
1785446488,1073758024,1185415168,1073741824,9331266,0,80658,92681,13573612,10333938,10333938,12767005,64,1,18,7.7,6.5,67.8,46.8,114.6,36.0,80.9,19.1,1.10,38616,229,190.58,25.60,0.0,0.0,0.13,0.24,4.93,31.5,7,5.7,332314,0,0.0000,199998.8,13573613,13573613,656,656
1785446489,1073871248,1185415168,1073741824,9398769,0,80529,92194,13648234,10408526,10408526,12859198,65,178,200,6.9,6.5,60.8,52.6,113.4,74.0,80.9,19.1,1.10,76836,459,410.90,51.20,0.0,0.0,0.15,0.24,11.68,66.0,13,6.1,332314,0,0.0007,199866.6,13648412,13648248,656,9184
1785446490,1073735224,1185681408,1073741824,9466788,0,79934,92818,13723339,10483631,10483631,12952015,65,0,33,6.6,7.4,58.5,56.4,114.9,74.0,80.9,19.1,1.10,77276,477,380.65,53.21,0.0,0.0,0.13,0.24,10.02,62.0,12,5.7,332314,0,0.0000,200000.0,13723339,13723339,656,0
1785446491,1073744736,1185550336,1073741824,9535035,0,80147,93162,13798798,10559103,10559103,13045176,65,1,43,7.6,6.6,63.9,50.9,114.8,73.0,80.9,19.1,1.10,77524,459,382.07,51.20,0.0,0.0,0.13,0.24,10.09,62.0,10,5.7,332314,0,0.0000,199999.1,13798799,13798799,656,656
1785446492,1073752248,1185267712,1073741824,9603361,0,80529,93437,13874694,10635020,10635020,13138612,65,1,10,7.6,6.0,67.8,46.8,114.6,72.0,80.9,19.1,1.10,78011,461,384.58,51.20,0.0,0.0,0.13,0.23,10.44,65.0,0,5.7,332314,0,0.0000,199994.8,13874695,13874695,656,656
1785446493,1073758112,1185267712,1073741824,9671574,0,80364,93300,13950448,10710775,10710775,13231911,65,1,17,7.3,6.4,64.5,50.4,114.9,71.0,80.9,19.1,1.10,77836,468,384.17,52.20,0.0,0.0,0.13,0.24,10.05,60.0,12,5.7,332314,0,0.0000,199993.9,13950449,13950449,656,656
1785446495,1073738888,1184976896,1073741824,9739630,0,80703,92902,14026013,10786314,10786314,13324812,65,0,31,7.4,6.2,57.8,56.8,114.6,35.5,80.9,19.1,1.10,38847,229,191.72,25.60,0.0,0.0,0.13,0.24,5.09,33.5,12,5.7,332314,0,0.0000,200000.0,14026013,14026013,656,0
1785446496,1073743832,1185067008,1073741824,9807967,0,80926,93314,14101505,10861810,10861810,13418125,66,0,38,6.9,7.7,62.9,51.9,114.8,73.0,80.9,19.1,1.10,77518,459,382.83,51.20,0.0,0.0,0.13,0.24,10.38,59.0,7,5.7,332314,0,0.0000,200000.0,14101505,14101505,656,0
1785446497,1073745744,1220063232,1073741824,9875656,0,80348,92477,14176445,10936763,10936763,13510601,68,1,21,7.1,6.8,68.9,44.9,113.8,75.0,80.9,19.1,1.14,77217,477,413.08,53.21,0.0,0.0,0.15,0.23,11.78,60.0,14,6.1,332314,0,0.0000,200000.0,14176446,14176446,656,656
1785446498,1073742440,1184792576,1073741824,9944104,0,80392,93560,14252040,11012350,11012350,13604160,68,0,27,7.4,7.2,61.3,53.3,114.6,72.0,80.9,19.1,1.10,77670,459,382.62,51.20,0.0,0.0,0.13,0.24,10.00,67.0,16,5.7,332314,0,0.0000,200000.0,14252040,14252040,656,0
1785446499,1073734008,1185230848,1073741824,10011119,0,79077,91506,14326022,11086312,11086312,13695665,69,0,41,6.1,8.0,52.6,62.6,115.2,71.0,80.9,19.1,1.10,75964,450,374.78,50.20,0.0,0.0,0.13,0.24,10.09,58.0,6,5.7,332314,0,0.0000,200000.0,14326022,14326022,656,0
1785446500,1073749608,1185333248,1073741824,10078550,0,79169,92036,14400811,11161117,11161117,13787700,69,2,41,7.8,6.1,64.4,50.3,114.7,73.0,80.9,19.1,1.10,76995,450,379.75,50.20,0.0,0.0,0.13,0.24,10.31,63.0,0,5.7,332314,0,0.0000,199997.9,14400813,14400813,656,1312
1785446502,1073744256,1184763904,1073741824,10146229,0,79795,92384,14475613,11235914,11235914,13880083,70,0,39,7.3,6.5,68.9,45.9,114.8,36.0,80.9,19.1,1.10,76712,459,377.96,51.20,0.0,0.0,0.13,0.24,9.82,65.0,19,5.7,332314,0,0.0000,200000.0,14475613,14475613,656,0
1785446503,1073727344,1184763904,1073741824,10214206,0,80594,93028,14551009,11311299,11311299,13973110,70,0,22,6.9,6.6,62.8,51.9,114.7,72.0,81.0,19.0,1.10,38719,225,191.28,25.10,0.0,0.0,0.13,0.24,5.02,33.0,9,5.7,332314,0,0.0000,200000.0,14551009,14551009,656,0
1785446504,1073745992,1184763904,1073741824,10281872,0,80828,92572,14626147,11386455,11386455,14065681,71,2,38,7.2,7.0,54.8,58.8,113.6,75.0,81.0,19.0,1.10,77529,477,416.32,53.21,0.0,0.0,0.15,0.24,11.90,66.0,0,6.2,332314,0,0.0000,199998.5,14626149,14626149,656,1312
1785446505,1073752152,1184763904,1073741824,10350158,0,80823,93436,14702029,11462345,11462345,14159116,72,1,15,7.7,6.1,73.0,41.0,114.0,71.0,81.0,19.0,1.10,77906,468,385.25,52.20,0.0,0.0,0.13,0.24,10.21,66.0,0,5.7,332314,0,0.0000,199994.1,14702030,14702030,656,656
1785446506,1073745816,1184763904,1073741824,10419164,0,81240,94309,14778265,11538579,11538579,14253424,73,1,17,7.2,6.6,70.3,44.3,114.6,72.0,81.0,19.0,1.10,78408,459,387.73,51.20,0.0,0.0,0.13,0.24,10.38,66.0,0,5.7,332314,0,0.0000,200000.0,14778266,14778266,656,656
1785446507,1073749928,1184763904,1073741824,10487945,0,81090,93900,14854198,11614513,11614513,14347323,74,2,29,7.9,5.8,71.1,43.1,114.2,72.0,81.0,19.0,1.10,78209,459,385.88,51.20,0.0,0.0,0.13,0.24,10.21,60.0,14,5.7,332314,0,0.0000,200000.0,14854200,14854200,656,1312
1785446508,1073746872,1184763904,1073741824,10556301,0,81013,93467,14929905,11690203,11690203,14440789,76,1,46,8.0,6.0,70.5,44.4,114.9,72.0,81.0,19.0,1.10,77733,459,383.86,51.20,0.0,0.0,0.13,0.24,10.38,61.0,12,5.7,332314,0,0.0000,200000.0,14929906,14929906,656,656
1785446510,1073745904,1184628736,1073741824,10624712,0,81199,93389,15005669,11765967,11765967,14534177,77,0,39,6.8,7.1,60.7,53.8,114.5,36.5,81.0,19.0,1.10,38862,229,192.03,25.60,0.0,0.0,0.13,0.23,5.11,28.5,34,5.7,332314,0,0.0000,200000.0,15005669,15005669,656,0
1785446511,1073863672,1184628736,1073741824,10693285,0,81431,93673,15081455,11841804,11841804,14627849,78,147,126,7.2,6.8,58.3,56.2,114.5,75.0,81.0,19.0,1.10,77636,459,417.29,51.20,0.0,0.0,0.15,0.24,11.93,68.0,18,6.1,332314,0,0.0005,199892.7,15081602,15081455,656,0
1785446512,1073738088,1220546560,1073741824,10761136,0,80919,92695,15156783,11917076,11917076,14720543,78,0,41,7.0,6.8,57.3,56.2,113.5,74.0,81.0,19.0,1.14,77973,477,385.73,53.21,0.0,0.0,0.13,0.23,10.02,64.0,0,5.7,332314,0,0.0000,200000.0,15156783,15156783,656,0
1785446513,1073749208,1184382976,1073741824,10829478,0,80352,93530,15232563,11992868,11992868,14814072,79,0,38,7.1,7.0,58.4,56.3,114.7,72.0,81.0,19.0,1.10,77830,459,384.82,51.20,0.0,0.0,0.13,0.24,10.17,60.0,16,5.7,332314,0,0.0000,200000.0,15232563,15232563,656,0
1785446514,1073752416,1184382976,1073741824,10897618,0,80607,93365,15308269,12068590,12068590,14907436,79,1,18,7.9,6.0,61.1,53.1,114.2,71.0,81.0,19.0,1.10,77727,459,384.52,51.20,0.0,0.0,0.13,0.24,10.07,55.0,13,5.7,332314,0,0.0000,200000.0,15308270,15308270,656,656
1785446515,1073751872,1184382976,1073741824,10965963,0,80604,93544,15384308,12144628,12144628,15000979,79,2,17,7.0,7.0,63.3,51.3,114.6,72.0,81.0,19.0,1.10,78067,459,386.10,51.20,0.0,0.0,0.13,0.24,10.32,64.0,10,5.7,332314,0,0.0000,199999.7,15384310,15384310,656,1312
1785446517,1073747392,1184456704,1073741824,11033953,0,80742,92910,15459656,12219965,12219965,15093888,80,1,38,7.2,6.2,64.6,49.7,114.3,36.5,81.0,19.0,1.10,77341,459,382.13,51.20,0.0,0.0,0.13,0.24,10.11,60.0,0,5.7,332314,0,0.0000,199999.5,15459657,15459657,656,656
1785446518,1073734752,1184059392,1073741824,11102292,0,81030,93467,15535414,12295704,12295704,15187354,81,0,35,7.2,6.2,61.3,53.2,114.5,72.0,81.0,19.0,1.10,38928,229,192.41,25.60,0.0,0.0,0.13,0.24,5.15,32.0,11,5.7,332314,0,0.0000,200000.0,15535414,15535414,656,0
1785446519,1073765408,1219973120,1073741824,11168865,0,79920,91070,15609168,12369463,12369463,15278423,82,4,42,8.1,5.3,66.3,47.3,113.6,76.0,81.0,19.0,1.14,75870,459,409.82,51.20,0.0,0.0,0.15,0.24,11.71,58.0,9,6.2,332314,0,0.0001,199979.8,15609172,15609172,656,2624
1785446520,1073725536,1184542720,1073741824,11235151,0,77482,90523,15682500,12442790,12442790,15368945,82,0,20,7.1,6.4,63.7,51.6,115.3,73.0,81.0,19.0,1.10,75535,450,373.40,50.20,0.0,0.0,0.13,0.23,9.58,66.0,0,5.7,332314,0,0.0000,200000.0,15682500,15682500,656,0
1785446521,1073750328,1183879168,1073741824,11300707,0,76964,89480,15754884,12515202,12515202,15458424,82,2,19,7.3,7.4,65.7,49.8,115.5,72.0,81.0,19.0,1.10,74450,432,368.86,48.19,0.0,0.0,0.13,0.24,9.96,58.0,5,5.7,332314,0,0.0000,199994.3,15754886,15754886,656,1312
1785446522,1073749904,1184141312,1073741824,11367569,0,77349,91379,15829023,12589333,12589333,15549802,83,3,31,6.8,6.7,58.7,56.8,115.5,72.0,81.0,19.0,1.10,76105,452,376.28,50.20,0.0,0.0,0.13,0.23,10.06,61.0,10,5.7,332314,0,0.0000,200000.0,15829026,15829026,656,1968
1785446524,1073755624,1184169984,1073741824,11435364,0,79857,92653,15903901,12664230,12664230,15642454,83,0,11,7.4,6.2,58.9,55.9,114.8,36.0,81.0,19.0,1.10,76923,450,381.66,50.20,0.0,0.0,0.13,0.23,9.86,66.0,0,5.7,332314,0,0.0000,199991.9,15903901,15903901,656,0
1785446525,1073754680,1184096256,1073741824,11502427,0,79434,91516,15978087,12738402,12738402,15733969,83,3,36,6.7,6.2,60.0,55.0,115.0,72.0,81.0,19.0,1.10,38136,225,188.71,25.10,0.0,0.0,0.13,0.24,5.10,32.0,10,5.7,332314,0,0.0000,199999.1,15978090,15978090,656,1968
1785446526,1073745640,1220272128,1073741824,11569248,0,79112,91304,16052107,12812415,12812415,15825272,83,3,36,6.8,7.7,59.2,55.1,114.3,76.0,81.0,19.0,1.14,76355,468,411.27,52.20,0.0,0.0,0.15,0.24,11.83,56.0,8,6.2,332314,0,0.0000,200000.0,16052110,16052110,656,1968
1785446527,1073751736,1184096256,1073741824,11636243,0,78636,91552,16126347,12886649,12886649,15916823,85,1,42,6.8,6.8,59.9,55.0,114.9,71.0,81.0,19.0,1.10,76341,450,378.47,50.20,0.0,0.0,0.13,0.23,10.13,57.0,12,5.7,332314,0,0.0000,199994.9,16126348,16126348,656,656
1785446528,1073748640,1184096256,1073741824,11701791,0,77358,89628,16198940,12959256,12959256,16006450,87,1,14,7.0,6.6,63.1,52.1,115.2,71.0,81.0,19.0,1.10,74630,441,369.89,49.19,0.0,0.0,0.13,0.24,9.81,59.0,2,5.7,332314,0,0.0000,199995.7,16198941,16198941,656,656
1785446529,1073753928,1184030720,1073741824,11767868,0,77010,90371,16271982,13032305,13032305,16096820,87,1,16,7.1,6.9,64.7,50.8,115.5,72.0,81.0,19.0,1.10,75080,432,371.28,48.19,0.0,0.0,0.12,0.24,9.48,69.0,11,5.7,332314,0,0.0000,199994.1,16271983,16271983,656,656
1785446531,1073752240,1184030720,1073741824,11834827,0,78815,91547,16346236,13106539,13106539,16188366,88,10,49,7.6,6.1,64.0,51.0,115.0,71.0,81.0,19.0,1.10,76242,450,378.23,50.20,0.0,0.0,0.13,0.24,9.81,63.0,10,5.7,332314,0,0.0000,199996.7,16346246,16346236,656,0
1785446532,1073745248,1183600640,1073741824,11901545,0,78780,91173,16420163,13180464,13180464,16279538,88,0,40,7.3,6.5,63.1,52.1,115.2,36.0,81.0,19.0,1.10,38000,225,188.17,25.10,0.0,0.0,0.13,0.23,4.88,31.0,3,5.7,332314,0,0.0000,200000.0,16420163,16420163,656,0
1785446533,1073745248,1183588352,1073741824,11967779,0,78561,90363,16493473,13253779,13253779,16369900,89,3,42,6.7,7.4,59.4,55.3,114.7,77.0,81.0,19.0,1.10,75626,450,408.44,50.20,0.0,0.0,0.15,0.24,11.36,59.0,12,6.2,332314,0,0.0000,199999.5,16493476,16493476,656,1968
1785446534,1073747256,1183764480,1073741824,12033931,0,77573,90326,16566800,13327114,13327114,16460225,90,5,25,7.8,6.5,59.2,56.2,115.4,71.0,81.0,19.0,1.10,75279,450,372.64,50.20,0.0,0.0,0.13,0.23,9.60,66.0,10,5.7,332314,0,0.0000,199995.5,16566805,16566805,656,3280
1785446535,1073757544,1183686656,1073741824,12100120,0,77290,90301,16639889,13400211,13400211,16550525,90,0,21,8.4,5.8,74.8,40.7,115.5,73.0,81.0,19.0,1.10,75012,441,371.70,49.19,0.0,0.0,0.13,0.24,9.59,61.0,12,5.7,332314,0,0.0000,199991.3,16639889,16639889,656,0
1785446536,1073735232,1183789056,1073741824,12165706,0,76478,89504,16712406,13472703,13472703,16640028,91,0,24,7.6,6.7,61.4,54.4,115.8,72.0,81.0,19.0,1.10,74581,441,369.92,49.19,0.0,0.0,0.13,0.24,9.65,63.0,14,5.7,332314,0,0.0000,200000.0,16712406,16712406,656,0
1785446538,1073745256,1183809536,1073741824,12231243,0,76914,89542,16784852,13545157,13545157,16729569,91,0,36,7.6,6.5,68.7,46.7,115.4,73.0,81.0,19.0,1.10,74399,432,368.12,48.19,0.0,0.0,0.13,0.24,9.40,62.0,11,5.7,332314,0,0.0000,200000.0,16784852,16784852,656,0
1785446539,1073758832,1183809536,1073741824,12297462,0,77476,90389,16857829,13618156,13618156,16819957,92,1,16,6.8,6.9,54.8,60.8,115.6,36.0,81.0,19.0,1.10,37531,220,185.58,24.60,0.0,0.0,0.12,0.24,4.71,28.5,9,5.7,332314,0,0.0000,199996.8,16857830,16857830,656,656
1785446540,1073749448,1183539200,1073741824,12363278,0,77849,89849,16930776,13691091,13691091,16909805,92,1,25,7.6,6.3,68.6,46.5,115.1,76.0,81.0,19.0,1.10,75168,450,406.55,50.20,0.0,0.0,0.15,0.24,11.28,62.0,9,6.2,332314,0,0.0000,200000.0,16930777,16930776,656,0
1785446541,1073722480,1183551488,1073741824,12429254,0,76976,89859,17003668,13763954,13763954,16999663,92,0,21,7.5,7.3,57.2,58.2,115.4,74.0,81.0,19.0,1.10,74911,441,371.44,49.19,0.0,0.0,0.13,0.24,9.70,67.0,11,5.7,332314,0,0.0000,200000.0,17003668,17003668,656,0
1785446542,1073749040,1183551488,1073741824,12495781,0,77350,90887,17077066,13837379,13837379,17090549,92,1,19,7.4,6.8,68.7,46.7,115.4,72.0,81.0,19.0,1.10,75381,450,374.25,50.20,0.0,0.0,0.13,0.24,9.79,62.0,0,5.7,332314,0,0.0000,199999.1,17077067,17077067,656,656
1785446543,1073748648,1183285248,1073741824,12562051,0,77608,90528,17150438,13910755,13910755,17181076,92,1,15,7.7,6.3,63.2,52.2,115.4,71.0,81.0,19.0,1.10,75343,441,373.86,49.19,0.0,0.0,0.13,0.24,9.72,64.0,10,5.7,332314,0,0.0000,199998.2,17150439,17150439,656,656
1785446544,1073753416,1183350784,1073741824,12628711,0,78331,91043,17224278,13984599,13984599,17272118,93,2,29,7.0,6.9,56.6,58.6,115.2,73.0,81.0,19.0,1.10,75926,441,376.94,49.19,0.0,0.0,0.13,0.23,9.77,65.0,0,5.7,332314,0,0.0000,199998.8,17224280,17224280,656,1312
1785446546,1073754408,1183350784,1073741824,12695124,0,78282,90589,17297605,14057928,14057928,17362706,93,1,12,6.8,5.8,63.6,51.7,115.3,35.5,81.0,19.0,1.10,37661,220,187.17,24.60,0.0,0.0,0.13,0.23,4.90,28.0,12,5.7,332314,0,0.0001,199989.4,17297606,17297606,656,656
1785446547,1073742256,1219919872,1073741824,12761175,0,78059,90186,17370552,14130861,14130861,17452891,93,0,28,6.6,7.0,54.2,60.2,114.4,76.0,81.0,19.0,1.14,75294,450,407.26,50.20,0.0,0.0,0.15,0.23,11.50,63.0,4,6.2,332314,0,0.0000,200000.0,17370552,17370552,656,0
1785446548,1073749960,1183399936,1073741824,12827658,0,77925,90736,17443887,14204187,14204187,17543626,93,1,47,7.6,6.9,66.0,49.0,115.0,72.0,81.0,19.0,1.10,75260,450,374.36,50.20,0.0,0.0,0.13,0.24,9.86,66.0,10,5.7,332314,0,0.0000,199999.7,17443888,17443888,656,656
1785446549,1073749064,1183412224,1073741824,12894342,0,77981,91151,17517641,14277959,14277959,17634776,93,1,20,7.3,6.7,61.6,53.7,115.3,72.0,81.0,19.0,1.10,75788,441,376.38,49.19,0.0,0.0,0.13,0.23,9.91,61.0,3,5.7,332314,0,0.0000,199997.5,17517642,17517642,656,656
1785446550,1073752592,1183412224,1073741824,12960972,0,77880,91003,17591275,14351592,14351592,17725778,94,0,26,7.2,6.5,65.2,50.2,115.4,72.0,81.0,19.0,1.10,75675,441,375.70,49.19,0.0,0.0,0.13,0.23,9.86,64.0,0,5.7,332314,0,0.0000,200000.0,17591275,17591275,656,0
1785446551,1073752520,1183039488,1073741824,13027503,0,78344,90922,17664951,14425271,14425271,17816699,94,2,19,7.1,6.7,64.6,50.6,115.2,72.0,81.0,19.0,1.10,75762,450,376.13,50.20,0.0,0.0,0.13,0.24,9.85,62.0,0,5.7,332314,0,0.0000,199991.7,17664953,17664953,656,1312
1785446553,1073759784,1183174656,1073741824,13094473,0,78542,91499,17738915,14499249,14499249,17908197,96,0,18,6.6,7.0,56.6,59.5,116.1,36.0,81.0,19.0,1.10,38004,221,188.31,24.60,0.0,0.0,0.13,0.23,4.95,29.0,10,5.7,332314,0,0.0000,199997.0,17738915,17738915,656,0
1785446554,1073743864,1219923968,1073741824,13160247,0,77756,89733,17811469,14571776,14571776,17997929,96,1,36,7.5,6.8,60.8,53.8,114.6,76.0,81.0,19.0,1.14,74800,441,406.29,49.19,0.0,0.0,0.15,0.23,11.46,63.0,0,6.2,332314,0,0.0000,200000.0,17811470,17811470,656,656
1785446555,1073749072,1183068160,1073741824,13225885,0,76638,89583,17884054,14644373,14644373,18087511,98,0,21,7.5,6.6,60.7,54.8,115.5,72.0,81.0,19.0,1.10,74629,450,370.89,50.20,0.0,0.0,0.13,0.24,9.62,64.0,0,5.7,332314,0,0.0000,200000.0,17884054,17884054,656,0
1785446556,1073744968,1183350784,1073741824,13291692,0,76707,89769,17956649,14716959,14716959,18177279,98,1,29,8.3,5.6,69.2,46.2,115.4,73.0,81.0,19.0,1.10,74719,432,370.64,48.19,0.0,0.0,0.13,0.24,9.67,66.0,2,5.7,332314,0,0.0000,200000.0,17956650,17956650,656,656
1785446557,1073730608,1183375360,1073741824,13358211,0,77182,90761,18030012,14790314,14790314,18268039,98,0,14,7.4,6.8,63.8,51.9,115.7,73.0,81.0,19.0,1.10,75478,441,374.38,49.19,0.0,0.0,0.13,0.23,9.67,61.0,0,5.7,332314,0,0.0000,200000.0,18030012,18030012,656,0
1785446558,1073750528,1183215616,1073741824,13424825,0,78429,91014,18103797,14864099,14864099,18359052,99,1,40,7.1,7.2,58.1,57.1,115.2,71.0,81.0,19.0,1.10,75804,450,376.97,50.20,0.0,0.0,0.13,0.23,9.80,62.0,6,5.7,332314,0,0.0000,200000.0,18103798,18103798,656,656
1785446560,1073749896,1183477760,1073741824,13490352,0,77635,89469,18176386,14936703,14936703,18448520,101,1,14,7.1,6.7,68.6,46.7,115.3,36.5,81.0,19.0,1.10,37308,216,185.33,24.09,0.0,0.0,0.13,0.24,5.00,33.5,7,5.7,332314,0,0.0000,199996.9,18176387,18176387,656,656
1785446561,1073723056,1183596544,1073741824,13555654,0,77279,89089,18248637,15008924,15008924,18537608,102,0,26,7.5,6.8,63.3,51.3,114.6,75.0,81.0,19.0,1.10,74550,441,404.11,49.19,0.0,0.0,0.15,0.23,11.48,64.0,23,6.2,332314,0,0.0000,200000.0,18248637,18248637,656,0
1785446562,1073754904,1183457280,1073741824,13621074,0,76474,89316,18321114,15081437,15081437,18626923,102,1,15,7.2,7.2,57.7,57.8,115.5,73.0,81.0,19.0,1.10,74550,450,370.25,50.20,0.0,0.0,0.13,0.23,9.71,63.0,7,5.7,332314,0,0.0000,199995.2,18321115,18321115,656,656
1785446563,1073758008,1183457280,1073741824,13686727,0,76452,89580,18393518,15153843,15153843,18716502,102,1,17,6.7,7.2,54.7,60.8,115.5,71.0,81.0,19.0,1.10,74486,432,369.61,48.19,0.0,0.0,0.13,0.24,9.57,62.0,11,5.7,332314,0,0.0000,199996.1,18393519,18393519,656,656
1785446564,1073732192,1183457280,1073741824,13752382,0,76341,89583,18466097,15226396,15226396,18806084,102,0,22,7.1,6.6,57.3,58.3,115.6,73.0,81.0,19.0,1.10,74543,432,370.56,48.19,0.0,0.0,0.13,0.24,9.97,56.0,10,5.7,332314,0,0.0000,200000.0,18466097,18466097,656,0
1785446565,1073748032,1183485952,1073741824,13818446,0,77109,90068,18538947,15299267,15299267,18896151,102,1,18,7.5,6.6,62.0,54.0,116.0,71.0,81.0,19.0,1.10,74824,441,372.12,49.19,0.0,0.0,0.13,0.24,9.71,68.0,4,5.7,332314,0,0.0000,199996.8,18538948,18538948,656,656
1785446567,1073758696,1182924800,1073741824,13884243,0,77112,89690,18611642,15371973,15371973,18985840,102,1,11,7.5,6.3,68.0,48.0,116.0,36.5,81.0,19.0,1.10,37335,216,185.75,24.09,0.0,0.0,0.13,0.24,5.03,33.0,10,5.7,332314,0,0.0000,199993.4,18611643,18611643,656,656
1785446568,1073749536,1183555584,1073741824,13949062,0,76616,88504,18683168,15443481,15443481,19074343,102,7,38,7.3,6.3,57.0,58.0,115.0,76.0,81.0,19.0,1.10,73839,441,401.20,49.19,0.0,0.0,0.16,0.24,11.66,62.0,0,6.2,332314,0,0.0000,199998.9,18683175,18683175,656,4592
1785446569,1073746008,1183625216,1073741824,14014681,0,76458,89756,18755967,15516267,15516267,19164098,102,1,15,7.7,6.5,67.8,47.8,115.6,72.0,81.0,19.0,1.10,74785,441,371.89,49.19,0.0,0.0,0.13,0.23,9.80,69.0,3,5.7,332314,0,0.0000,199998.3,18755968,18755968,656,656
1785446570,1073732568,1183625216,1073741824,14081191,0,77521,90877,18829370,15589664,15589664,19254974,103,0,25,7.1,7.2,62.9,52.9,115.8,72.0,81.0,19.0,1.10,75404,441,375.44,49.19,0.0,0.0,0.13,0.23,9.80,66.0,3,5.7,332314,0,0.0000,200000.0,18829370,18829370,656,0
1785446571,1073760152,1183625216,1073741824,14147208,0,77119,89987,18902206,15662543,15662543,19344960,103,1,17,6.9,6.8,60.8,54.7,115.5,72.0,81.0,19.0,1.10,74863,441,372.02,49.19,0.0,0.0,0.13,0.23,9.94,63.0,12,5.7,332314,0,0.0000,199998.2,18902207,18902207,656,656
1785446572,1073720360,1183698944,1073741824,14213376,0,77351,90309,18975388,15735668,15735668,19435268,105,0,22,7.8,5.8,72.7,42.8,115.5,72.0,81.0,19.0,1.10,75115,441,373.39,49.19,0.0,0.0,0.13,0.24,9.81,59.0,12,5.7,332314,0,0.0000,200000.0,18975388,18975388,656,0
1785446574,1073752232,1183588352,1073741824,14279574,0,77763,90342,19048512,15808826,15808826,19525609,105,2,28,7.4,6.2,66.7,48.8,115.5,36.5,81.0,19.0,1.10,37616,216,187.23,24.09,0.0,0.0,0.13,0.23,4.86,29.0,0,5.7,332314,0,0.0000,200000.0,19048514,19048514,656,1312
1785446575,1073744200,1183588352,1073741824,14345204,0,77754,89677,19121178,15881477,15881477,19615285,106,1,46,7.6,5.7,67.4,47.3,114.7,76.0,81.0,19.0,1.10,74892,450,407.63,50.20,0.0,0.0,0.15,0.23,11.57,59.0,17,6.2,332314,0,0.0000,199997.5,19121179,19121179,656,656
1785446576,1073745448,1183469568,1073741824,14411037,0,77027,89901,19193978,15954286,15954286,19705185,107,0,28,7.7,6.1,70.5,44.6,115.1,73.0,81.0,19.0,1.10,74761,441,372.18,49.19,0.0,0.0,0.13,0.24,9.67,64.0,0,5.7,332314,0,0.0000,200000.0,19193978,19193978,656,0
1785446577,1073749592,1183469568,1073741824,14477124,0,76979,90351,19267063,16027380,16027380,19795535,107,4,27,7.1,6.6,56.2,59.4,115.6,71.0,81.0,19.0,1.10,75042,441,373.55,49.19,0.0,0.0,0.13,0.23,9.79,62.0,11,5.7,332314,0,0.0000,199996.6,19267067,19267067,656,2624
1785446578,1073730664,1183469568,1073741824,14542907,0,76885,89859,19339884,16100176,16100176,19885393,107,0,24,7.3,5.9,69.2,46.2,115.4,72.0,81.0,19.0,1.10,74862,432,372.52,48.19,0.0,0.0,0.13,0.23,9.70,61.0,9,5.7,332314,0,0.0000,200000.0,19339884,19339884,656,0
1785446579,1073756568,1183469568,1073741824,14608385,0,76650,89332,19412303,16172615,16172615,19974724,107,2,34,7.0,7.2,63.6,51.6,115.2,73.0,81.0,19.0,1.10,74445,432,370.49,48.19,0.0,0.0,0.13,0.23,9.77,63.0,10,5.7,332314,0,0.0000,199991.3,19412305,19412305,656,1312
1785446581,1073751416,1183469568,1073741824,14674313,0,77619,90087,19485327,16245639,16245639,20064810,107,1,30,6.8,7.1,57.6,57.7,115.3,36.0,81.0,19.0,1.10,37512,220,186.76,24.60,0.0,0.0,0.13,0.24,4.90,29.0,9,5.7,332314,0,0.0000,199996.5,19485328,19485328,656,656
1785446582,1073773456,1183395840,1073741824,14739900,0,77753,89396,19557579,16317877,16317877,20154205,107,3,21,7.0,6.6,60.2,54.4,114.6,76.0,81.0,19.0,1.10,74456,441,405.04,49.19,0.0,0.0,0.15,0.24,11.29,65.0,18,6.2,332314,0,0.0001,199978.4,19557582,19557582,656,1968
1785446583,1073753128,1183395840,1073741824,14804850,0,75949,88571,19629196,16389512,16389512,20242775,108,2,30,7.2,7.0,62.9,52.9,115.8,73.0,81.0,19.0,1.10,73727,443,367.34,49.19,0.0,0.0,0.13,0.23,9.51,68.0,13,5.8,332314,0,0.0000,200000.0,19629198,19629198,656,1312
1785446584,1073750760,1183395840,1073741824,14870088,0,75565,88931,19701233,16461553,16461553,20331705,108,1,12,7.7,6.2,62.0,54.0,116.0,73.0,81.0,19.0,1.10,74027,432,368.39,48.19,0.0,0.0,0.13,0.23,9.41,61.0,14,5.7,332314,0,0.0000,199998.3,19701234,19701234,656,656
1785446585,1073751152,1183395840,1073741824,14935559,0,75937,89330,19773531,16533833,16533833,20421034,108,1,45,7.2,6.5,65.9,49.9,115.8,72.0,81.0,19.0,1.10,74292,432,369.23,48.19,0.0,0.0,0.13,0.23,9.54,58.0,18,5.7,332314,0,0.0000,200000.0,19773532,19773532,656,656
1785446586,1073756256,1183395840,1073741824,15001851,0,77527,90337,19846695,16607007,16607007,20511370,109,1,30,7.3,6.4,67.3,48.2,115.5,73.0,81.0,19.0,1.10,75205,432,374.50,48.19,0.0,0.0,0.13,0.23,9.79,64.0,7,5.7,332314,0,0.0000,200000.0,19846696,19846696,656,656
1785446588,1073738392,1183436800,1073741824,15068027,0,77595,90207,19919830,16680125,16680125,20601576,109,0,28,6.9,6.7,64.8,50.7,115.5,35.5,81.0,19.0,1.10,37556,220,187.04,24.60,0.0,0.0,0.13,0.24,4.96,30.0,0,5.7,332314,0,0.0000,200000.0,19919830,19919830,656,0
1785446589,1073749136,1183395840,1073741824,15133628,0,77731,89510,19992349,16752649,16752649,20691085,109,0,46,7.7,6.3,67.7,46.8,114.5,77.0,81.0,19.0,1.10,74889,441,408.73,49.19,0.0,0.0,0.15,0.23,11.66,67.0,0,6.2,332314,0,0.0000,200000.0,19992349,19992349,656,0
1785446590,1073754240,1183494144,1073741824,15199911,0,77380,90377,20065636,16825955,16825955,20781461,109,1,22,6.7,7.3,59.6,55.5,115.1,72.0,81.0,19.0,1.10,75230,450,374.73,50.20,0.0,0.0,0.13,0.24,9.74,58.0,9,5.7,332314,0,0.0000,199997.1,20065637,20065637,656,656
1785446591,1073747032,1183612928,1073741824,15266095,0,77256,90377,20138721,16899042,16899042,20871837,111,1,18,7.7,5.8,67.7,47.8,115.5,72.0,81.0,19.0,1.10,75219,432,374.81,48.19,0.0,0.0,0.13,0.23,9.94,64.0,0,5.7,332314,0,0.0000,200000.0,20138722,20138722,656,656
1785446592,1073756088,1183494144,1073741824,15331941,0,77058,89954,20211586,16971914,16971914,20961790,112,1,12,7.2,6.4,59.6,55.7,115.3,72.0,81.0,19.0,1.10,74872,441,373.08,49.19,0.0,0.0,0.13,0.23,9.89,56.0,13,5.7,332314,0,0.0000,199993.3,20211587,20211587,656,656
1785446593,1073748224,1183531008,1073741824,15397736,0,77437,89941,20284574,17044884,17044884,21051730,112,1,26,7.5,6.5,67.6,47.7,115.3,73.0,81.0,19.0,1.10,74961,432,373.43,48.19,0.0,0.0,0.13,0.23,9.70,67.0,9,5.7,332314,0,0.0000,199997.6,20284575,20284575,656,656
1785446595,1073754400,1183531008,1073741824,15463779,0,77761,90313,20357729,17118041,17118041,21142042,114,3,31,7.5,6.3,65.7,49.7,115.4,36.0,81.0,19.0,1.10,37593,220,187.56,24.60,0.0,0.0,0.13,0.23,5.00,32.0,15,5.7,332314,0,0.0000,199991.4,20357732,20357732,656,1968
1785446596,1073766336,1183531008,1073741824,15529324,0,78100,89622,20430304,17190609,17190609,21231663,114,2,18,7.0,6.7,59.0,55.2,114.2,76.0,81.0,19.0,1.10,74955,441,409.28,49.19,0.0,0.0,0.16,0.23,12.14,66.0,17,6.2,332314,0,0.0001,199982.5,20430306,20430306,656,1312
1785446597,1073752912,1183531008,1073741824,15595736,0,77396,90665,20503584,17263902,17263902,21322327,114,2,24,7.3,5.8,62.2,53.2,115.4,73.0,81.0,19.0,1.10,75294,450,375.58,50.20,1.0,0.0,0.13,0.24,10.03,57.0,0,5.8,332314,0,0.0000,200000.0,20503586,20503586,656,1312
1785446598,1073746528,1183531008,1073741824,15662353,0,77731,90959,20577091,17337397,17337397,21413285,114,0,30,7.3,6.6,64.0,51.2,115.2,72.0,81.0,19.0,1.10,75493,441,376.75,49.19,0.0,0.0,0.13,0.23,9.78,67.0,5,5.7,332314,0,0.0000,200000.0,20577091,20577091,656,0
1785446599,1073746128,1183653888,1073741824,15729239,0,78016,91276,20650971,17411283,17411283,21504560,115,0,24,7.5,6.7,64.7,50.8,115.5,73.0,81.0,19.0,1.10,75907,441,377.78,49.19,0.0,0.0,0.13,0.24,9.93,69.0,12,5.7,332314,0,0.0000,200000.0,20650971,20650971,656,0
1785446600,1073746872,1183653888,1073741824,15796296,0,78469,91500,20724936,17485242,17485242,21596059,116,3,41,6.6,6.9,61.4,53.5,114.9,73.0,81.0,19.0,1.10,76005,441,379.87,49.19,0.0,0.0,0.13,0.23,10.13,62.0,11,5.7,332314,0,0.0000,199999.7,20724939,20724939,656,1968
1785446602,1073750856,1183727616,1073741824,15863333,0,78992,91501,20798907,17559219,17559219,21687559,118,1,26,6.2,7.5,50.1,65.1,115.2,36.0,81.0,19.0,1.10,38004,220,189.56,24.60,0.5,0.0,0.12,0.23,4.60,29.0,13,5.7,332314,0,0.0000,200000.0,20798908,20798908,656,656
1785446603,1073906768,1183727616,1073741824,15930097,0,78918,91125,20872635,17632988,17632988,21778683,118,206,177,6.8,7.2,60.9,53.9,114.8,75.0,81.0,19.0,1.10,75588,441,413.29,49.19,0.0,0.0,0.16,0.23,11.92,64.0,0,6.2,332314,0,0.0007,199855.0,20872841,20872635,656,0
1785446604,1073759904,1183727616,1073741824,15996099,0,78063,90104,20945927,17706263,17706263,21868786,118,1,13,7.2,5.9,63.0,51.0,114.0,73.0,81.0,19.0,1.10,75955,450,378.74,50.20,0.0,0.0,0.13,0.24,10.09,63.0,9,5.7,332314,0,0.0001,199986.4,20945928,20945928,656,656
1785446605,1073739216,1183596544,1073741824,16062574,0,77856,90780,21019415,17779720,17779720,21959565,119,0,30,7.7,6.4,73.1,42.0,115.1,73.0,81.0,19.0,1.10,75509,441,376.20,49.19,0.0,0.0,0.13,0.24,9.84,63.0,5,5.7,332314,0,0.0000,200000.0,21019415,21019415,656,0
1785446606,1073719000,1183596544,1073741824,16130088,0,78507,92190,21094120,17854405,17854405,22051754,120,0,19,6.8,7.0,64.1,51.1,115.2,72.0,81.0,19.0,1.10,76723,450,382.71,50.20,0.0,0.0,0.13,0.23,10.20,62.0,3,5.7,332314,0,0.0000,200000.0,21094120,21094120,656,0
1785446607,1073753648,1183596544,1073741824,16197848,0,79495,92769,21169277,17929589,17929589,22144522,120,1,27,7.1,6.1,67.0,48.0,115.0,73.0,81.0,19.0,1.10,77259,450,385.73,50.20,0.0,0.0,0.13,0.24,10.28,68.0,4,5.7,332314,0,0.0000,199997.5,21169278,21169278,656,656
1785446609,1073748968,1183719424,1073741824,16265647,0,80342,92743,21244372,18004686,18004686,22237264,120,2,20,7.0,6.7,64.4,50.3,114.7,35.5,81.0,19.0,1.10,38605,225,192.88,25.10,0.0,0.0,0.14,0.23,5.28,30.5,1,5.7,332314,0,0.0000,199998.7,21244374,21244374,656,1312
1785446610,1073750464,1183813632,1073741824,16333536,0,80331,92764,21319371,18079693,18079693,22330027,120,1,17,7.5,6.4,59.9,54.9,114.8,74.0,81.0,19.0,1.10,77158,441,385.16,49.19,0.0,0.0,0.13,0.24,10.38,61.0,4,5.7,332314,0,0.0000,199997.8,21319372,21319372,656,656
1785446611,1073729608,1183719424,1073741824,16400768,0,79745,91896,21393680,18153974,18153974,22421922,120,0,28,7.5,7.0,62.3,51.5,113.8,75.0,81.0,19.0,1.10,76694,459,418.93,51.20,0.0,0.0,0.16,0.23,12.42,67.0,9,6.2,332314,0,0.0000,200000.0,21393680,21393680,656,0
1785446612,1073721624,1183592448,1073741824,16468849,0,79879,93146,21468985,18229273,18229273,22515067,121,0,14,7.9,6.3,72.9,41.9,114.8,72.0,81.0,19.0,1.10,77436,452,387.35,50.20,0.0,0.0,0.13,0.23,10.30,60.0,0,5.8,332314,0,0.0000,200000.0,21468985,21468985,656,0
1785446613,1073729968,1183592448,1073741824,16536766,0,79967,92903,21544260,18304555,18304555,22607969,121,0,25,7.4,5.9,69.4,45.3,114.7,73.0,81.0,19.0,1.10,77368,450,386.30,50.20,0.0,0.0,0.13,0.23,10.45,58.0,13,5.7,332314,0,0.0000,200000.0,21544260,21544260,656,0
1785446614,1073752448,1183617024,1073741824,16604763,0,79937,93009,21619634,18379955,18379955,22700977,122,1,18,7.9,6.1,69.2,45.4,114.6,72.0,81.0,19.0,1.10,77439,450,387.19,50.20,0.0,0.0,0.14,0.24,10.61,66.0,9,5.8,332314,0,0.0000,199993.4,21619635,21619635,656,656
1785446616,1073720224,1183617024,1073741824,16672761,0,80595,93034,21695010,18455297,18455297,22794010,122,0,22,7.8,5.9,66.3,48.4,114.7,37.0,81.0,19.0,1.10,77393,450,386.94,50.20,0.0,0.0,0.13,0.23,10.29,63.0,5,5.8,332314,0,0.0000,200000.0,21695010,21695010,656,0
1785446617,1073742304,1183617024,1073741824,16740554,0,80505,92858,21770290,18530601,18530601,22886867,122,0,29,7.3,6.8,61.9,52.9,114.8,72.0,81.0,19.0,1.10,38737,225,193.46,25.10,0.0,0.0,0.13,0.23,5.22,33.0,0,5.7,332314,0,0.0000,200000.0,21770290,21770290,656,0
1785446618,1073742088,1183617024,1073741824,16808325,0,80658,92707,21845306,18605613,18605613,22979573,122,0,32,7.3,7.3,67.5,46.6,114.1,77.0,81.0,19.0,1.10,77425,468,424.39,52.20,0.0,0.0,0.16,0.23,12.55,61.0,0,6.3,332314,0,0.0000,200000.0,21845306,21845306,656,0
1785446619,1073731680,1183617024,1073741824,16876119,0,79984,92712,21920402,18680691,18680691,23072284,122,0,44,7.3,6.4,57.6,56.7,114.3,73.0,81.0,19.0,1.10,77213,450,385.81,50.20,0.0,0.0,0.13,0.24,10.46,63.0,12,5.7,332314,0,0.0000,200000.0,21920402,21920402,656,0
1785446620,1073740648,1183617024,1073741824,16944210,0,79877,93104,21995880,18756172,18756172,23165387,122,0,46,7.0,6.9,52.8,61.8,114.6,71.0,81.0,19.0,1.10,77557,450,387.71,50.20,0.0,0.0,0.13,0.23,10.31,65.0,11,5.7,332314,0,0.0000,200000.0,21995880,21995880,656,0
1785446621,1073753464,1183617024,1073741824,17012595,0,80282,93400,22071508,18831827,18831827,23258786,124,3,26,7.0,5.9,62.2,52.2,114.4,73.0,81.0,19.0,1.10,77663,450,387.89,50.20,0.0,0.0,0.13,0.23,10.37,57.0,0,5.7,332314,0,0.0000,199996.9,22071511,22071511,656,1968
1785446622,1073748192,1183617024,1073741824,17080924,0,80938,93398,22147260,18907572,18907572,23352183,125,1,27,6.9,6.8,59.2,55.3,114.5,73.0,81.0,19.0,1.10,77827,450,389.06,50.20,0.0,0.0,0.13,0.23,10.34,63.0,11,5.7,332314,0,0.0000,200000.0,22147261,22147261,656,656
1785446624,1073748576,1183211520,1073741824,17149631,0,81364,93970,22223353,18983666,18983666,23446152,125,0,23,7.2,6.6,64.8,49.8,114.6,35.5,81.0,19.0,1.10,39106,229,195.47,25.60,0.0,0.0,0.13,0.24,5.21,31.0,0,5.8,332314,0,0.0000,200000.0,22223353,22223353,656,0
1785446625,1073750424,1183342592,1073741824,17216039,0,80099,90765,22296728,19057043,19057043,23536916,125,9,36,7.9,6.6,65.8,47.9,113.7,78.0,81.0,19.0,1.10,75861,441,416.96,49.19,0.0,0.0,0.16,0.23,12.17,69.0,0,6.3,332314,0,0.0000,199993.9,22296737,22296737,656,5904
1785446626,1073721864,1183383552,1073741824,17283335,0,78702,91826,22371025,19131313,19131313,23628741,125,0,23,8.0,6.8,62.9,51.9,114.8,71.0,81.0,19.0,1.10,76280,450,381.49,50.20,0.0,0.0,0.13,0.23,10.06,63.0,11,5.8,332314,0,0.0000,200000.0,22371025,22371025,656,0
1785446627,1073754496,1183113216,1073741824,17350547,0,78871,91852,22445392,19205716,19205716,23720592,126,0,16,7.9,6.2,64.4,50.5,114.9,72.0,81.0,19.0,1.10,76428,450,381.78,50.20,0.0,0.0,0.13,0.23,10.09,65.0,0,5.8,332314,0,0.0000,199992.9,22445392,22445392,656,0
1785446628,1073728504,1183449088,1073741824,17418103,0,79009,92265,22520134,19280429,19280429,23812856,127,0,22,6.6,7.1,51.5,63.6,115.1,74.0,81.0,19.0,1.10,76926,441,384.66,49.19,0.0,0.0,0.13,0.23,10.11,59.0,3,5.7,332314,0,0.0000,200000.0,22520134,22520134,656,0
1785446629,1073727320,1183612928,1073741824,17485630,0,79116,92324,22595114,19355401,19355401,23905179,127,0,30,7.4,5.9,59.4,55.5,114.9,72.0,81.0,19.0,1.10,77025,450,384.66,50.20,0.0,0.0,0.13,0.23,10.21,61.0,0,5.7,332314,0,0.0000,200000.0,22595114,22595114,656,0
1785446631,1073758032,1183567872,1073741824,17553525,0,80123,92709,22670192,19430499,19430499,23997887,128,1,37,7.0,7.2,60.9,53.9,114.8,36.0,81.0,19.0,1.10,38613,225,193.14,25.10,0.0,0.0,0.13,0.23,5.16,32.0,3,5.8,332314,0,0.0000,199998.7,22670193,22670193,656,656
1785446632,1073863600,1183485952,1073741824,17621510,0,80383,92804,22745314,19505630,19505630,24090690,128,167,149,6.7,6.7,62.9,51.9,114.8,75.0,81.0,19.0,1.10,76880,441,421.96,49.19,0.0,0.0,0.16,0.23,12.56,67.0,0,6.2,332314,0,0.0005,199893.6,22745481,22745314,656,0
1785446633,1073759568,1183363072,1073741824,17687435,0,78544,89952,22818210,19578543,19578543,24180641,128,4,16,6.9,7.2,59.8,53.8,113.6,73.0,81.0,19.0,1.10,75582,459,377.94,51.20,0.0,0.0,0.13,0.24,9.95,62.0,20,5.8,332314,0,0.0001,199985.5,22818214,22818214,656,2624
1785446634,1073752224,1183416320,1073741824,17754381,0,78470,91400,22892204,19652529,19652529,24272040,128,1,10,6.8,7.0,63.3,51.3,114.6,72.0,81.0,19.0,1.10,76151,441,381.20,49.19,0.0,0.0,0.13,0.23,10.07,57.0,12,5.8,332314,0,0.0000,199992.1,22892205,22892205,656,656
1785446635,1073744640,1183502336,1073741824,17820947,0,78342,90990,22966026,19726334,19726334,24363029,129,0,24,6.7,6.9,59.9,54.7,114.6,71.0,81.0,19.0,1.10,75848,441,380.00,49.19,0.0,0.0,0.13,0.23,10.07,58.0,35,5.8,332314,0,0.0000,200000.0,22966026,22966026,656,0
1785446636,1073755072,1183588352,1073741824,17887257,0,78188,90652,23039579,19799896,19799896,24453680,131,2,23,7.4,6.4,58.7,55.7,114.4,71.0,81.0,19.0,1.10,75637,433,378.75,48.31,0.0,1.0,0.13,0.23,10.07,64.0,0,5.7,332314,0,0.0000,199993.3,23039581,23039581,656,1312
1785446638,1073731160,1183588352,1073741824,17954109,0,78929,91594,23113797,19874093,19874093,24545273,131,0,18,7.2,6.6,59.8,54.9,114.7,35.5,81.0,19.0,1.10,38164,220,190.53,24.60,0.0,0.0,0.13,0.23,5.05,31.5,30,5.7,332314,0,0.0000,200000.0,23113797,23113797,656,0
1785446639,1073740536,1182924800,1073741824,18020765,0,79358,91316,23187605,19947917,19947917,24636588,132,0,21,7.2,6.6,58.2,56.2,114.4,72.0,81.0,19.0,1.10,75924,441,380.62,49.19,0.0,0.0,0.13,0.23,9.90,59.0,10,5.8,332314,0,0.0000,200000.0,23187605,23187605,656,0
1785446640,1073730760,1222901760,1073741824,18086869,0,78529,90386,23260784,20021081,20021081,24726973,132,0,23,7.5,6.1,63.5,50.4,113.9,74.0,81.0,19.0,1.14,75528,450,415.15,50.20,0.0,0.0,0.16,0.23,12.01,61.0,10,6.3,332314,0,0.0000,200000.0,23260784,23260784,656,0
1785446641,1073749912,1183637504,1073741824,18153282,0,78227,90927,23334537,20094859,20094859,24817899,133,1,11,7.0,6.7,67.5,47.4,114.9,72.0,81.0,19.0,1.10,75843,441,379.43,49.19,0.0,0.0,0.13,0.23,9.90,61.0,10,5.8,332314,0,0.0000,199993.9,23334538,23334538,656,656
1785446642,1073746768,1183412224,1073741824,18220072,0,78228,91269,23408417,20168723,20168723,24909167,133,1,33,6.8,6.7,57.6,57.5,115.1,72.0,81.0,19.0,1.10,76052,443,380.03,49.19,0.0,0.0,0.13,0.23,10.06,63.0,14,5.7,332314,0,0.0000,200000.0,23408418,23408418,656,656
1785446643,1073762576,1183674368,1073741824,18286407,0,78202,90794,23481955,20242277,20242277,24999960,133,0,24,6.7,6.7,54.4,60.3,114.7,71.0,81.0,19.0,1.10,75496,441,377.18,49.19,0.0,0.0,0.13,0.24,9.95,62.0,12,5.7,332314,0,0.0000,199996.6,23481955,23481955,656,0
1785446645,1073736552,1183584256,1073741824,18352851,0,78668,90772,23555326,20315625,20315625,25090731,134,0,29,6.6,7.2,61.3,53.2,114.5,36.0,81.0,19.0,1.10,75442,432,377.97,48.19,0.0,0.0,0.13,0.23,9.90,64.0,10,5.8,332314,0,0.0000,200000.0,23555326,23555326,656,0
1785446646,1073748904,1183621120,1073741824,18419446,0,78968,90994,23629029,20389337,20389337,25181724,135,2,32,7.5,6.1,69.3,45.2,114.5,71.0,81.0,19.0,1.10,37882,220,189.42,24.60,0.0,0.0,0.13,0.23,5.12,32.0,10,5.8,332314,0,0.0000,199996.2,23629031,23629031,656,1312
1785446647,1073750160,1199325184,1073741824,18485746,0,78987,90688,23702509,20462818,20462818,25272411,136,5,40,7.8,6.4,58.5,55.4,113.9,75.0,81.0,19.0,1.12,75887,450,417.21,50.20,0.0,0.0,0.16,0.23,12.10,61.0,6,6.3,332314,0,0.0000,199993.4,23702514,23702514,656,3280
1785446648,1073751368,1183596544,1073741824,18553081,0,79544,92233,23777186,20537502,20537502,25364643,136,1,15,7.0,6.5,63.1,51.1,114.2,71.0,81.0,19.0,1.10,76726,450,386.01,50.20,0.0,0.0,0.13,0.23,10.15,56.0,39,5.8,332314,0,0.0000,199994.2,23777187,23777187,656,656
1785446649,1073753424,1183596544,1073741824,18620478,0,79541,92244,23851915,20612232,20612232,25456886,136,1,30,6.9,7.1,58.7,55.6,114.3,71.0,81.0,19.0,1.10,76833,450,384.07,50.20,0.0,0.0,0.13,0.23,10.24,61.0,14,5.8,332314,0,0.0000,199992.7,23851916,23851916,656,656
1785446650,1073745792,1183191040,1073741824,18688282,0,79953,92840,23927300,20687598,20687598,25549725,137,0,47,7.8,6.1,64.1,50.1,114.2,71.0,81.0,19.0,1.10,77440,450,387.43,50.20,1.0,0.0,0.13,0.23,10.36,65.0,23,5.8,332314,0,0.0000,200000.0,23927300,23927300,656,0
1785446651,1073722960,1183457280,1073741824,18756433,0,80993,93371,24002723,20763012,20763012,25643095,138,0,16,6.2,7.7,52.2,62.1,114.3,71.0,81.0,19.0,1.10,77471,450,388.21,50.20,0.0,0.0,0.13,0.23,10.37,65.0,0,5.8,332314,0,0.0000,200000.0,24002723,24002723,656,0
1785446653,1073750832,1183457280,1073741824,18824426,0,81133,93039,24078135,20838452,20838452,25736133,139,1,16,7.3,6.7,65.0,49.0,114.0,35.5,81.0,19.0,1.10,38811,225,194.40,25.10,0.0,0.0,0.13,0.23,5.18,32.5,22,5.8,332314,0,0.0000,199996.9,24078136,24078136,656,656
1785446654,1073728560,1183186944,1073741824,18892164,0,80810,92717,24153313,20913613,20913613,25828849,139,0,13,6.8,7.0,61.2,53.1,114.3,74.0,81.0,19.0,1.10,76985,441,410.08,49.19,0.0,0.0,0.14,0.23,11.14,62.0,56,6.1,332314,0,0.0000,200000.0,24153313,24153313,656,0
1785446655,1073756056,1224650752,1073741824,18959089,0,80053,91612,24227616,20987943,20987943,25920460,139,1,11,7.0,6.5,60.6,52.5,113.1,71.0,81.0,19.0,1.14,76944,459,399.73,51.20,0.0,0.0,0.15,0.23,11.75,58.0,11,6.0,332314,0,0.0000,199992.2,24227617,24227617,656,656
1785446656,1073752168,1183502336,1073741824,19026918,0,80208,92974,24302897,21063221,21063221,26013433,139,1,10,6.3,7.6,53.1,61.1,114.2,71.0,81.0,19.0,1.10,77376,450,387.68,50.20,0.0,0.0,0.13,0.23,10.32,62.0,0,5.8,332314,0,0.0000,199991.7,24302898,24302898,656,656
1785446657,1073731608,1183502336,1073741824,19094551,0,80149,92518,24377791,21138090,21138090,26105950,139,0,16,6.6,7.2,59.4,54.5,113.9,70.0,81.0,19.0,1.10,77025,441,386.34,49.19,0.0,0.0,0.13,0.23,10.36,61.0,19,5.8,332314,0,0.0000,200000.0,24377791,24377791,656,0
1785446658,1073734304,1183502336,1073741824,19162559,0,80234,93127,24453319,21213616,21213616,26199076,140,0,30,7.1,6.6,53.1,61.0,114.1,71.0,81.0,19.0,1.10,77578,450,387.56,50.20,0.0,0.0,0.13,0.23,10.46,63.0,0,5.7,332314,0,0.0000,200000.0,24453319,24453319,656,0
1785446660,1073757864,1183502336,1073741824,19229350,0,79942,91321,24527388,21287714,21287714,26290396,140,2,17,7.2,7.0,66.1,48.1,114.2,35.5,81.0,19.0,1.10,76135,443,381.54,49.44,0.0,0.0,0.13,0.23,10.06,62.0,33,5.8,332314,0,0.0000,199991.4,24527390,24527390,656,1312
1785446661,1073751864,1183612928,1073741824,19295589,0,78501,90721,24601077,21361390,21361390,26381116,140,1,30,7.4,7.5,69.9,44.9,114.8,71.0,81.0,19.0,1.10,37889,219,189.51,24.47,0.0,0.0,0.13,0.23,5.01,32.0,10,5.7,332314,0,0.0000,200000.0,24601078,24601078,656,656
1785446662,1073730960,1223581696,1073741824,19361608,0,78252,90377,24674160,21434453,21434453,26471492,140,0,28,7.9,6.7,61.1,53.0,114.1,76.0,81.0,19.0,1.14,75371,450,415.18,50.20,0.0,0.0,0.16,0.23,12.07,63.0,8,6.3,332314,0,0.0000,200000.0,24674160,24674160,656,0
1785446663,1073748000,1183211520,1073741824,19429097,0,79107,92428,24748846,21509163,21509163,26563919,141,0,15,7.2,6.6,60.3,54.2,114.5,71.0,81.0,19.0,1.10,76780,450,384.94,50.20,0.0,0.0,0.13,0.23,10.26,63.0,11,5.8,332314,0,0.0000,199996.9,24748846,24748846,656,0
1785446664,1073753384,1183211520,1073741824,19496264,0,79574,91890,24823393,21583713,21583713,26655808,141,1,22,7.1,6.5,62.5,51.6,114.1,71.0,81.0,19.0,1.10,76675,441,384.61,49.19,0.0,0.0,0.13,0.23,10.27,64.0,14,5.8,332314,0,0.0000,200000.0,24823394,24823394,656,656
1785446665,1073752432,1183211520,1073741824,19561935,0,77811,89837,24896213,21656532,21656532,26745644,142,1,15,7.9,5.9,69.3,45.2,114.5,70.0,81.0,19.0,1.10,74911,432,375.29,48.19,0.0,0.0,0.13,0.23,9.88,63.0,13,5.8,332314,0,0.0000,199993.7,24896214,24896214,656,656
1785446666,1073728688,1183268864,1073741824,19628263,0,78262,90770,24969522,21729809,21729809,26836413,142,0,29,7.4,5.9,62.7,51.8,114.5,72.0,81.0,19.0,1.10,75379,441,377.94,49.19,0.0,0.0,0.13,0.23,10.10,61.0,27,5.8,332314,0,0.0000,200000.0,24969522,24969522,656,0
1785446668,1073746832,1183399936,1073741824,19694763,0,78803,90957,25043070,21803385,21803385,26927369,142,1,18,7.4,6.2,67.8,46.8,114.6,35.5,81.0,19.0,1.10,37892,216,189.62,24.09,0.0,0.0,0.13,0.23,4.99,29.0,0,5.7,332314,0,0.0000,200000.0,25043071,25043071,656,656
1785446669,1073754856,1224163328,1073741824,19760927,0,78360,90417,25116514,21876830,21876830,27017785,144,11,38,7.7,6.3,71.2,43.1,114.3,76.0,81.0,19.0,1.14,75735,443,417.24,49.44,0.0,0.0,0.16,0.23,12.18,61.0,36,6.3,332314,0,0.0001,199988.7,25116525,25116525,656,7216
1785446670,1073746480,1183399936,1073741824,19827175,0,77879,90492,25189896,21950210,21950210,27108276,145,3,28,6.7,6.4,52.8,61.8,114.6,71.0,81.0,19.0,1.10,75527,448,378.25,49.95,0.0,0.0,0.13,0.23,9.99,63.0,8,5.8,332314,0,0.0000,200000.0,25189899,25189899,656,1968
1785446671,1073732048,1183399936,1073741824,19895496,0,79380,93495,25265718,22026012,22026012,27201770,146,0,33,7.3,6.6,60.8,53.9,114.7,71.0,81.0,19.0,1.10,77914,450,391.08,50.20,0.0,0.0,0.13,0.23,10.47,65.0,0,5.8,332314,0,0.0000,200000.0,25265718,25265718,656,0
1785446672,1073758768,1183322112,1073741824,19963411,0,80486,93102,25341251,22101584,22101584,27294871,147,1,12,6.9,6.9,63.5,50.6,114.1,71.0,81.0,19.0,1.10,77641,452,389.48,50.20,0.0,0.0,0.13,0.23,10.34,60.0,12,5.8,332314,0,0.0000,199993.4,25341252,25341252,656,656
1785446673,1073754000,1183322112,1073741824,20031075,0,80200,92742,25416432,22176734,22176734,27387612,148,0,48,6.8,7.4,60.0,54.0,114.0,71.0,81.0,19.0,1.10,77225,450,387.04,50.20,0.0,0.0,0.13,0.23,10.48,66.0,0,5.8,332314,0,0.0000,199998.4,25416432,25416432,656,0
1785446675,1073752216,1183367168,1073741824,20099095,0,81048,93152,25491967,22252286,22252286,27480763,148,1,18,7.6,6.2,63.1,51.1,114.2,35.0,81.0,19.0,1.10,38836,225,194.45,25.10,0.0,0.0,0.13,0.23,5.25,33.0,44,5.8,332314,0,0.0000,199995.4,25491968,25491968,656,656
1785446676,1073753592,1183367168,1073741824,20167191,0,81157,93185,25567416,22327724,22327724,27573947,149,1,29,7.8,6.3,65.5,48.6,114.1,73.0,81.0,19.0,1.10,77617,450,389.11,50.20,0.0,0.0,0.13,0.23,10.41,64.0,15,5.8,332314,0,0.0000,199997.5,25567417,25567417,656,656
1785446677,1073752424,1183473664,1073741824,20234740,0,80641,92380,25642251,22402564,22402564,27666326,149,0,31,7.7,6.3,68.1,45.1,113.2,73.0,81.0,19.0,1.10,77265,459,425.97,51.20,0.0,0.0,0.16,0.23,12.66,62.0,40,6.3,332314,0,0.0000,199999.2,25642251,25642251,656,0
1785446678,1073754448,1183428608,1073741824,20302662,0,80467,93015,25717560,22477879,22477879,27759340,149,1,22,7.1,7.2,58.0,56.0,114.0,72.0,81.0,19.0,1.10,77416,450,388.85,50.20,0.0,0.0,0.13,0.23,10.48,66.0,16,5.8,332314,0,0.0000,199993.9,25717561,25717561,656,656
1785446679,1073748432,1183404032,1073741824,20370631,0,80265,93073,25792936,22553254,22553254,27852412,149,1,20,7.1,7.0,61.6,52.7,114.3,72.0,81.0,19.0,1.10,77460,441,388.07,49.19,0.0,0.0,0.13,0.23,10.32,65.0,0,5.7,332314,0,0.0000,200000.0,25792937,25792937,656,656
1785446680,1073744304,1183404032,1073741824,20438436,0,80312,92827,25868201,22628505,22628505,27945238,149,0,27,7.4,6.2,59.9,53.9,113.8,71.0,81.0,19.0,1.10,77356,450,388.45,50.20,0.0,0.0,0.13,0.23,10.35,59.0,11,5.8,332314,0,0.0000,200000.0,25868201,25868201,656,0
1785446682,1073752512,1183404032,1073741824,20506397,0,80829,92938,25943242,22703537,22703537,28038175,150,2,51,7.5,6.3,74.0,40.0,114.0,71.0,81.0,19.0,1.10,77149,450,386.66,50.20,0.0,0.0,0.13,0.23,10.42,63.0,11,5.8,332314,0,0.0000,199998.1,25943244,25943244,656,1312
1785446683,1073731560,1183375360,1073741824,20574939,0,81355,93870,26019422,22779715,22779715,28132044,150,0,17,6.8,7.1,54.7,59.7,114.4,35.5,81.0,19.0,1.10,39153,225,195.94,25.10,0.0,0.0,0.13,0.23,5.23,31.5,16,5.7,332314,0,0.0000,200000.0,26019422,26019422,656,0
1785446684,1073728192,1183424512,1073741824,20642849,0,81995,92977,26094700,22855002,22855002,28225020,150,0,9,6.9,7.4,59.9,52.9,112.8,75.0,81.0,19.0,1.10,77732,459,429.79,51.20,0.0,0.0,0.17,0.23,13.29,66.0,0,6.3,332314,0,0.0000,200000.0,26094700,26094700,656,0
1785446685,1073752984,1226153984,1073741824,20711724,0,81676,94317,26171294,22931615,22931615,28319336,151,1,18,7.3,6.6,66.9,46.9,113.8,72.0,81.0,19.0,1.14,78763,459,395.79,51.20,0.0,0.0,0.13,0.23,10.62,58.0,14,5.8,332314,0,0.0000,199993.4,26171295,26171295,656,656
1785446686,1073740984,1183399936,1073741824,20780888,0,81750,94583,26247974,23008272,23008272,28413918,152,0,42,7.4,6.5,63.0,51.0,114.0,70.0,81.0,19.0,1.10,78875,459,395.07,51.20,0.0,0.0,0.13,0.23,10.70,61.0,15,5.8,332314,0,0.0000,200000.0,26247974,26247974,656,0
1785446687,1073751472,1183399936,1073741824,20849700,0,81667,94276,26324252,23084571,23084571,28508193,152,1,13,7.2,7.1,61.4,52.5,113.9,71.0,81.0,19.0,1.10,78412,459,392.66,51.20,0.0,0.0,0.13,0.23,10.60,65.0,15,5.8,332314,0,0.0000,199996.2,26324253,26324253,656,656
1785446688,1073747048,1183399936,1073741824,20918165,0,81729,93799,26400260,23160562,23160562,28601991,152,0,45,7.5,5.8,65.9,47.9,113.8,70.0,81.0,19.0,1.10,78066,450,391.70,50.20,0.0,0.0,0.13,0.23,10.58,62.0,0,5.8,332314,0,0.0000,200000.0,26400260,26400260,656,0
1785446690,1073755448,1183399936,1073741824,20987002,0,82172,94299,26476605,23236921,23236921,28696289,152,1,30,7.3,6.5,61.9,51.9,113.8,36.0,81.0,19.0,1.10,39242,225,196.69,25.10,0.0,0.0,0.13,0.23,5.28,28.0,10,5.8,332314,0,0.0000,199993.7,26476606,26476606,656,656
1785446691,1073722104,1183399936,1073741824,21055862,0,82426,94404,26552816,23313102,23313102,28790692,153,0,18,6.9,7.3,57.9,55.9,113.8,71.0,81.0,19.0,1.10,78316,459,393.08,51.20,0.0,0.0,0.13,0.23,10.54,62.0,21,5.8,332314,0,0.0000,200000.0,26552816,26552816,656,0
1785446692,1073755208,1226260480,1073741824,21124177,0,81761,93534,26628621,23388932,23388932,28884225,153,11,38,6.8,6.6,51.6,61.5,113.1,75.0,81.0,19.0,1.14,78110,459,431.16,51.20,0.0,0.0,0.16,0.23,12.98,64.0,20,6.3,332314,0,0.0000,199993.7,26628632,26628632,656,7216
1785446693,1073758360,1183387648,1073741824,21192721,0,81528,93858,26704530,23464860,23464860,28978082,154,1,12,7.5,5.9,67.8,45.8,113.6,71.0,81.0,19.0,1.10,78270,450,392.77,50.20,0.0,0.0,0.13,0.23,10.62,58.0,15,5.8,332314,0,0.0000,199996.1,26704531,26704531,656,656
1785446694,1073749984,1183387648,1073741824,21261601,0,81445,94340,26780856,23541173,23541173,29072421,155,2,26,6.7,7.0,56.9,56.9,113.8,73.0,81.0,19.0,1.10,78430,459,393.29,51.20,0.0,0.0,0.14,0.23,10.77,69.0,15,5.8,332314,0,0.0000,199998.1,26780858,26780858,656,1312
1785446695,1073733328,1183145984,1073741824,21328291,0,79726,91259,26854801,23615104,23615104,29163679,155,0,25,7.4,6.2,61.8,51.9,113.7,71.0,81.0,19.0,1.10,76183,441,382.58,49.19,0.0,0.0,0.14,0.24,10.67,61.0,0,5.8,332314,0,0.0000,200000.0,26854801,26854801,656,0
1785446696,1073746000,1183133696,1073741824,21397481,0,80783,94792,26931763,23692065,23692065,29258470,156,0,35,7.1,6.6,65.7,48.7,114.4,74.0,81.0,19.0,1.10,78918,455,395.81,50.70,0.0,0.0,0.13,0.23,10.51,66.0,25,5.8,332314,0,0.0000,200000.0,26931763,26931763,656,0
1785446698,1073746928,1183318016,1073741824,21466253,0,81744,93988,27007892,23768208,23768208,29352457,156,1,16,7.0,6.6,61.1,53.1,114.2,36.5,81.0,19.0,1.10,39173,227,196.99,25.35,0.0,0.0,0.14,0.24,5.47,30.0,4,5.8,332314,0,0.0000,200000.0,27007893,27007893,656,656
1785446699,1073919144,1183318016,1073741824,21535030,0,82507,94219,27084030,23844372,23844372,29446675,157,240,200,6.9,6.8,59.7,53.8,113.5,75.0,81.0,19.0,1.10,78249,450,433.02,50.20,0.0,0.0,0.16,0.23,12.80,63.0,1,6.3,332314,0,0.0008,199838.7,27084270,27084030,656,0
1785446700,1073751040,1182834688,1073741824,21603199,0,81064,93295,27159676,23919999,23919999,29539969,157,1,11,7.7,6.1,76.8,36.8,113.6,74.0,81.0,19.0,1.10,78105,468,391.45,52.20,0.0,0.0,0.14,0.24,10.72,65.0,0,5.8,332314,0,0.0000,199993.3,27159677,27159677,656,656
1785446701,1073752904,1183010816,1073741824,21672491,0,81725,94880,27236584,23996911,23996911,29634848,157,1,11,7.1,6.5,59.1,55.1,114.2,73.0,81.0,19.0,1.10,79115,459,397.86,51.20,0.0,0.0,0.13,0.23,10.72,60.0,1,5.8,332314,0,0.0000,199998.1,27236585,27236585,656,656
1785446702,1073746184,1183129600,1073741824,21740762,0,80871,93566,27312402,24072718,24072718,29728413,158,0,24,6.9,7.0,60.6,53.6,114.2,72.0,81.0,19.0,1.10,77888,451,390.63,50.20,0.0,0.0,0.14,0.24,10.88,64.0,14,5.8,332314,0,0.0000,200000.0,27312402,27312402,656,0
1785446703,1073748016,1183166464,1073741824,21809646,0,81296,94439,27389012,24149310,24149310,29822851,158,0,40,7.6,6.0,60.5,53.6,114.1,72.0,81.0,19.0,1.10,78784,451,396.50,50.20,0.0,0.0,0.13,0.23,10.65,65.0,0,5.8,332314,0,0.0000,200000.0,27389012,27389012,656,0
1785446705,1073750792,1183166464,1073741824,21878586,0,81787,94269,27465463,24225780,24225780,29917119,158,2,12,6.5,7.5,57.2,57.2,114.4,36.5,81.0,19.0,1.10,39305,229,196.83,25.60,0.0,0.0,0.14,0.24,5.51,31.0,0,5.8,332314,0,0.0000,199995.8,27465465,27465465,656,1312
1785446706,1073747352,1183166464,1073741824,21948196,0,82673,95176,27542520,24302827,24302827,30012294,158,0,40,6.8,6.8,63.6,50.6,114.2,73.0,81.0,19.0,1.10,79225,459,397.15,51.20,0.0,0.0,0.13,0.23,10.77,66.0,1,5.8,332314,0,0.0000,200000.0,27542520,27542520,656,0
1785446707,1073750200,1189289984,1073741824,22016671,0,82149,93565,27618253,24378550,24378550,30105858,158,0,43,8.1,6.7,65.8,47.8,113.6,77.0,81.0,19.0,1.11,78011,459,431.57,51.20,0.0,0.0,0.17,0.24,13.17,61.0,10,6.3,332314,0,0.0000,200000.0,27618253,27618253,656,0
1785446708,1073753632,1183084544,1073741824,22085807,0,81933,94661,27694918,24455242,24455242,30200518,158,1,13,6.9,6.8,58.9,54.9,113.8,73.0,81.0,19.0,1.10,79003,459,397.56,51.20,0.0,0.0,0.13,0.23,10.55,59.0,0,5.8,332314,0,0.0000,199997.9,27694919,27694919,656,656
1785446709,1073750296,1183387648,1073741824,22154653,0,81135,94108,27771205,24531525,24531525,30294625,158,1,17,7.8,6.4,64.7,49.8,114.5,72.0,81.0,19.0,1.10,78456,450,394.03,50.20,0.0,0.0,0.14,0.24,10.83,63.0,8,5.8,332314,0,0.0000,199995.6,27771206,27771206,656,656
1785446710,1073756416,1183387648,1073741824,22224044,0,81837,95004,27848364,24608688,24608688,30389628,160,1,15,7.9,6.0,67.1,47.1,114.2,74.0,81.0,19.0,1.10,79363,459,398.69,51.20,0.0,0.0,0.13,0.23,10.73,60.0,0,5.8,332314,0,0.0000,199997.4,27848365,27848365,656,656
1785446712,1073732040,1182957568,1073741824,22292946,0,81756,94244,27924496,24684789,24684789,30483871,160,0,29,7.4,6.9,56.6,57.6,114.2,72.0,81.0,19.0,1.10,78267,459,393.13,51.20,0.0,0.0,0.14,0.24,11.03,61.0,0,5.8,332314,0,0.0000,200000.0,27924496,27924496,656,0
1785446713,1073753224,1183219712,1073741824,22362125,0,82532,94840,28001482,24761805,24761805,30578710,160,1,18,6.7,7.0,55.6,58.5,114.1,36.5,81.0,19.0,1.10,39612,225,198.75,25.10,0.0,0.0,0.13,0.23,5.32,27.5,0,5.8,332314,0,0.0000,199990.3,28001483,28001483,656,656
1785446714,1073755048,1183268864,1073741824,22430060,0,81802,93104,28077024,24837342,24837342,30671813,160,8,37,6.6,6.6,62.7,50.8,113.5,77.0,81.0,19.0,1.10,78004,459,432.07,51.20,1.0,0.0,0.17,0.24,13.55,67.0,0,6.3,332314,0,0.0000,199991.0,28077032,28077032,656,5248
1785446715,1073754088,1183395840,1073741824,22499161,0,81737,94698,28153649,24913970,24913970,30766510,161,1,25,7.3,7.3,63.5,50.6,114.1,73.0,81.0,19.0,1.10,78749,459,395.26,51.20,0.0,0.0,0.13,0.23,10.69,62.0,0,5.8,332314,0,0.0000,199993.8,28153650,28153650,656,656
1785446716,1073752184,1183395840,1073741824,22567769,0,81140,93971,28229887,24990210,24990210,30860480,161,1,11,6.8,7.2,59.2,55.2,114.4,73.0,81.0,19.0,1.10,78333,459,393.23,51.20,0.0,0.0,0.14,0.24,10.83,58.0,0,5.8,332314,0,0.0000,199993.1,28229888,28229888,656,656
1785446717,1073750008,1183518720,1073741824,22636980,0,81689,94880,28306847,25067165,25067165,30955359,161,1,17,7.2,7.2,62.6,51.6,114.2,73.0,81.0,19.0,1.10,79114,450,397.27,50.20,0.0,0.0,0.14,0.23,10.83,74.0,0,5.8,332314,0,0.0000,199998.4,28306848,28306848,656,656
1785446718,1073751528,1183518720,1073741824,22705129,0,80701,93383,28382444,25142766,25142766,31048741,161,1,13,7.1,6.8,60.1,54.1,114.2,72.0,81.0,19.0,1.10,77724,450,390.64,50.20,0.0,0.0,0.15,0.24,11.71,60.0,0,5.8,332314,0,0.0000,199998.8,28382445,28382445,656,656
1785446720,1073749288,1183637504,1073741824,22774459,0,82046,95005,28459404,25219706,25219706,31143745,162,1,42,7.0,6.1,61.4,52.5,113.9,36.5,81.0,19.0,1.10,39550,229,198.16,25.60,0.0,0.0,0.13,0.23,5.34,30.0,0,5.8,332314,0,0.0000,199998.4,28459405,28459405,656,656
1785446721,1073728056,1183653888,1073741824,22843249,0,81972,94089,28535550,25295837,25295837,31237833,162,0,25,7.4,6.6,67.3,47.2,114.5,75.0,81.0,19.0,1.10,78312,458,394.16,51.20,0.0,0.0,0.14,0.24,11.24,61.0,13,5.8,332314,0,0.0000,200000.0,28535550,28535550,656,0
1785446722,1073730400,1227300864,1073741824,22912322,0,81811,94493,28612089,25372388,25372388,31332325,162,0,22,7.2,6.7,55.7,57.7,113.4,76.0,81.0,19.0,1.14,79041,469,437.92,52.20,0.0,0.0,0.16,0.23,13.06,65.0,0,6.3,332314,0,0.0000,200000.0,28612089,28612089,656,0
1785446723,1073736568,1183653888,1073741824,22980955,0,81089,93852,28688185,25448483,25448483,31426176,162,0,33,6.6,6.9,64.7,49.8,114.5,72.0,81.0,19.0,1.10,78232,450,392.54,50.20,0.0,0.0,0.14,0.24,11.23,56.0,0,5.8,332314,0,0.0000,200000.0,28688185,28688185,656,0
1785446724,1073758496,1183653888,1073741824,23050613,0,81609,95189,28765183,25525514,25525514,31521364,162,1,12,7.5,6.0,63.6,50.7,114.3,73.0,81.0,19.0,1.10,79216,459,398.25,51.20,0.0,0.0,0.13,0.23,10.74,64.0,10,5.8,332314,0,0.0000,199992.9,28765184,28765184,656,656
1785446725,1073745760,1183666176,1073741824,23118445,0,80376,92718,28840371,25600680,25600680,31614081,164,3,28,6.7,7.3,59.7,54.6,114.3,74.0,81.0,19.0,1.10,77236,441,388.80,49.19,0.0,0.0,0.14,0.24,11.03,61.0,9,5.8,332314,0,0.0000,199996.2,28840374,28840374,656,1968
1785446727,1073752192,1183666176,1073741824,23188153,0,81899,95304,28917641,25677947,25677947,31709384,165,1,35,7.2,6.7,57.6,56.7,114.3,36.5,81.0,19.0,1.10,79349,459,398.08,51.20,0.0,0.0,0.13,0.23,10.65,57.0,0,5.8,332314,0,0.0000,199998.8,28917642,28917642,656,656
1785446728,1073724080,1183666176,1073741824,23256901,0,82039,94049,28993671,25753959,25753959,31803432,165,0,21,7.7,6.4,71.2,43.2,114.4,73.0,81.0,19.0,1.10,39099,225,197.28,25.10,0.0,0.0,0.14,0.24,5.60,29.5,9,5.8,332314,0,0.0000,200000.0,28993671,28993671,656,0
1785446729,1073771592,1210273792,1073741824,23325594,0,81764,93838,29069712,25830020,25830020,31897269,166,4,24,7.1,6.5,63.5,49.6,113.1,78.0,81.0,19.0,1.13,78559,468,434.94,52.20,0.0,0.0,0.17,0.23,13.10,65.0,0,6.3,332314,0,0.0001,199982.2,29069716,29069716,656,2624
1785446730,1073726512,1183666176,1073741824,23396001,0,82626,96214,29147370,25907660,25907660,31993482,168,0,23,6.3,7.4,58.2,56.2,114.4,72.0,81.0,19.0,1.10,79857,459,401.47,51.20,0.0,0.0,0.14,0.23,10.90,59.0,5,5.8,332314,0,0.0000,200000.0,29147370,29147370,656,0
1785446731,1073742584,1183666176,1073741824,23466962,0,84051,97192,29226132,25986435,25986435,32090673,169,0,40,8.6,5.4,80.5,33.4,113.9,73.0,81.0,19.0,1.10,81086,468,409.48,52.20,0.0,0.0,0.14,0.23,11.51,69.0,0,5.8,332314,0,0.0000,200000.0,29226132,29226132,656,0
1785446732,1073751160,1183666176,1073741824,23538062,0,84140,97373,29305254,26065577,26065577,32188045,169,1,15,7.4,5.4,65.9,47.9,113.8,71.0,81.0,19.0,1.10,81356,477,408.69,53.21,0.0,0.0,0.14,0.23,11.17,57.0,2,5.8,332314,0,0.0000,200000.0,29305255,29305255,656,656
1785446733,1073746968,1183612928,1073741824,23609155,0,84765,97365,29384087,26144397,26144397,32285409,171,0,25,7.1,6.1,59.0,55.0,114.0,72.0,81.0,19.0,1.10,80991,470,407.88,52.21,0.0,0.0,0.14,0.23,11.06,54.0,0,5.8,332314,0,0.0000,199998.3,29384087,29384087,656,0
1785446735,1073758376,1183612928,1073741824,23680227,0,84889,97321,29462911,26223232,26223232,32382729,171,1,20,6.6,7.0,60.9,52.9,113.8,36.0,81.0,19.0,1.10,40507,234,203.38,26.10,0.0,0.0,0.14,0.23,5.59,28.0,0,5.8,332314,0,0.0001,199989.7,29462912,29462912,656,656
1785446736,1073751944,1183719424,1073741824,23751405,0,85098,97490,29541907,26302235,26302235,32480218,173,1,10,7.8,6.8,65.3,48.4,113.7,74.0,81.0,19.0,1.10,81283,468,408.40,52.20,0.0,0.0,0.14,0.23,11.21,72.0,12,5.8,332314,0,0.0000,199993.8,29541908,29541908,656,656
1785446737,1073750128,1228939264,1073741824,23821793,0,84486,96262,29620109,26380429,26380429,32576479,173,1,13,7.5,6.0,65.8,46.8,112.6,76.0,81.0,19.0,1.14,80653,477,447.00,53.21,1.0,0.0,0.17,0.23,13.90,52.0,7,6.3,332314,0,0.0000,199995.1,29620110,29620110,656,656
1785446738,1073757088,1183780864,1073741824,23892813,0,84110,97186,29698937,26459268,26459268,32673664,174,3,14,5.8,7.8,45.8,67.8,113.6,71.0,81.0,19.0,1.10,81106,468,407.84,52.20,0.0,0.0,0.14,0.23,11.13,51.0,14,5.8,332314,0,0.0001,199988.0,29698940,29698940,656,1968
1785446739,1073748600,1183703040,1073741824,23963692,0,84074,97115,29777718,26538035,26538035,32770778,175,1,23,6.1,8.7,43.8,69.9,113.7,73.0,81.0,19.0,1.10,81016,468,407.33,52.20,0.0,0.0,0.14,0.23,11.25,49.0,0,5.8,332314,0,0.0000,199997.4,29777719,29777719,656,656
1785446740,1073719560,1183703040,1073741824,24032796,0,82576,94585,29854355,26614640,26614640,32865362,175,0,15,6.5,6.9,57.4,56.3,113.7,71.0,81.0,19.0,1.10,78694,459,396.61,51.20,0.0,0.0,0.14,0.23,10.90,57.0,0,5.8,332314,0,0.0000,200000.0,29854355,29854355,656,0
1785446742,1073750704,1183170560,1073741824,24102055,0,82616,94773,29931030,26691347,26691347,32960134,175,2,25,7.1,6.8,63.9,49.9,113.8,70.0,81.0,19.0,1.10,78827,450,396.27,50.20,0.0,0.0,0.14,0.23,10.79,65.0,16,5.8,332314,0,0.0000,199997.9,29931032,29931032,656,1312
1785446743,1073755032,1183199232,1073741824,24171344,0,82798,94791,30007843,26768169,26768169,33054924,175,1,15,6.6,6.8,57.0,57.0,114.0,35.0,81.0,19.0,1.10,39501,229,198.57,25.60,0.0,0.0,0.14,0.23,5.42,30.0,15,5.8,332314,0,0.0000,199991.6,30007844,30007844,656,656
1785446744,1073741968,1183199232,1073741824,24239895,0,82548,93655,30083460,26843757,26843757,33148578,176,0,45,7.1,6.0,65.4,47.3,112.7,74.0,81.0,19.0,1.10,78040,450,432.58,50.20,0.0,0.0,0.17,0.23,13.17,57.0,14,6.3,332314,0,0.0000,200000.0,30083460,30083460,656,0
1785446745,1073754280,1183621120,1073741824,24309189,0,81937,94648,30160111,26920416,26920416,33243225,176,1,34,7.6,6.1,62.4,51.4,113.8,73.0,81.0,19.0,1.10,78837,468,396.61,52.20,0.0,0.0,0.14,0.23,10.76,58.0,10,5.8,332314,0,0.0000,199991.6,30160112,30160112,656,656
1785446746,1073739520,1183621120,1073741824,24378371,0,81867,94579,30236825,26997122,26997122,33337803,176,0,40,6.9,8.1,57.4,56.5,113.9,70.0,81.0,19.0,1.10,78870,450,396.30,50.20,0.0,0.0,0.13,0.23,10.69,62.0,6,5.8,332314,0,0.0000,200000.0,30236825,30236825,656,0
1785446747,1073747984,1183625216,1073741824,24447450,0,81712,94435,30313342,27073664,27073664,33432237,176,0,11,7.1,6.1,63.9,49.9,113.8,71.0,81.0,19.0,1.10,78717,459,395.71,51.20,0.0,0.0,0.14,0.23,10.82,57.0,13,5.8,332314,0,0.0000,199997.8,30313342,30313342,656,0
1785446748,1073747952,1183088640,1073741824,24516250,0,81480,94085,30389552,27149866,27149866,33526321,177,1,24,6.8,7.5,58.9,54.9,113.8,69.0,81.0,19.0,1.10,78275,450,393.68,50.20,0.0,0.0,0.14,0.23,10.78,61.0,36,5.8,332314,0,0.0000,200000.0,30389553,30389553,656,656
1785446750,1073749944,1183289344,1073741824,24585432,0,82199,94404,30466003,27226320,27226320,33620724,177,2,32,6.7,6.7,54.4,59.4,113.8,36.0,81.0,19.0,1.10,39309,229,197.57,25.60,0.0,0.0,0.14,0.23,5.43,30.0,16,5.8,332314,0,0.0000,199996.5,30466005,30466005,656,1312
1785446751,1073742280,1183289344,1073741824,24654540,0,82526,94452,30542380,27302673,27302673,33715175,177,0,47,6.9,7.0,55.4,58.3,113.7,71.0,81.0,19.0,1.10,78478,450,394.85,50.20,0.0,0.0,0.14,0.23,10.80,60.0,10,5.8,332314,0,0.0000,200000.0,30542380,30542380,656,0
1785446752,1073752408,1227165696,1073741824,24722713,0,81709,93378,30618150,27378464,27378464,33808552,179,10,39,7.3,7.0,61.6,51.5,113.1,74.0,81.0,19.0,1.14,78071,459,432.94,51.20,0.0,0.0,0.17,0.23,13.52,58.0,2,6.3,332314,0,0.0000,199993.4,30618160,30618160,656,6560
1785446753,1073757880,1182969856,1073741824,24791425,0,81472,94002,30694258,27454576,27454576,33902553,179,1,21,7.2,6.6,61.7,51.8,113.5,70.0,81.0,19.0,1.10,78311,459,394.00,51.20,0.0,0.0,0.13,0.23,10.59,64.0,14,5.8,332314,0,0.0000,199992.0,30694259,30694259,656,656
1785446754,1073757320,1182994432,1073741824,24860233,0,81406,94140,30770396,27530709,27530709,33996692,179,1,31,7.4,6.4,60.4,53.3,113.7,71.0,81.0,19.0,1.10,78316,450,393.75,50.20,0.0,0.0,0.14,0.23,10.70,66.0,39,5.8,332314,0,0.0000,199991.6,30770397,30770397,656,656
1785446755,1073754800,1183510528,1073741824,24929198,0,81597,94350,30847021,27607347,27607347,34091041,179,1,14,7.0,7.0,55.8,57.8,113.6,71.0,81.0,19.0,1.10,78728,450,396.60,50.20,0.0,0.0,0.14,0.23,10.78,63.0,25,5.8,332314,0,0.0001,199990.1,30847022,30847022,656,656
1785446756,1073756040,1183252480,1073741824,24998391,0,82385,94686,30923912,27684226,27684226,34185726,179,1,31,7.1,7.1,59.9,53.9,113.8,70.0,81.0,19.0,1.10,79143,459,397.96,51.20,0.0,0.0,0.14,0.23,10.87,66.0,43,5.8,332314,0,0.0000,200000.0,30923913,30923913,656,656
1785446758,1073753336,1183354880,1073741824,25067512,0,82546,94388,31000370,27760692,27760692,34280113,179,2,17,8.0,5.9,72.8,40.9,113.7,35.5,81.0,19.0,1.10,39322,229,197.67,25.60,0.0,0.0,0.14,0.23,5.44,29.5,23,5.8,332314,0,0.0000,199996.8,31000372,31000372,656,1312
1785446759,1073747768,1183342592,1073741824,25136607,0,82464,94453,31076948,27837263,27837263,34374565,180,1,20,6.7,7.6,57.3,56.4,113.7,73.0,81.0,19.0,1.10,78398,450,435.48,50.20,0.0,0.0,0.17,0.23,13.06,61.0,0,6.3,332314,0,0.0000,199997.5,31076949,31076949,656,656
1785446760,1073749936,1227186176,1073741824,25205158,0,82001,93663,31152635,27912943,27912943,34468227,181,1,33,6.9,6.8,58.5,54.4,112.9,72.0,81.0,19.0,1.14,78635,468,395.26,52.20,0.0,0.0,0.14,0.23,10.85,60.0,26,5.8,332314,0,0.0000,200000.0,31152636,31152636,656,656
1785446761,1073752016,1183506432,1073741824,25274507,0,82038,94756,31229323,27989649,27989649,34562982,181,1,12,7.3,6.2,66.4,47.4,113.8,70.0,81.0,19.0,1.10,78901,450,397.57,50.20,0.0,0.0,0.14,0.23,10.87,60.0,0,5.8,332314,0,0.0000,199999.0,31229324,31229324,656,656
1785446762,1073746872,1183993856,1073741824,25343650,0,81930,94496,31305732,28066054,28066054,34657477,181,1,14,6.8,6.6,64.8,48.9,113.7,71.0,81.0,19.0,1.10,78627,450,395.64,50.20,0.0,0.0,0.13,0.23,10.64,60.0,0,5.8,332314,0,0.0000,199999.2,31305733,31305733,656,656
1785446763,1073750200,1183879168,1073741824,25412654,0,81666,94295,31382124,28142430,28142430,34751771,181,1,42,6.9,6.7,61.8,51.9,113.7,71.0,81.0,19.0,1.10,78612,461,395.60,51.20,0.0,0.0,0.14,0.23,10.85,58.0,11,5.8,332314,0,0.0000,200000.0,31382125,31382125,656,656
1785446765,1073730992,1183608832,1073741824,25481906,0,82483,94563,31458895,28219192,28219192,34846333,182,0,20,7.5,6.1,66.4,47.3,113.7,35.0,81.0,19.0,1.10,78872,459,396.67,51.20,0.0,0.0,0.14,0.23,10.81,62.0,0,5.8,332314,0,0.0000,200000.0,31458895,31458895,656,0
1785446766,1073755816,1183666176,1073741824,25551234,0,82656,94653,31535439,28295763,28295763,34940985,182,2,20,7.4,6.5,63.9,49.9,113.8,70.0,81.0,19.0,1.10,39365,225,198.26,25.10,0.0,0.0,0.14,0.23,5.42,32.0,10,5.8,332314,0,0.0000,199995.4,31535441,31535441,656,1312
1785446767,1073744480,1183698944,1073741824,25619707,0,82535,93545,31611195,28371487,28371487,35034529,182,2,54,8.0,6.3,67.4,45.3,112.7,75.0,81.0,19.0,1.10,78234,459,434.11,51.20,0.0,0.0,0.17,0.23,13.25,63.0,22,6.3,332314,0,0.0000,199997.5,31611197,31611197,656,1312
1785446768,1073746976,1183371264,1073741824,25688781,0,81700,94379,31687660,28447975,28447975,35128907,182,1,18,7.6,6.6,59.8,53.8,113.6,71.0,81.0,19.0,1.10,78630,459,396.12,51.20,0.0,0.0,0.14,0.23,10.78,63.0,17,5.8,332314,0,0.0000,200000.0,31687661,31687661,656,656
1785446769,1073737104,1183387648,1073741824,25757269,0,81421,93634,31763530,28523820,28523820,35222540,182,0,36,6.6,7.0,58.5,55.4,113.9,71.0,81.0,19.0,1.10,78078,450,393.14,50.20,0.0,0.0,0.14,0.23,10.70,54.0,6,5.8,332314,0,0.0000,200000.0,31763530,31763530,656,0
1785446770,1073727488,1183387648,1073741824,25826268,0,80677,94263,31839768,28600054,28600054,35316802,184,0,36,7.9,6.2,65.4,49.3,114.7,70.0,81.0,19.0,1.10,78406,450,393.57,50.20,0.0,0.0,0.14,0.23,10.71,61.0,16,5.8,332314,0,0.0000,200000.0,31839768,31839768,656,0
1785446771,1073752328,1183838208,1073741824,25895489,0,81780,94655,31916435,28676741,28676741,35411456,184,1,44,7.7,6.0,64.4,49.3,113.7,72.0,81.0,19.0,1.10,78822,459,397.67,51.20,0.0,0.0,0.14,0.23,10.88,61.0,37,5.8,332314,0,0.0000,199995.8,31916436,31916436,656,656
1785446773,1073740368,1183780864,1073741824,25965042,0,82803,94999,31993212,28753511,28753511,35506454,184,0,42,7.4,7.0,62.5,51.4,113.9,35.0,81.0,19.0,1.10,39455,225,198.38,25.10,0.0,0.0,0.14,0.23,5.44,33.5,0,5.8,332314,0,0.0000,200000.0,31993212,31993212,656,0
1785446774,1073749720,1183780864,1073741824,26034132,0,82648,94518,32069595,28829907,28829907,35600971,185,1,23,7.3,6.4,65.9,47.9,113.8,72.0,81.0,19.0,1.10,78547,459,395.66,51.20,0.0,0.0,0.14,0.23,10.79,64.0,10,5.8,332314,0,0.0000,199999.5,32069596,32069596,656,656
1785446775,1073751320,1227919360,1073741824,26102870,0,82142,93851,32145531,28905849,28905849,35694821,185,2,24,7.1,6.5,57.4,55.4,112.8,73.0,81.0,19.0,1.14,78493,459,436.37,51.20,0.0,0.0,0.17,0.23,13.29,64.0,0,6.3,332314,0,0.0000,200000.0,32145533,32145533,656,1312
1785446776,1073752328,1183518720,1073741824,26172019,0,81974,94603,32222048,28982375,28982375,35789423,186,1,9,6.9,6.7,68.8,44.9,113.7,71.0,81.0,19.0,1.10,78655,459,396.02,51.20,0.0,0.0,0.14,0.23,10.84,60.0,11,5.8,332314,0,0.0000,199998.7,32222049,32222049,656,656
1785446777,1073751848,1183518720,1073741824,26241425,0,82032,94933,32298717,29059027,29059027,35884355,186,1,38,7.2,6.3,62.9,50.9,113.8,71.0,81.0,19.0,1.10,78742,450,395.75,50.20,0.0,0.0,0.13,0.23,10.73,61.0,35,5.8,332314,0,0.0000,199997.1,32298718,32298718,656,656
1785446778,1073730552,1183518720,1073741824,26310550,0,81780,94430,32375331,29135625,29135625,35978784,186,0,23,7.3,6.2,64.9,48.9,113.8,71.0,81.0,19.0,1.10,78784,459,396.98,51.20,0.0,0.0,0.14,0.23,10.89,62.0,0,5.8,332314,0,0.0000,200000.0,32375331,32375331,656,0
1785446780,1073753176,1183526912,1073741824,26379546,0,82154,94226,32451786,29212104,29212104,36073009,187,1,21,6.9,6.8,63.4,50.3,113.7,71.0,81.0,19.0,1.10,78573,450,396.17,50.20,0.0,0.0,0.14,0.23,10.94,55.0,12,5.8,332314,0,0.0000,199998.7,32451787,32451787,656,656
1785446781,1073725216,1183604736,1073741824,26448855,0,82388,94601,32528494,29288783,29288783,36167609,187,0,23,7.0,6.9,59.3,54.4,113.7,34.5,81.0,19.0,1.10,39443,229,198.43,25.60,0.0,0.0,0.14,0.23,5.49,30.0,0,5.8,332314,0,0.0000,200000.0,32528494,32528494,656,0
1785446782,1073741672,1183465472,1073741824,26517444,0,82594,93696,32604365,29364672,29364672,36261304,187,0,35,6.9,6.7,62.8,49.9,112.7,75.0,81.0,19.0,1.10,78489,450,435.48,50.20,0.0,0.0,0.17,0.23,13.36,61.0,1,6.3,332314,0,0.0000,200000.0,32604365,32604365,656,0
1785446783,1073729512,1183145984,1073741824,26586540,0,81664,94249,32680721,29441013,29441013,36355552,187,0,24,7.4,6.4,59.9,53.9,113.8,74.0,81.0,19.0,1.10,78366,468,394.74,52.20,0.0,0.0,0.14,0.23,11.27,65.0,23,5.8,332314,0,0.0000,200000.0,32680721,32680721,656,0
1785446784,1073728928,1183670272,1073741824,26655812,0,81696,94656,32757455,29517745,29517745,36450207,187,0,24,7.5,7.0,60.9,53.0,113.9,72.0,81.0,19.0,1.10,78896,450,397.03,50.20,0.0,0.0,0.14,0.23,10.88,61.0,43,5.8,332314,0,0.0000,200000.0,32757455,32757455,656,0
1785446785,1073736992,1183670272,1073741824,26724481,0,81320,93702,32833256,29593553,29593553,36543908,188,0,33,7.1,6.7,59.0,55.0,114.0,71.0,81.0,19.0,1.10,77918,450,391.97,50.20,0.0,0.0,0.14,0.23,10.68,62.0,14,5.8,332314,0,0.0000,200000.0,32833256,32833256,656,0
1785446786,1073718848,1183670272,1073741824,26793788,0,81708,94631,32909834,29670118,29670118,36638538,189,0,18,7.5,6.1,66.9,46.9,113.8,71.0,81.0,19.0,1.10,78637,459,395.97,51.20,0.0,0.0,0.14,0.23,10.82,62.0,0,5.8,332314,0,0.0000,200000.0,32909834,32909834,656,0
1785446788,1073745144,1183531008,1073741824,26862751,0,82503,94427,32986396,29746710,29746710,36732964,190,2,27,7.3,6.8,64.8,48.9,113.7,35.5,81.0,19.0,1.10,39330,225,197.85,25.10,0.0,0.0,0.14,0.23,5.36,34.0,7,5.8,332314,0,0.0000,199998.0,32986398,32986398,656,1312
1785446789,1073736920,1183531008,1073741824,26931704,0,82322,94343,33062643,29822941,29822941,36827306,190,0,31,7.4,6.6,65.4,48.5,113.9,72.0,81.0,19.0,1.10,78341,450,394.61,50.20,0.0,0.0,0.14,0.23,11.05,65.0,20,5.8,332314,0,0.0000,200000.0,33062643,33062643,656,0
1785446790,1073745288,1227833344,1073741824,27000210,0,81769,93673,33138550,29898846,29898846,36920978,190,3,50,7.5,7.2,57.0,56.0,113.0,75.0,81.0,19.0,1.14,78451,468,435.35,52.20,0.0,0.0,0.17,0.23,13.24,61.0,0,6.3,332314,0,0.0000,199995.6,33138553,33138553,656,1968
1785446791,1073725952,1183395840,1073741824,27069271,0,81849,94473,33215206,29975494,29975494,37015450,190,0,20,7.1,6.9,61.8,51.8,113.6,70.0,81.0,19.0,1.10,78750,450,397.24,50.20,0.0,0.0,0.14,0.23,10.84,61.0,22,5.8,332314,0,0.0000,200000.0,33215206,33215206,656,0
1785446792,1073736696,1183395840,1073741824,27138352,0,81809,94487,33291784,30052083,30052083,37109936,191,0,37,7.3,6.6,60.9,52.9,113.8,72.0,81.0,19.0,1.10,78647,459,395.59,51.20,0.0,0.0,0.14,0.23,10.81,63.0,18,5.8,332314,0,0.0000,200000.0,33291784,33291784,656,0
1785446793,1073755432,1183395840,1073741824,27207142,0,81557,94058,33367983,30128301,30128301,37203993,192,1,22,7.6,6.0,60.8,52.8,113.6,70.0,81.0,19.0,1.10,78365,452,394.61,50.20,0.0,0.0,0.14,0.23,10.78,65.0,0,5.8,332314,0,0.0000,200000.0,33367984,33367984,656,656
1785446794,1073752240,1182998528,1073741824,27300659,0,83289,96667,33446219,30206679,30206679,37300659,192,0,14,6.6,6.9,53.7,59.8,113.5,72.0,81.0,19.0,1.10,80501,468,404.77,52.20,0.0,0.0,0.13,0.23,10.96,61.0,8,5.8,332314,0,0.0000,199993.6,33446219,33446219,656,0
1785446796,1073740664,1183027200,1073741824,27397598,0,84980,96940,33524708,30285169,30285169,37397598,194,0,3,7.2,6.3,53.6,59.6,113.2,35.5,81.0,19.0,1.10,40374,229,204.08,25.60,0.0,0.0,0.14,0.23,5.52,29.5,0,5.8,332314,0,0.0000,200000.0,33524708,33524708,656,0
1785446797,1073757864,1183027200,1073741824,27494745,0,85043,97148,33603314,30363784,30363784,37494745,194,1,10,7.1,6.8,56.2,57.2,113.4,74.0,81.0,19.0,1.10,80628,468,409.78,52.20,0.0,0.0,0.14,0.23,11.03,68.0,20,5.8,332314,0,0.0001,199989.1,33603315,33603315,656,656
1785446798,1073735792,1228652544,1073741824,27590644,0,84335,95900,33681112,30441562,30441562,37590644,196,0,7,7.8,6.2,69.1,43.3,112.4,75.0,81.0,19.0,1.14,80504,477,444.96,53.21,0.0,0.0,0.17,0.23,13.66,67.0,1,6.3,332314,0,0.0000,200000.0,33681112,33681112,656,0
1785446799,1073756368,1183322112,1073741824,27687357,0,83883,96714,33759383,30519849,30519849,37687357,196,3,16,7.6,7.0,66.2,47.2,113.4,72.0,81.0,19.0,1.10,80557,459,406.12,51.20,0.0,0.0,0.14,0.23,11.08,72.0,0,5.8,332314,0,0.0001,199988.8,33759386,33759386,656,1968
1785446800,1073763152,1183637504,1073741824,27784061,0,83857,96705,33837578,30598047,30598047,37784061,197,2,18,6.6,7.0,57.5,55.6,113.1,74.0,81.0,19.0,1.10,80376,468,404.75,52.20,0.0,0.0,0.13,0.23,10.89,63.0,0,5.8,332314,0,0.0001,199989.3,33837580,33837580,656,1312
1785446801,1073759328,1183358976,1073741824,27880931,0,83874,96871,33916144,30676606,30676606,37880931,197,1,20,7.9,6.1,62.6,50.7,113.3,72.0,81.0,19.0,1.10,80729,468,406.14,52.20,0.0,0.0,0.14,0.23,11.03,72.0,13,5.8,332314,0,0.0001,199987.3,33916145,33916145,656,656
1785446803,1073745528,1183088640,1073741824,27977535,0,84547,96605,33994447,30754909,30754909,37977535,199,3,10,7.5,6.8,65.0,48.0,113.0,72.0,81.0,19.0,1.10,80515,459,405.62,51.20,0.0,0.0,0.14,0.23,10.99,68.0,19,5.8,332314,0,0.0000,199998.8,33994450,33994448,656,656
1785446804,1073738160,1187520512,1073741824,28074400,0,84828,96866,34072735,30833187,30833187,38074400,201,0,9,6.8,6.8,63.6,49.7,113.3,36.0,81.0,19.0,1.11,40245,234,202.82,26.10,0.5,0.0,0.13,0.23,5.32,30.0,0,5.8,332314,0,0.0000,200000.0,34072735,34072735,656,0
1785446805,1073743896,1187569664,1073741824,28172967,0,86526,98568,34152510,30912970,30912970,38172967,202,1,12,7.6,6.9,62.6,49.7,112.3,77.0,81.0,19.0,1.11,82471,477,459.59,53.21,0.0,0.0,0.17,0.23,13.81,68.0,0,6.3,332314,0,0.0000,200000.0,34152511,34152511,656,656
1785446806,1073748856,1234337792,1073741824,28272204,0,86450,99238,34232721,30993175,30993175,38272204,203,1,13,7.1,6.7,56.6,56.7,113.3,76.0,81.0,19.0,1.15,82440,486,415.46,54.21,0.0,0.0,0.14,0.23,11.26,57.0,6,5.8,332314,0,0.0000,199997.1,34232722,34232722,656,656
1785446807,1073738680,1187680256,1073741824,28371595,0,86008,99392,34313331,31073783,31073783,38371595,204,0,10,7.2,6.5,64.3,49.2,113.5,75.0,81.0,19.0,1.11,82946,477,417.34,53.21,0.0,0.0,0.14,0.23,11.32,66.0,14,5.8,332314,0,0.0000,200000.0,34313331,34313331,656,0
1785446808,1073743248,1187753984,1073741824,28471327,0,86152,99733,34394091,31154552,31154552,38471327,204,0,10,7.2,7.5,57.7,55.8,113.5,74.0,81.0,19.0,1.11,83023,477,418.41,53.21,0.0,0.0,0.14,0.23,11.51,78.0,14,5.8,332314,0,0.0000,200000.0,34394091,34394091,656,0
1785446809,1073729808,1187377152,1073741824,28570735,0,86192,99409,34474730,31235175,31235175,38570735,206,0,2,7.3,6.7,60.6,52.7,113.3,73.0,81.0,19.0,1.11,82810,477,417.65,53.21,0.0,0.0,0.14,0.25,11.50,64.0,12,5.8,332314,0,0.0002,199955.9,34474730,34474730,656,0
1785446811,1073738680,1187667968,1073741824,28669497,0,86385,98763,34554859,31315311,31315311,38669497,206,0,10,7.7,6.7,61.6,51.7,113.3,37.5,81.0,19.0,1.11,82438,477,415.84,53.21,0.0,0.0,0.14,0.23,11.60,69.0,12,5.8,332314,0,0.0000,200000.0,34554859,34554859,656,0
1785446812,1073748688,1187717120,1073741824,28769041,0,86832,99545,34635552,31396011,31396011,38769041,207,1,17,6.9,7.6,63.1,50.1,113.2,72.0,81.0,19.0,1.11,41516,238,209.27,26.60,0.0,0.0,0.14,0.23,5.69,32.0,14,5.8,332314,0,0.0000,199998.1,34635553,34635553,656,656
1785446813,1073758584,1234685952,1073741824,28867279,0,86279,98239,34715201,31475663,31475663,38867279,207,9,29,6.6,6.9,58.2,54.1,112.3,80.0,81.0,19.0,1.15,82316,486,458.62,54.21,0.0,0.0,0.17,0.23,14.38,61.0,3,6.3,332314,0,0.0000,199996.5,34715210,34715210,656,5904
1785446814,1073736536,1182658560,1073741824,28966416,0,86008,99138,34795446,31555898,31555898,38966416,207,0,6,7.1,6.8,60.6,52.7,113.3,74.0,81.0,19.0,1.10,82517,477,415.54,53.21,0.0,0.0,0.14,0.23,11.29,61.0,8,5.8,332314,0,0.0000,200000.0,34795446,34795446,656,0
1785446815,1073754792,1182658560,1073741824,29066065,0,86273,99650,34876238,31636701,31636701,39066065,207,0,13,7.2,6.8,62.6,50.7,113.3,74.0,81.0,19.0,1.10,83125,486,418.40,54.21,0.0,0.0,0.14,0.23,11.44,61.0,1,5.8,332314,0,0.0000,199993.1,34876238,34876238,656,0
1785446816,1073753400,1182658560,1073741824,29165702,0,86310,99638,34956608,31717069,31717069,39165702,207,1,14,6.7,6.9,55.6,57.7,113.3,74.0,81.0,19.0,1.10,82650,477,416.68,53.21,0.0,0.0,0.14,0.23,11.38,65.0,8,5.8,332314,0,0.0000,199991.3,34956609,34956609,656,656
1785446817,1073746856,1182658560,1073741824,29265369,0,86289,99668,35037133,31797564,31797564,39265369,208,5,59,8.1,6.3,69.7,43.7,113.4,74.0,81.0,19.0,1.10,82825,477,417.70,53.21,0.0,0.0,0.14,0.23,11.38,73.0,15,5.8,332314,0,0.0000,199996.7,35037138,35037138,656,3280
1785446819,1073753040,1182658560,1073741824,29364605,0,86973,99237,35117478,31877941,31877941,39364605,209,1,14,7.9,5.4,63.6,49.7,113.3,36.5,81.0,19.0,1.10,41305,238,208.04,26.60,0.0,0.0,0.14,0.23,5.70,33.0,1,5.8,332314,0,0.0000,199995.6,35117479,35117479,656,656
1785446820,1073752240,1182953472,1073741824,29464158,0,87008,99554,35198285,31958747,31958747,39464158,209,2,9,7.2,6.4,67.2,46.2,113.4,75.0,81.0,19.0,1.10,83105,477,419.57,53.21,0.0,0.0,0.13,0.23,11.32,62.0,0,5.8,332314,0,0.0000,199992.8,35198287,35198287,656,1312
1785446821,1073746432,1230663680,1073741824,29562875,0,86426,98718,35278076,32038531,32038531,39562875,209,3,23,6.9,6.8,54.7,57.8,112.5,80.0,81.0,19.0,1.15,82199,486,459.57,54.21,0.0,0.0,0.17,0.23,14.20,62.0,0,6.4,332314,0,0.0000,199998.0,35278079,35278079,656,1968
1785446822,1073756440,1182785536,1073741824,29661764,0,86105,98890,35358217,32118683,32118683,39661764,209,2,14,7.3,6.8,58.5,54.4,112.9,74.0,81.0,19.0,1.10,82615,478,417.08,53.33,0.0,1.0,0.14,0.23,11.47,66.0,18,5.8,332314,0,0.0000,199998.4,35358219,35358219,656,1312
1785446823,1073732784,1182765056,1073741824,29761014,0,85942,99251,35438446,32198897,32198897,39761014,209,0,0,6.8,7.4,55.7,57.6,113.3,73.0,81.0,19.0,1.10,82502,470,416.80,52.21,0.0,0.0,0.14,0.23,11.44,69.0,6,5.8,332314,0,0.0001,199986.7,35438446,35438446,656,0
1785446824,1073746224,1182765056,1073741824,29860508,0,86125,99495,35518761,32279223,32279223,39860508,210,4,11,7.2,6.7,71.1,42.1,113.2,74.0,81.0,19.0,1.10,82686,477,417.95,53.21,0.0,0.0,0.14,0.23,11.53,69.0,7,5.8,332314,0,0.0000,199998.8,35518765,35518761,656,0
1785446825,1073757464,1182511104,1073741824,29959916,0,86839,99409,35599321,32359780,32359780,39959916,211,2,29,7.5,6.5,66.2,47.2,113.4,75.0,81.0,19.0,1.10,82826,477,417.96,53.21,1.0,0.0,0.14,0.23,11.58,69.0,0,5.8,332314,0,0.0000,199998.3,35599323,35599323,656,1312
1785446827,1073747360,1182453760,1073741824,30059249,0,87021,99334,35679810,32440270,32440270,40059249,214,3,17,7.6,6.4,58.6,54.6,113.2,36.5,81.0,19.0,1.10,41447,243,209.39,27.11,0.0,0.0,0.14,0.23,5.76,35.0,5,5.8,332314,0,0.0000,199997.9,35679813,35679813,656,1968
1785446828,1073753264,1182588928,1073741824,30158619,0,86977,99371,35760262,32520721,32520721,40158619,214,1,14,6.7,7.1,58.7,54.6,113.3,76.0,81.0,19.0,1.10,82153,468,448.62,52.20,0.0,0.0,0.16,0.23,12.91,62.0,105,6.2,332314,0,0.0000,199992.9,35760263,35760263,656,656
1785446829,1073750464,1230749696,1073741824,30256451,0,86081,97833,35839486,32599939,32599939,40256451,214,2,26,6.9,7.3,53.5,58.6,112.1,78.0,81.0,19.0,1.15,82360,486,429.56,54.21,0.0,0.0,0.16,0.23,12.98,67.0,0,6.0,332314,0,0.0000,199998.4,35839488,35839488,656,1312
1785446830,1073743824,1182711808,1073741824,30355536,0,85809,99086,35919713,32680176,32680176,40355536,215,0,6,7.6,6.8,59.2,54.0,113.2,74.0,81.0,19.0,1.10,82422,477,416.25,53.21,0.0,0.0,0.14,0.23,11.48,67.0,14,5.8,332314,0,0.0000,200000.0,35919713,35919713,656,0
1785446831,1073766792,1182646272,1073741824,30454614,0,85894,99079,36000074,32760518,32760518,40454614,215,2,61,7.8,6.1,64.6,48.5,113.1,73.0,81.0,19.0,1.10,82546,477,418.25,53.21,0.0,0.0,0.14,0.23,11.63,71.0,7,5.8,332314,0,0.0001,199972.5,36000076,36000076,656,1312
1785446832,1073747376,1182928896,1073741824,30553947,0,85958,99334,36080392,32840846,32840846,40553947,215,4,26,7.3,7.1,58.7,54.6,113.3,76.0,81.0,19.0,1.10,82638,477,418.01,53.21,0.0,0.0,0.14,0.23,11.37,73.0,13,5.8,332314,0,0.0000,199999.3,36080396,36080396,656,2624
1785446834,1073736784,1182928896,1073741824,30653386,0,86820,99440,36160897,32921346,32921346,40653386,216,0,10,7.3,7.0,61.6,51.7,113.3,36.5,81.0,19.0,1.10,82740,477,418.14,53.21,0.0,0.0,0.14,0.23,11.51,64.0,0,5.8,332314,0,0.0000,200000.0,36160897,36160897,656,0
1785446835,1073752632,1182928896,1073741824,30753022,0,87168,99637,36241619,33002075,33002075,40753022,216,2,16,7.2,7.3,55.7,57.7,113.4,74.0,81.0,19.0,1.10,41519,243,210.09,27.11,0.0,0.0,0.14,0.23,5.78,34.5,15,5.8,332314,0,0.0000,199993.5,36241621,36241621,656,1312
1785446836,1073743880,1182928896,1073741824,30851708,0,87419,98687,36321470,33081932,33081932,40851708,217,0,10,7.0,7.2,58.5,53.6,112.1,79.0,81.0,19.0,1.10,82571,477,462.98,53.21,0.0,0.0,0.17,0.23,14.48,70.0,4,6.4,332314,0,0.0000,199999.6,36321470,36321470,656,0
1785446837,1073740056,1231548416,1073741824,30951140,0,86491,99433,36401941,33162396,33162396,40951140,218,0,9,8.0,6.4,64.6,48.6,113.2,75.0,81.0,19.0,1.15,82662,486,419.21,54.21,0.0,0.0,0.14,0.23,11.58,66.0,24,5.8,332314,0,0.0000,200000.0,36401941,36401941,656,0
1785446838,1073746016,1182789632,1073741824,31050538,0,86028,99399,36482411,33242854,33242854,41050538,219,4,41,7.3,6.5,63.2,50.2,113.4,74.0,81.0,19.0,1.10,82806,477,418.46,53.21,0.0,0.0,0.14,0.23,11.57,66.0,18,5.8,332314,0,0.0000,199998.2,36482415,36482415,656,2624
1785446839,1073762200,1182789632,1073741824,31149823,0,85980,99286,36562706,33323167,33323167,41149823,219,1,23,7.2,7.3,58.7,54.6,113.3,74.0,81.0,19.0,1.10,82583,477,417.59,53.21,0.0,0.0,0.14,0.23,11.49,69.0,23,5.8,332314,0,0.0000,199990.5,36562707,36562707,656,656
1785446840,1073752648,1182789632,1073741824,31249298,0,86809,99476,36643318,33403759,33403759,41249298,219,1,42,6.9,7.2,65.6,47.5,113.1,75.0,81.0,19.0,1.10,82869,477,419.15,53.21,0.0,0.0,0.14,0.23,11.55,66.0,0,5.8,332314,0,0.0000,199998.0,36643319,36643319,656,656
1785446842,1073733320,1182789632,1073741824,31349197,0,87224,99900,36724143,33484587,33484587,41349197,219,0,12,7.6,6.1,66.6,46.7,113.3,37.0,81.0,19.0,1.10,41520,238,210.10,26.60,0.0,0.0,0.14,0.23,5.78,36.0,0,5.8,332314,0,0.0000,200000.0,36724143,36724143,656,0
1785446843,1073754088,1182789632,1073741824,31448601,0,87187,99405,36804554,33564986,33564986,41448601,220,1,55,7.5,7.1,60.6,52.7,113.3,74.0,81.0,19.0,1.10,82664,477,418.37,53.21,0.0,0.0,0.14,0.23,11.55,70.0,0,5.8,332314,0,0.0000,199999.2,36804555,36804555,656,656
1785446844,1073757800,1230741504,1073741824,31546811,0,86276,98211,36884064,33644526,33644526,41546811,220,10,28,6.9,6.8,56.6,55.7,112.3,79.0,81.0,19.0,1.15,82177,486,460.38,54.21,0.0,0.0,0.17,0.23,14.38,64.0,0,6.4,332314,0,0.0000,199997.6,36884074,36884074,656,6560
1785446845,1073758232,1182355456,1073741824,31644580,0,85222,97770,36963357,33723820,33723820,41644580,220,1,17,7.6,6.6,67.5,45.6,113.1,75.0,81.0,19.0,1.10,81469,477,412.46,53.21,0.0,0.0,0.14,0.23,11.28,67.0,0,5.8,332314,0,0.0000,199995.4,36963358,36963358,656,656
1785446846,1073749784,1182842880,1073741824,31743983,0,85315,99404,37043712,33804164,33804164,41743983,220,1,26,7.1,7.1,60.2,53.2,113.4,74.0,81.0,19.0,1.10,82638,477,417.28,53.21,0.0,0.0,0.14,0.23,11.33,69.0,0,5.8,332314,0,0.0000,199999.8,37043713,37043713,656,656
1785446847,1073735496,1182748672,1073741824,31843318,0,85979,99336,37124077,33884529,33884529,41843318,221,0,4,7.1,6.6,63.6,49.7,113.3,75.0,81.0,19.0,1.10,82625,477,418.05,53.21,0.0,0.0,0.14,0.23,11.50,71.0,28,5.8,332314,0,0.0000,200000.0,37124077,37124077,656,0
1785446848,1073744792,1182834688,1073741824,31942908,0,86113,99591,37204732,33965186,33965186,41942908,222,3,20,6.7,7.2,56.7,56.6,113.3,75.0,81.0,19.0,1.10,83005,477,419.25,53.21,0.0,0.0,0.14,0.23,11.54,64.0,0,5.8,332314,0,0.0000,199999.8,37204735,37204735,656,1968
1785446850,1073752664,1182834688,1073741824,32042656,0,87256,99749,37285452,34045905,34045905,42042656,222,2,19,6.8,7.6,58.7,54.8,113.5,37.0,81.0,19.0,1.10,41491,238,209.55,26.60,0.0,0.0,0.14,0.23,5.79,34.0,8,5.8,332314,0,0.0000,199995.0,37285454,37285454,656,1312
1785446851,1073769440,1182834688,1073741824,32142211,0,87230,99556,37366258,34126703,34126703,42142211,222,10,57,7.5,6.4,64.7,48.6,113.3,76.0,81.0,19.0,1.10,83153,477,420.83,53.21,0.0,0.0,0.14,0.23,11.61,64.0,0,5.8,332314,0,0.0001,199973.4,37366268,37366268,656,6560
1785446852,1073860944,1231593472,1073741824,32241091,0,86659,98881,37446106,34206593,34206593,42241091,224,143,150,8.2,6.7,67.7,44.9,112.6,77.0,81.0,19.0,1.15,82329,486,462.65,54.21,0.0,0.0,0.18,0.23,14.54,70.0,17,6.4,332314,0,0.0005,199893.2,37446249,37446106,656,0
1785446853,1073736720,1182834688,1073741824,32340229,0,86291,99139,37526398,34286852,34286852,42340229,224,0,5,7.5,6.7,61.5,51.4,112.9,75.0,81.0,19.0,1.10,82847,479,419.31,53.21,0.0,0.0,0.14,0.23,11.54,68.0,19,5.8,332314,0,0.0000,200000.0,37526398,37526398,656,0
1785446854,1073757240,1183055872,1073741824,32439779,0,86008,99551,37607076,34367544,34367544,42439779,225,1,14,7.9,6.4,66.2,47.1,113.3,74.0,81.0,19.0,1.10,82836,486,419.11,54.21,0.0,0.0,0.14,0.23,11.43,71.0,11,5.8,332314,0,0.0000,199992.9,37607077,37607077,656,656
1785446855,1073749576,1182527488,1073741824,32539698,0,86362,99920,37687884,34448339,34448339,42539698,225,1,14,7.0,7.2,53.2,60.2,113.4,75.0,81.0,19.0,1.10,83136,477,419.86,53.21,0.0,0.0,0.14,0.23,11.87,69.0,0,5.8,332314,0,0.0000,199994.8,37687885,37687885,656,656
1785446857,1073740056,1182601216,1073741824,32636879,0,85645,97182,37766448,34526903,34526903,42636879,225,0,9,7.5,6.2,57.7,55.7,113.4,73.0,81.0,19.0,1.10,80892,468,409.31,52.20,0.0,0.0,0.14,0.23,11.32,72.0,0,5.8,332314,0,0.0000,200000.0,37766448,37766448,656,0
1785446858,1073740240,1182601216,1073741824,32733917,0,85032,97039,37844988,34605440,34605440,42733917,227,0,13,8.0,6.0,63.6,49.7,113.3,35.5,81.0,19.0,1.10,40379,234,203.96,26.10,0.0,0.0,0.14,0.23,5.63,33.5,0,5.8,332314,0,0.0000,200000.0,37844988,37844988,656,0
1785446859,1073744664,1182072832,1073741824,32831972,0,86223,98056,37924255,34684658,34684658,42831972,227,0,97,8.2,6.0,60.5,51.6,112.1,77.0,81.0,19.0,1.10,81990,468,459.59,52.20,0.0,0.0,0.18,0.23,14.62,73.0,0,6.4,332314,0,0.0000,200000.0,37924255,37924255,656,0
1785446860,1073749872,1182334976,1073741824,32931596,0,86268,99625,38004805,34765261,34765261,42931596,228,1,14,7.5,6.2,60.2,53.0,113.2,76.0,81.0,19.0,1.10,82722,495,418.21,55.21,0.0,0.0,0.14,0.23,11.46,68.0,16,5.8,332314,0,0.0000,199995.8,38004806,38004806,656,656
1785446861,1073737704,1182920704,1073741824,33031686,0,86530,100091,38085751,34846203,34846203,43031686,228,0,8,7.5,6.9,62.8,50.6,113.4,75.0,81.0,19.0,1.10,83308,477,420.87,53.21,0.0,0.0,0.14,0.23,11.83,67.0,0,5.8,332314,0,0.0000,200000.0,38085751,38085751,656,0
1785446862,1073760552,1182924800,1073741824,33131361,0,86535,99676,38166566,34927036,34927036,43131361,228,2,15,6.7,6.6,63.1,50.1,113.2,75.0,81.0,19.0,1.10,83174,477,420.33,53.21,0.0,0.0,0.14,0.23,11.55,65.0,7,5.8,332314,0,0.0001,199987.3,38166568,38166568,656,1312
1785446863,1073760592,1182924800,1073741824,33231081,0,86257,99721,38247003,35007474,35007474,43231081,228,0,15,7.4,6.7,62.3,51.1,113.4,73.0,81.0,19.0,1.10,82601,477,417.88,53.21,0.0,0.0,0.14,0.23,11.28,71.0,23,5.8,332314,0,0.0001,199990.0,38247003,38247003,656,0
1785446865,1073734280,1182924800,1073741824,33330585,0,86771,99505,38327589,35088037,35088037,43330585,229,0,8,7.2,6.9,61.8,51.7,113.5,37.5,81.0,19.0,1.10,82829,477,418.68,53.21,0.0,0.0,0.14,0.23,11.54,65.0,19,5.8,332314,0,0.0000,200000.0,38327589,38327589,656,0
1785446866,1073749624,1182924800,1073741824,33429138,0,86565,98554,38407347,35167789,35167789,43429138,229,2,42,7.3,6.7,64.7,48.6,113.3,74.0,81.0,19.0,1.10,41024,238,207.84,26.60,0.0,0.0,0.13,0.23,5.49,34.0,0,5.8,332314,0,0.0000,199997.0,38407349,38407349,656,1312
1785446867,1073740528,1182924800,1073741824,33527680,0,86651,98543,38487041,35247498,35247498,43527680,231,0,8,6.6,7.5,57.3,55.1,112.4,79.0,81.0,19.0,1.10,82372,477,461.29,53.21,0.0,0.0,0.17,0.23,13.91,67.0,16,6.4,332314,0,0.0000,200000.0,38487041,38487041,656,0
1785446868,1073739752,1182924800,1073741824,33626953,0,86104,99274,38567493,35327947,35327947,43626953,231,0,12,8.1,6.2,73.1,40.1,113.2,77.0,81.0,19.0,1.10,82709,486,418.53,54.21,0.0,0.0,0.14,0.23,11.73,78.0,4,5.8,332314,0,0.0000,200000.0,38567493,38567493,656,0
1785446869,1073751768,1182937088,1073741824,33726384,0,86090,99432,38648043,35408502,35408502,43726384,232,0,12,7.2,6.5,60.8,52.7,113.5,75.0,81.0,19.0,1.10,82857,477,418.70,53.21,0.0,0.0,0.14,0.23,11.71,68.0,0,5.8,332314,0,0.0000,199994.5,38648043,38648043,656,0
1785446870,1073753224,1183035392,1073741824,33826254,0,86382,99871,38728912,35489372,35489372,43826254,233,1,14,7.7,6.4,65.3,48.2,113.5,75.0,81.0,19.0,1.10,83096,477,420.24,53.21,0.0,0.0,0.14,0.23,11.62,75.0,13,5.8,332314,0,0.0000,199993.9,38728913,38728913,656,656
1785446871,1073753888,1183035392,1073741824,33925670,0,86853,99417,38809450,35569915,35569915,43925670,234,0,14,7.5,6.8,68.7,44.6,113.3,73.0,81.0,19.0,1.10,82873,486,419.96,54.21,0.0,0.0,0.14,0.23,11.63,74.0,2,5.8,332314,0,0.0000,199994.5,38809450,38809450,656,0
1785446873,1073739704,1183084544,1073741824,34025458,0,87281,99789,38890255,35650709,35650709,44025458,234,0,12,7.8,6.8,66.2,47.1,113.3,37.5,81.0,19.0,1.10,41509,238,210.05,26.60,0.0,0.0,0.14,0.23,5.70,36.5,11,5.8,332314,0,0.0000,200000.0,38890255,38890255,656,0
1785446874,1073751208,1183084544,1073741824,34125056,0,87283,99599,38971095,35731550,35731550,44125056,234,12,29,7.6,6.8,64.2,49.2,113.4,74.0,81.0,19.0,1.10,83154,477,421.53,53.21,0.0,0.0,0.14,0.23,11.61,68.0,4,5.8,332314,0,0.0000,199994.9,38971107,38971106,656,7216
1785446875,1073755176,1231970304,1073741824,34224096,0,86659,99041,39051384,35811852,35811852,44224096,234,5,11,7.6,6.7,65.3,47.1,112.4,80.0,81.0,19.0,1.15,82949,495,465.40,55.21,0.0,0.0,0.17,0.23,14.57,74.0,0,6.4,332314,0,0.0000,199991.3,39051389,39051389,656,3280
1785446876,1073741120,1182949376,1073741824,34323688,0,86468,99593,39132328,35892782,35892782,44323688,234,0,15,7.2,7.0,64.1,49.1,113.2,74.0,81.0,19.0,1.10,83165,477,419.93,53.21,0.0,0.0,0.14,0.23,11.65,74.0,29,5.8,332314,0,0.0000,200000.0,39132328,39132328,656,0
1785446877,1073754744,1182949376,1073741824,34423347,0,86474,99660,39213241,35973699,35973699,44423347,234,1,16,7.2,7.3,65.1,48.1,113.2,74.0,81.0,19.0,1.10,83167,477,420.23,53.21,0.0,0.0,0.14,0.23,11.62,76.0,14,5.8,332314,0,0.0000,199990.7,39213242,39213242,656,656
1785446878,1073748968,1182949376,1073741824,34523398,0,86402,100052,39294073,36054531,36054531,44523398,234,3,18,6.7,6.8,58.8,54.6,113.4,74.0,81.0,19.0,1.10,83222,486,421.12,54.21,0.0,0.0,0.14,0.23,11.58,63.0,0,5.8,332314,0,0.0000,199993.2,39294076,39294076,656,1968
1785446879,1073738656,1182949376,1073741824,34623214,0,87146,99817,39374899,36135356,36135356,44623214,236,0,4,7.2,6.8,64.2,49.2,113.4,74.0,81.0,19.0,1.10,83199,477,420.23,53.21,0.0,0.0,0.14,0.23,11.66,67.0,0,5.8,332314,0,0.0001,199977.3,39374899,39374899,656,0
1785446881,1073750880,1182949376,1073741824,34723126,0,87476,99913,39455863,36216296,36216296,44723126,236,1,54,7.1,6.9,56.7,56.6,113.3,38.0,81.0,19.0,1.10,41616,238,210.58,26.60,0.0,0.0,0.14,0.23,5.81,33.0,11,5.8,332314,0,0.0000,199998.7,39455864,39455864,656,656
1785446882,1073744616,1182949376,1073741824,34822819,0,87395,99694,39536716,36297176,36297176,44822819,236,1,12,7.8,6.1,66.2,47.2,113.4,75.0,81.0,19.0,1.10,82581,477,463.41,53.21,0.0,0.0,0.18,0.23,14.88,66.0,16,6.4,332314,0,0.0000,200000.0,39536717,39536716,656,0
1785446883,1073751128,1231577088,1073741824,34921218,0,86528,98400,39616399,36376848,36376848,44921218,236,1,30,7.6,6.5,64.5,47.6,112.1,78.0,81.0,19.0,1.15,82786,497,418.49,55.22,0.0,0.0,0.14,0.23,11.55,65.0,18,5.8,332314,0,0.0000,200000.0,39616400,39616400,656,656
1785446884,1073739520,1182949376,1073741824,35020853,0,86251,99636,39696992,36457447,36457447,45020853,236,0,10,7.7,6.9,62.6,50.7,113.3,75.0,81.0,19.0,1.10,82793,477,418.39,53.21,0.0,0.0,0.14,0.23,11.54,72.0,21,5.8,332314,0,0.0000,200000.0,39696992,39696992,656,0
1785446885,1073754144,1182982144,1073741824,35120407,0,86293,99555,39777580,36538042,36538042,45120407,237,1,15,7.1,6.7,55.2,58.1,113.3,74.0,81.0,19.0,1.10,82830,477,419.02,53.21,0.0,0.0,0.14,0.23,11.54,64.0,16,5.8,332314,0,0.0000,199992.3,39777581,39777581,656,656
1785446886,1073737536,1182334976,1073741824,35220196,0,86329,99790,39858387,36618841,36618841,45220196,237,0,7,7.2,6.8,66.2,47.2,113.4,74.0,81.0,19.0,1.10,83096,477,420.01,53.21,0.0,0.0,0.14,0.23,11.61,64.0,25,5.8,332314,0,0.0000,200000.0,39858387,39858387,656,0
1785446888,1073735816,1182334976,1073741824,35319789,0,87083,99594,39939074,36699520,36699520,45319789,238,0,12,6.9,7.0,62.2,51.1,113.3,37.5,81.0,19.0,1.10,82964,477,419.39,53.21,0.0,0.0,0.14,0.23,11.57,66.0,10,5.8,332314,0,0.0000,200000.0,39939074,39939074,656,0
1785446889,1073756344,1182597120,1073741824,35418340,0,86642,98552,40018953,36779417,36779417,45418340,238,1,14,7.2,7.0,59.1,54.1,113.2,76.0,81.0,19.0,1.10,41086,238,207.96,26.60,0.0,0.0,0.14,0.23,5.82,36.0,15,5.8,332314,0,0.0000,199999.6,40018954,40018954,656,656
1785446890,1073743336,1182597120,1073741824,35516978,0,86338,98639,40098868,36859331,36859331,45516978,238,0,7,6.8,6.8,54.5,58.2,112.7,79.0,81.0,19.0,1.10,82577,477,462.67,53.21,0.0,0.0,0.18,0.23,14.68,72.0,0,6.4,332314,0,0.0000,200000.0,40098868,40098868,656,0
1785446891,1073740784,1182625792,1073741824,35616577,0,86385,99600,40179698,36940155,36940155,45616577,238,0,10,7.6,6.0,61.6,51.5,113.1,76.0,81.0,19.0,1.10,83109,495,420.91,55.21,0.0,0.0,0.14,0.23,11.45,66.0,25,5.8,332314,0,0.0000,200000.0,40179698,40179698,656,0
1785446892,1073730888,1182625792,1073741824,35716462,0,86494,99886,40260506,37020954,37020954,45716462,238,0,0,7.5,6.5,63.1,50.1,113.2,74.0,81.0,19.0,1.10,83124,477,419.62,53.21,0.0,0.0,0.14,0.23,11.59,67.0,0,5.8,332314,0,0.0001,199975.9,40260506,40260506,656,0
1785446893,1073755760,1182687232,1073741824,35816154,0,86373,99693,40341124,37101583,37101583,45816154,239,1,19,7.1,6.9,65.1,48.1,113.2,76.0,81.0,19.0,1.10,82899,477,419.94,53.21,0.0,0.0,0.14,0.23,11.59,70.0,0,5.8,332314,0,0.0000,199992.8,40341125,40341125,656,656
1785446894,1073739336,1182711808,1073741824,35915717,0,86221,99564,40421811,37182267,37182267,45915717,242,0,8,6.8,6.5,59.2,54.1,113.3,75.0,81.0,19.0,1.10,83005,477,420.02,53.21,0.0,0.0,0.14,0.23,11.64,64.0,0,5.8,332314,0,0.0000,200000.0,40421811,40421811,656,0
1785446896,1073756248,1182711808,1073741824,36015481,0,87285,99765,40502735,37263201,37263201,46015481,242,0,16,7.5,6.5,59.1,54.1,113.2,37.0,81.0,19.0,1.10,41646,243,211.11,27.11,0.0,0.0,0.14,0.23,5.82,35.0,11,5.8,332314,0,0.0000,199990.1,40502735,40502735,656,0
1785446897,1073736536,1182711808,1073741824,36115295,0,87367,99815,40583445,37343897,37343897,46115295,242,0,6,7.6,6.8,61.7,51.6,113.3,75.0,81.0,19.0,1.10,82874,477,418.74,53.21,0.0,0.0,0.14,0.23,11.50,71.0,10,5.8,332314,0,0.0000,200000.0,40583445,40583445,656,0
1785446898,1073762784,1197785088,1073741824,36214177,0,87247,98883,40663398,37423867,37423867,46214177,243,4,28,7.5,6.7,65.2,47.2,112.4,79.0,81.0,19.0,1.12,82638,486,462.05,54.21,0.0,0.0,0.17,0.23,14.55,69.0,1,6.4,332314,0,0.0001,199979.9,40663402,40663402,656,2624
1785446899,1073740088,1182920704,1073741824,36313534,0,86186,99358,40743786,37504242,37504242,46313534,244,0,10,7.0,6.9,56.3,57.1,113.4,76.0,81.0,19.0,1.10,82670,477,418.60,53.21,0.0,0.0,0.14,0.23,11.59,67.0,27,5.8,332314,0,0.0000,200000.0,40743786,40743786,656,0
1785446900,1073745784,1182920704,1073741824,36413245,0,86279,99712,40824536,37584990,37584990,46413245,245,4,22,7.0,6.6,58.7,54.6,113.3,75.0,81.0,19.0,1.10,82996,477,419.43,53.21,0.0,0.0,0.14,0.23,11.61,66.0,0,5.8,332314,0,0.0000,199998.4,40824540,40824540,656,2624
1785446901,1073745672,1182920704,1073741824,36512953,0,86288,99709,40905209,37665655,37665655,46512953,245,0,33,6.6,7.5,57.7,55.6,113.3,77.0,81.0,19.0,1.10,82945,477,419.54,53.21,0.0,0.0,0.14,0.23,11.59,66.0,23,5.8,332314,0,0.0000,200000.0,40905209,40905209,656,0
1785446902,1073748808,1182994432,1073741824,36613061,0,87206,100109,40986308,37746764,37746764,46613061,245,1,13,7.0,7.3,62.1,51.1,113.2,74.0,81.0,19.0,1.10,83391,486,422.55,54.21,0.0,0.0,0.14,0.23,11.57,70.0,0,5.8,332314,0,0.0000,199994.5,40986309,40986309,656,656
1785446904,1073738032,1182994432,1073741824,36712295,0,87116,99235,41066724,37827176,37827176,46712295,245,0,11,7.3,6.8,64.7,48.6,113.3,37.5,81.0,19.0,1.10,41417,238,209.54,26.60,0.0,0.0,0.14,0.23,5.77,36.0,16,5.8,332314,0,0.0000,200000.0,41066724,41066724,656,0
1785446905,1073747720,1182994432,1073741824,36810982,0,86636,98688,41146584,37907042,37907042,46810982,245,1,16,7.8,6.3,62.7,50.6,113.3,76.0,81.0,19.0,1.10,82014,468,423.00,52.20,0.0,0.0,0.14,0.23,11.51,70.0,29,5.9,332314,0,0.0000,200000.0,41146585,41146585,656,656
1785446906,1073749176,1229795328,1073741824,36906330,0,84108,95349,41223882,37984337,37984337,46906330,245,1,15,7.3,7.1,57.7,54.6,112.3,76.0,81.0,19.0,1.15,79910,477,439.88,53.21,0.0,0.0,0.17,0.23,13.92,65.0,0,6.3,332314,0,0.0000,199994.0,41223883,41223883,656,656
1785446907,1073754528,1182994432,1073741824,37003104,0,83996,96775,41302079,38062540,38062540,47003104,246,15,24,7.2,6.4,60.6,52.5,113.1,71.0,81.0,19.0,1.10,80524,459,407.20,51.20,0.0,0.0,0.14,0.23,11.12,63.0,0,5.8,332314,0,0.0001,199987.2,41302094,41302092,656,8528
1785446908,1073754040,1182187520,1073741824,37099848,0,83887,96745,41380522,38140985,38140985,47099848,248,1,12,6.9,7.3,57.6,55.7,113.3,73.0,81.0,19.0,1.10,80594,468,407.82,52.20,0.0,0.0,0.14,0.23,11.19,62.0,9,5.8,332314,0,0.0000,199991.6,41380523,41380523,656,656
1785446909,1073741232,1182208000,1073741824,37196578,0,83730,96731,41458927,38219386,38219386,47196578,248,0,8,6.7,6.6,55.2,58.2,113.4,73.0,81.0,19.0,1.10,80669,468,408.04,52.20,0.0,0.0,0.14,0.23,11.23,57.0,0,5.8,332314,0,0.0000,200000.0,41458927,41458927,656,0
1785446911,1073729624,1182380032,1073741824,37293404,0,84560,96827,41537232,38297678,38297678,47293404,248,0,0,6.8,6.9,54.1,59.1,113.2,72.0,81.0,19.0,1.10,80399,459,406.61,51.20,0.0,0.0,0.14,0.23,11.19,64.0,0,5.8,332314,0,0.0002,199959.0,41537232,41537232,656,0
1785446912,1073741680,1182507008,1073741824,37390230,0,84897,96827,41615591,38376046,38376046,47390230,248,0,12,7.7,5.7,72.1,41.1,113.2,36.0,81.0,19.0,1.10,40316,234,203.80,26.10,0.0,0.0,0.14,0.23,5.55,34.5,10,5.8,332314,0,0.0000,200000.0,41615591,41615591,656,0
1785446913,1073745960,1193902080,1073741824,37485777,0,84538,95548,41693006,38453460,38453460,47485777,250,2,14,7.7,6.0,67.1,45.1,112.2,76.0,81.0,19.0,1.11,80024,460,449.17,51.20,0.0,0.0,0.17,0.23,13.89,70.0,22,6.4,332314,0,0.0000,199999.4,41693008,41693008,656,1312
1785446914,1073734976,1229422592,1073741824,37581497,0,83411,95721,41770701,38531153,38531153,47581497,250,0,3,6.6,6.9,53.1,60.1,113.2,74.0,81.0,19.0,1.14,79875,478,404.01,53.21,0.0,0.0,0.14,0.23,10.95,54.0,0,5.8,332314,0,0.0001,199988.2,41770701,41770701,656,0
1785446915,1073750120,1182375936,1073741824,37678440,0,83769,96944,41849057,38609518,38609518,47678440,250,1,13,7.6,5.5,67.7,45.7,113.4,72.0,81.0,19.0,1.10,80561,462,407.53,51.57,0.0,0.0,0.14,0.23,11.20,66.0,31,5.8,332314,0,0.0000,199994.0,41849058,41849058,656,656
1785446916,1073754352,1182375936,1073741824,37775176,0,83876,96737,41927575,38688027,38688027,47775176,251,2,19,5.8,7.5,49.7,63.7,113.4,72.0,81.0,19.0,1.10,80728,465,408.41,51.83,0.0,0.0,0.14,0.23,11.24,56.0,0,5.8,332314,0,0.0000,199990.2,41927577,41927577,656,1312
1785446917,1073742792,1182375936,1073741824,37871921,0,83749,96746,42005872,38766328,38766328,47871921,252,0,14,6.8,6.9,56.7,56.7,113.4,72.0,81.0,19.0,1.10,80509,468,407.46,52.20,0.0,0.0,0.14,0.23,11.22,59.0,0,5.8,332314,0,0.0000,200000.0,42005872,42005872,656,0
1785446919,1073752224,1182375936,1073741824,37968388,0,84551,96468,42083805,38844268,38844268,47968388,253,0,14,6.8,7.3,57.6,55.7,113.3,35.0,81.0,19.0,1.10,80175,459,405.78,51.20,0.0,0.0,0.14,0.23,11.12,66.0,11,5.8,332314,0,0.0000,199994.2,42083805,42083805,656,0
1785446920,1073741096,1182191616,1073741824,38065177,0,84527,96790,42162163,38922618,38922618,48065177,253,0,11,6.9,6.6,54.2,59.1,113.3,74.0,81.0,19.0,1.10,40328,234,204.09,26.10,0.0,0.0,0.14,0.23,5.56,28.5,26,5.8,332314,0,0.0000,200000.0,42162163,42162163,656,0
1785446921,1073750136,1229877248,1073741824,38160952,0,84036,95776,42239815,39000261,39000261,48160952,253,10,40,6.6,7.5,57.6,54.7,112.3,76.0,81.0,19.0,1.15,80222,468,449.86,52.20,0.0,0.0,0.17,0.23,14.01,62.0,6,6.4,332314,0,0.0000,199991.9,42239825,42239825,656,6560
1785446922,1073738680,1182416896,1073741824,38257461,0,83785,96510,42317975,39078427,39078427,48257461,255,0,10,7.8,6.7,65.6,47.6,113.2,72.0,81.0,19.0,1.10,80386,468,405.69,52.20,0.0,0.0,0.14,0.23,11.34,73.0,0,5.8,332314,0,0.0000,200000.0,42317975,42317975,656,0
1785446923,1073743480,1182416896,1073741824,38353978,0,83617,96518,42396202,39156658,39156658,48353978,255,0,18,7.8,6.3,63.7,49.8,113.5,72.0,81.0,19.0,1.10,80375,468,405.80,52.20,0.0,0.0,0.14,0.23,11.29,71.0,12,5.8,332314,0,0.0000,200000.0,42396202,42396202,656,0
1785446924,1073758264,1182412800,1073741824,38450296,0,83363,96319,42474305,39234774,39234774,48450296,255,0,13,7.4,6.2,65.7,47.8,113.5,71.0,81.0,19.0,1.10,80207,459,404.98,51.20,0.0,0.0,0.13,0.23,10.93,59.0,0,5.8,332314,0,0.0001,199989.1,42474305,42474305,656,0
1785446925,1073758896,1182531584,1073741824,38546881,0,83529,96586,42552494,39312964,39312964,48546881,256,1,15,7.5,6.8,61.7,51.7,113.4,73.0,81.0,19.0,1.10,80373,468,406.12,52.20,0.0,0.0,0.14,0.23,11.11,64.0,0,5.8,332314,0,0.0001,199986.9,42552495,42552495,656,656
1785446927,1073746272,1182531584,1073741824,38643544,0,84648,96664,42630696,39391130,39391130,48643544,257,4,55,7.0,6.9,62.1,51.2,113.3,36.0,81.0,19.0,1.10,40196,229,203.50,25.60,0.0,0.0,0.14,0.23,5.60,32.5,0,5.8,332314,0,0.0000,199997.6,42630700,42630700,656,2624
1785446928,1073759720,1182375936,1073741824,38740207,0,84662,96664,42708893,39469365,39469365,48740207,258,1,11,6.9,6.8,60.7,52.8,113.5,73.0,81.0,19.0,1.10,80408,468,407.32,52.20,0.0,0.0,0.14,0.23,11.27,60.0,2,5.8,332314,0,0.0001,199989.2,42708894,42708894,656,656
1785446929,1073747016,1229692928,1073741824,38835609,0,83600,95403,42786155,39546592,39546592,48835609,258,3,50,6.6,7.1,56.2,56.2,112.4,76.0,81.0,19.0,1.15,79627,468,446.91,52.20,0.0,0.0,0.17,0.23,13.84,66.0,0,6.4,332314,0,0.0000,199996.2,42786158,42786158,656,1968
1785446930,1073756304,1182486528,1073741824,38932078,0,83658,96470,42864230,39624666,39624666,48932078,258,1,49,7.0,7.5,56.0,57.0,113.0,71.0,81.0,19.0,1.10,80440,468,406.81,52.20,0.0,0.0,0.14,0.23,11.21,76.0,14,5.8,332314,0,0.0000,199998.4,42864231,42864231,656,656
1785446931,1073751472,1182486528,1073741824,39028809,0,83708,96732,42942631,39703094,39703094,49028809,259,12,18,5.9,6.6,54.7,58.7,113.4,72.0,81.0,19.0,1.10,80695,459,408.00,51.20,0.0,0.0,0.14,0.23,11.28,53.0,0,5.8,332314,0,0.0000,199996.8,42942643,42942642,656,7216
1785446932,1073754792,1182486528,1073741824,39125309,0,83715,96501,43020755,39781220,39781220,49125309,259,1,11,7.9,6.1,73.6,39.7,113.3,72.0,81.0,19.0,1.10,80239,468,405.83,52.20,0.0,0.0,0.14,0.23,11.13,65.0,0,5.8,332314,0,0.0000,199990.8,43020756,43020756,656,656
1785446933,1073753656,1182543872,1073741824,39221493,0,84132,96185,43098840,39859292,39859292,49221493,261,1,19,7.0,6.6,49.6,63.7,113.3,72.0,81.0,19.0,1.10,80338,459,406.32,51.20,0.0,0.0,0.14,0.23,11.18,55.0,0,5.8,332314,0,0.0000,199994.2,43098841,43098841,656,656
1785446935,1073756392,1182543872,1073741824,39317470,0,84064,95978,43176598,39937061,39937061,49317470,261,2,14,7.0,7.2,60.7,52.7,113.4,36.0,81.0,19.0,1.10,39946,234,201.75,26.10,0.0,0.0,0.14,0.23,5.54,35.5,0,5.8,332314,0,0.0001,199989.5,43176600,43176600,656,1312
1785446936,1073840728,1182425088,1073741824,39413388,0,84109,95919,43254240,40014729,40014729,49413388,262,116,121,6.8,7.2,58.6,54.6,113.2,75.0,81.0,19.0,1.10,79471,450,446.23,50.20,0.0,0.0,0.17,0.23,13.74,64.0,0,6.4,332314,0,0.0004,199913.2,43254356,43254240,656,0
1785446937,1073741984,1229656064,1073741824,39508773,0,83695,95386,43331485,40091947,40091947,49508773,263,0,4,7.6,6.5,65.1,47.1,112.2,75.0,81.0,19.0,1.15,80214,477,405.94,53.21,0.0,0.0,0.14,0.23,11.15,75.0,0,5.8,332314,0,0.0000,199999.8,43331485,43331485,656,0
1785446938,1073736016,1182486528,1073741824,39605255,0,83543,96483,43409610,40170062,40170062,49605255,263,0,5,6.9,6.7,59.7,53.7,113.4,71.0,81.0,19.0,1.10,80367,468,406.29,52.20,0.0,0.0,0.14,0.23,11.12,61.0,8,5.8,332314,0,0.0000,200000.0,43409610,43409610,656,0
1785446939,1073756440,1182351360,1073741824,39701589,0,83499,96335,43487578,40248033,40248033,49701589,263,1,12,6.5,7.6,53.1,60.1,113.2,72.0,81.0,19.0,1.10,80176,459,405.74,51.20,0.0,0.0,0.14,0.23,11.12,61.0,0,5.8,332314,0,0.0001,199987.7,43487579,43487579,656,656
1785446940,1073752232,1182613504,1073741824,39798274,0,83707,96686,43565827,40326285,40326285,49798274,263,1,14,6.7,7.5,52.6,60.7,113.3,72.0,81.0,19.0,1.10,80389,468,406.64,52.20,0.0,0.0,0.14,0.23,11.14,62.0,0,5.8,332314,0,0.0000,199992.7,43565828,43565828,656,656
1785446942,1073751816,1182613504,1073741824,39895028,0,84456,96755,43644110,40404572,40404572,49895028,263,1,14,7.3,7.1,57.7,55.7,113.4,36.0,81.0,19.0,1.10,80504,459,407.09,51.20,0.0,0.0,0.14,0.23,11.24,66.0,5,5.8,332314,0,0.0000,199993.3,43644111,43644111,656,656
