timestamp,used_memory,used_memory_rss,maxmemory,keyspace_hits,keyspace_misses,ops_per_sec,total_commands_delta,total_num_items_spilled_to_ext_storage,total_num_items_fetched_from_ext_storage,completion_read_ok,dram_value_hits,kbc_fetching_block,num_items_spilling_to_ext_storage,blocked_clients,cpu_user,cpu_sys,valkey_cpu_user,valkey_cpu_sys,valkey_cpu_total,asio_cpu_pct,disk_hit_pct,mem_hit_pct,mem_frag_ratio,disk_read_iops,disk_write_iops,disk_read_mb,disk_write_mb,disk_read_merges_ps,disk_write_merges_ps,disk_r_await_ms,disk_w_await_ms,disk_aqu_sz,disk_util_pct,disk_in_flight,disk_req_sz_kb,throttle_total_throttled,throttle_queued_clients,throttle_current_rate,throttle_allowed_tps,spill_submitted_count,spill_serialized_count,mean_spill_ram,inflight_spill_ram_bytes,keys_key_spilled,total_keys_dropped_from_dict,total_keys_dropped_at_completion,total_keys_rematerialized,kbc_keyspill_miss_fetch,kbc_keyspill_absent_consumed,kbc_progressive_drain_runs,kbc_progressive_drain_resolved
1787618128,1073745120,1152274432,1073741824,3479,0,217,5377,2638931,3193,3193,5370,5,0,4,2.5,1.6,7.4,3.6,11.0,13.0,59.5,40.5,1.07,4033,45,18.18,5.02,0.0,0.0,0.08,0.22,0.35,6.0,0,5.8,0,0,0.0000,199995.5,2638931,2638931,656,0,2635738,2638931,2638931,2632956,2632956,2629759,0,0
1787618130,1073746352,1182552064,1073741824,84503,0,67893,106757,2679508,44823,44823,112126,5,1,5,7.2,7.7,64.6,49.8,114.4,35.0,40.0,60.0,1.10,42772,272,197.74,30.13,0.0,1.0,0.09,0.24,3.88,68.0,3,5.4,0,0,0.0000,199999.5,2679509,2679509,656,656,2634685,2679508,2679508,2674587,2674587,2629759,0,0
1787618131,1073744472,1203130368,1073741824,175296,0,102500,119152,2713508,81773,81773,231277,6,1,4,7.2,7.0,55.0,59.0,114.0,69.0,35.4,64.6,1.12,19012,121,88.28,13.55,0.0,0.0,0.09,0.23,1.68,30.5,6,5.5,0,0,0.0000,200000.0,2713509,2713509,656,656,2631735,2713508,2713508,2711536,2711536,2629759,0,0
1787618132,1073744568,1221349376,1073741824,268305,0,106380,122061,2747274,115556,115556,353337,6,0,5,6.9,6.9,61.0,53.0,114.0,67.0,32.7,67.3,1.14,34734,225,161.34,25.10,0.0,0.0,0.09,0.23,3.04,72.0,5,5.5,0,0,0.0000,200000.0,2747274,2747274,656,0,2631718,2747274,2747274,2745320,2745320,2629759,0,0
1787618133,1073744512,1239195648,1073741824,363350,0,108621,124790,2779061,147366,147366,478126,8,0,4,7.5,6.1,70.1,44.1,114.2,66.0,30.8,69.2,1.15,32708,225,152.43,25.10,0.0,0.0,0.09,0.23,2.87,69.0,5,5.5,0,0,0.0000,200000.0,2779061,2779061,656,0,2631695,2779061,2779061,2777129,2777129,2629759,0,0
1787618134,1073743488,1254744064,1073741824,459518,0,110382,126275,2809552,177886,177886,604400,8,0,2,6.4,7.8,55.0,59.0,114.0,66.0,29.4,70.6,1.17,31490,245,149.99,27.12,0.0,1.0,0.09,0.23,2.80,62.0,4,5.7,0,0,0.0000,200000.0,2809552,2809552,656,0,2631666,2809552,2809552,2807647,2807647,2629759,0,0
1787618135,1073743952,1270341632,1073741824,557281,0,111615,128289,2838683,207025,207025,732688,8,0,6,6.4,8.0,54.2,60.1,114.3,65.0,28.3,71.7,1.18,29989,198,139.66,22.09,0.0,0.0,0.08,0.23,2.58,58.0,2,5.5,0,0,0.0000,200000.0,2838683,2838683,656,0,2631658,2838683,2838683,2836790,2836790,2629759,0,0
1787618136,1073744936,1286041600,1073741824,656206,0,113282,129698,2866747,235107,235107,862385,8,1,5,6.3,7.5,57.6,56.8,114.4,62.0,27.3,72.7,1.20,28843,189,133.84,21.08,0.0,0.0,0.08,0.23,2.49,55.0,5,5.5,0,0,0.0000,200000.0,2866748,2866748,656,656,2631640,2866747,2866747,2864871,2864871,2629759,0,0
1787618138,1073744432,1300590592,1073741824,756365,0,114621,131269,2894450,262816,262816,993653,8,1,6,7.3,7.1,60.3,54.2,114.5,31.5,26.4,73.6,1.21,28509,189,132.73,21.08,0.0,0.0,0.08,0.23,2.45,68.0,0,5.5,0,0,0.0000,199998.7,2894451,2894451,656,656,2631634,2894450,2894450,2892581,2892581,2629759,0,0
1787618139,1073745408,1314615296,1073741824,857818,0,116197,132912,2921232,289620,289620,1126564,8,1,4,6.6,8.2,49.6,64.7,114.3,61.0,25.7,74.3,1.22,13787,91,64.13,10.04,0.0,0.5,0.08,0.23,1.18,31.0,0,5.5,0,0,0.0000,199999.2,2921233,2921233,656,656,2631612,2921232,2921232,2919383,2919383,2629759,0,0
1787618140,1073744448,1324916736,1073741824,958600,0,116153,131834,2947031,315435,315435,1258397,8,0,2,6.8,7.4,55.0,59.0,114.0,60.0,25.1,74.9,1.23,26593,171,123.38,19.07,0.0,0.0,0.08,0.23,2.26,62.0,0,5.5,0,0,0.0000,200000.0,2947031,2947031,656,0,2631596,2947031,2947031,2945196,2945196,2629759,0,0
1787618141,1073744936,1341956096,1073741824,1060461,0,116771,133228,2972202,340603,340603,1391624,8,1,4,6.7,7.8,53.1,61.1,114.2,61.0,24.5,75.5,1.25,25910,171,121.19,19.07,0.0,0.0,0.08,0.23,2.22,57.0,6,5.5,0,0,0.0000,200000.0,2972203,2972203,656,656,2631599,2972202,2972202,2970366,2970366,2629759,0,0
1787618142,1073744152,1354932224,1073741824,1163330,0,117729,134481,2996992,365404,365404,1526104,8,0,2,6.9,7.3,61.0,53.0,114.0,59.0,23.9,76.1,1.26,25565,198,122.49,22.09,0.0,0.0,0.09,0.23,2.22,59.0,0,5.7,0,0,0.0000,200000.0,2996992,2996992,656,0,2631588,2996992,2996992,2995165,2995165,2629759,0,0
1787618143,1073743736,1368563712,1073741824,1265204,0,117572,133170,3020951,389387,389387,1659273,8,0,4,6.1,7.5,60.0,54.0,114.0,59.0,23.5,76.5,1.27,24656,153,115.02,17.07,0.0,0.0,0.08,0.24,2.10,52.0,2,5.5,0,0,0.0000,199999.7,3020951,3020951,656,0,2631564,3020951,3020951,3019150,3019150,2629759,0,0
1787618144,1073744224,1379794944,1073741824,1368019,0,117076,134155,3044205,412655,412655,1793427,8,0,4,5.6,8.6,50.3,64.2,114.5,58.0,23.0,77.0,1.29,23973,164,111.39,18.08,0.0,1.0,0.08,0.23,2.03,53.0,0,5.5,0,0,0.0000,199999.8,3044205,3044205,656,0,2631550,3044205,3044205,3042418,3042418,2629759,0,0
1787618146,1073743184,1391853568,1073741824,1471634,0,118178,135085,3067409,435870,435870,1928511,8,0,2,6.3,8.2,55.0,59.0,114.0,29.5,22.6,77.4,1.30,23860,153,111.06,17.07,0.0,0.0,0.08,0.24,2.02,63.0,0,5.5,0,0,0.0000,200000.0,3067409,3067409,656,0,2631539,3067409,3067409,3065631,3065631,2629759,0,0
1787618147,1073746760,1404698624,1073741824,1575241,0,118296,135074,3090006,458478,458478,2063584,8,6,9,6.4,7.8,54.7,59.8,114.5,55.0,22.2,77.8,1.31,11621,76,54.23,8.53,0.0,0.0,0.08,0.23,0.98,29.0,4,5.5,0,0,0.0000,199994.3,3090012,3090012,656,3936,2631528,3090006,3090006,3088246,3088246,2629759,0,0
1787618148,1073743440,1415573504,1073741824,1677903,0,117082,133592,3111700,480194,480194,2197175,8,0,3,6.1,7.7,50.0,64.0,114.0,57.0,21.9,78.1,1.32,22426,144,104.34,16.06,0.0,0.0,0.08,0.23,1.90,52.0,0,5.5,0,0,0.0000,200000.0,3111700,3111700,656,0,2631506,3111700,3111700,3109956,3109956,2629759,0,0
1787618149,1073744488,1426714624,1073741824,1782759,0,119051,136551,3133503,502010,502010,2333725,8,0,4,5.9,8.8,56.0,58.0,114.0,56.0,21.5,78.5,1.33,22438,146,104.55,16.07,0.0,1.0,0.08,0.23,1.90,57.0,0,5.5,0,0,0.0000,200000.0,3133503,3133503,656,0,2631493,3133503,3133503,3131773,3131773,2629759,0,0
1787618150,1073742848,1438511104,1073741824,1887329,0,118960,136068,3154939,523454,523454,2469792,8,0,1,7.1,7.3,61.2,53.2,114.4,56.0,21.2,78.8,1.34,22071,162,105.74,18.07,0.0,0.0,0.08,0.23,1.89,53.0,3,5.7,0,0,0.0000,200000.0,3154939,3154939,656,0,2631485,3154939,3154939,3153214,3153214,2629759,0,0
1787618151,1073743560,1449127936,1073741824,1991548,0,118771,135438,3175887,544412,544412,2605229,8,0,1,6.2,7.7,51.1,63.0,114.1,55.0,20.9,79.1,1.35,21509,144,100.32,16.06,0.0,0.0,0.08,0.24,1.81,59.0,0,5.5,0,0,0.0000,200000.0,3175887,3175887,656,0,2631475,3175887,3175887,3174172,3174172,2629759,0,0
1787618152,1073744960,1459482624,1073741824,2095937,0,118622,135568,3196463,565006,565006,2740796,8,0,4,5.7,8.5,50.5,63.6,114.1,55.0,20.6,79.4,1.36,21198,135,98.37,15.06,0.0,0.0,0.08,0.23,1.79,56.0,3,5.4,0,0,0.0000,200000.0,3196463,3196463,656,0,2631457,3196463,3196463,3194769,3194769,2629759,0,0
1787618154,1073743240,1470623744,1073741824,2200956,0,119014,136318,3216841,585394,585394,2877113,8,0,7,6.2,8.2,50.2,64.1,114.3,27.5,20.3,79.7,1.37,20978,135,97.94,15.06,0.0,0.0,0.08,0.23,1.77,54.0,1,5.5,0,0,0.0000,199999.4,3216841,3216841,656,0,2631447,3216841,3216841,3215160,3215160,2629759,0,0
1787618155,1073743320,1480847360,1073741824,2307149,0,120543,137906,3237203,605780,605780,3015018,9,0,2,6.5,7.0,56.2,58.2,114.4,55.0,20.1,79.9,1.38,10447,68,48.76,7.54,0.0,0.5,0.08,0.23,0.88,27.5,0,5.5,0,0,0.0000,199998.8,3237203,3237203,656,0,2631423,3237203,3237203,3235541,3235541,2629759,0,0
1787618156,1073744232,1490677760,1073741824,2411230,0,119218,135308,3256851,625442,625442,3150325,9,1,1,6.2,7.3,57.6,56.7,114.3,53.0,19.9,80.1,1.39,20204,135,94.40,15.06,0.0,0.0,0.08,0.24,1.70,52.0,0,5.5,0,0,0.0000,200000.0,3256852,3256852,656,656,2631409,3256851,3256851,3255202,3255202,2629759,0,0
1787618157,1073744536,1500897280,1073741824,2516112,0,119321,136369,3276026,644623,644623,3286693,9,1,1,6.1,8.0,50.1,64.1,114.2,53.0,19.6,80.4,1.40,19683,126,91.88,14.05,0.0,0.0,0.08,0.23,1.65,46.0,0,5.5,0,0,0.0000,200000.0,3276027,3276026,656,0,2631403,3276026,3276026,3274383,3274383,2629759,0,0
1787618158,1073748840,1510465536,1073741824,2621476,0,120182,137018,3295264,663878,663878,3423710,9,8,5,6.7,7.0,56.0,58.0,114.0,54.0,19.4,80.6,1.41,19810,140,95.31,15.56,0.0,0.0,0.08,0.24,1.70,57.0,4,5.7,0,0,0.0000,199996.4,3295272,3295272,656,5248,2631386,3295264,3295264,3293642,3293642,2629759,0,0
1787618159,1073743720,1519640576,1073741824,2725851,0,119657,135688,3314354,682966,682966,3559397,9,0,5,6.6,8.1,60.0,54.0,114.0,53.0,19.2,80.8,1.42,19596,132,91.31,14.57,0.0,1.0,0.08,0.23,1.65,57.0,7,5.5,0,0,0.0000,200000.0,3314354,3314354,656,0,2631388,3314354,3314354,3312730,3312730,2629759,0,0
1787618160,1073744000,1529470976,1073741824,2830393,0,119157,135700,3332996,701605,701605,3695096,9,0,5,6.9,6.8,58.0,56.0,114.0,52.0,19.0,81.0,1.42,19175,117,89.89,13.05,0.0,0.0,0.08,0.24,1.61,56.0,2,5.5,0,0,0.0000,200000.0,3332996,3332996,656,0,2631391,3332996,3332996,3331369,3331369,2629759,0,0
1787618162,1073743632,1538252800,1073741824,2935286,0,119058,136173,3351360,719977,719977,3831268,9,0,5,6.3,7.1,59.1,55.1,114.2,25.5,18.8,81.2,1.43,18887,126,88.26,14.05,0.0,0.0,0.08,0.23,1.58,54.0,1,5.5,0,0,0.0000,200000.0,3351360,3351360,656,0,2631383,3351360,3351360,3349741,3349741,2629759,0,0
1787618163,1073744384,1547034624,1073741824,3041147,0,120478,137315,3369619,738250,738250,3968582,9,0,2,5.9,8.3,54.9,58.9,113.8,53.0,18.6,81.4,1.44,9389,58,43.81,6.53,0.0,0.0,0.08,0.23,0.78,23.0,1,5.5,0,0,0.0000,200000.0,3369619,3369619,656,0,2631369,3369619,3369619,3368011,3368011,2629759,0,0
1787618164,1073743520,1555025920,1073741824,3147096,0,120876,137485,3387868,756514,756514,4106066,9,0,1,5.4,8.5,48.0,66.0,114.0,51.0,18.4,81.6,1.45,18747,128,87.64,14.07,0.0,1.0,0.08,0.23,1.57,41.0,0,5.5,0,0,0.0000,199999.7,3387868,3387868,656,0,2631354,3387868,3387868,3386274,3386274,2629759,0,0
1787618165,1073741824,1563414528,1073741824,3252754,0,120681,137168,3405853,774513,774513,4243233,9,0,6,5.1,8.5,44.0,70.0,114.0,51.0,18.3,81.7,1.46,18505,117,86.75,13.05,0.0,0.0,0.08,0.23,1.55,40.0,0,5.5,0,0,0.0000,200000.0,3405853,3405853,656,0,2631340,3405853,3405853,3404278,3404278,2629759,0,0
1787618166,1073745224,1545953280,1073741824,3363520,0,124026,143670,3424625,793293,793293,4386902,9,0,3,6.2,7.7,54.0,60.0,114.0,53.0,18.1,81.9,1.44,19305,135,93.35,15.06,0.0,0.0,0.08,0.24,1.64,56.0,3,5.7,0,0,0.0000,199999.7,3424625,3424625,656,0,2631332,3424625,3424625,3423055,3423055,2629759,0,0
1787618167,1073745808,1526378496,1073741824,3475532,0,127110,145219,3443218,811888,811888,4532120,10,0,6,6.0,8.3,48.1,66.0,114.1,53.0,17.9,82.1,1.42,19148,126,89.21,14.05,0.0,0.0,0.08,0.23,1.60,48.0,3,5.5,0,0,0.0000,200000.0,3443218,3443218,656,0,2631330,3443218,3443218,3441653,3441653,2629759,0,0
1787618168,1073744304,1497657344,1073741824,3587860,0,127495,145651,3461659,830343,830343,4677770,10,0,1,6.2,7.7,46.0,68.0,114.0,54.0,17.8,82.2,1.39,18893,117,88.49,13.05,0.0,0.0,0.08,0.23,1.58,49.0,0,5.5,0,0,0.0000,200000.0,3461659,3461659,656,0,2631316,3461659,3461659,3460103,3460103,2629759,0,0
1787618169,1073744144,1462210560,1073741824,3700347,0,127177,145781,3480075,848768,848768,4823550,10,0,3,5.3,8.0,43.2,71.2,114.4,53.0,17.6,82.4,1.36,18918,128,88.53,14.07,0.0,1.0,0.08,0.23,1.59,42.0,0,5.5,0,0,0.0000,200000.0,3480075,3480075,656,0,2631307,3480075,3480075,3478530,3478530,2629759,0,0
1787618171,1073743872,1421545472,1073741824,3812781,0,127650,145706,3498127,866829,866829,4969255,10,0,1,6.1,8.5,49.0,65.0,114.0,27.0,17.4,82.6,1.32,9272,58,43.26,6.53,0.0,0.0,0.08,0.23,0.77,26.0,0,5.5,0,0,0.0000,200000.0,3498127,3498127,656,0,2631298,3498127,3498127,3496589,3496589,2629759,0,0
1787618172,1073743512,1394229248,1073741824,3924752,0,127782,145108,3515960,884671,884671,5114362,10,0,3,5.6,8.2,51.0,63.0,114.0,52.0,17.3,82.7,1.30,18298,117,85.70,13.05,0.0,0.0,0.08,0.23,1.53,49.0,5,5.5,0,0,0.0000,200000.0,3515960,3515960,656,0,2631289,3515960,3515960,3514433,3514433,2629759,0,0
1787618173,1073743464,1374793728,1073741824,4037869,0,127549,146448,3533823,902544,902544,5260809,10,0,0,6.0,7.8,47.2,67.2,114.4,52.0,17.2,82.8,1.28,18320,117,85.35,13.05,0.0,0.0,0.08,0.23,1.53,53.0,2,5.5,0,0,0.0000,200000.0,3533823,3533823,656,0,2631279,3533823,3533823,3532303,3532303,2629759,0,0
1787618174,1073744936,1377443840,1073741824,4151202,0,128306,146761,3551492,920214,920214,5407569,10,1,3,5.8,7.9,46.8,67.8,114.6,53.0,17.0,83.0,1.28,18198,128,87.90,14.07,0.0,1.0,0.08,0.23,1.54,47.0,2,5.7,0,0,0.0000,200000.0,3551493,3551493,656,656,2631278,3551492,3551492,3549976,3549976,2629759,0,0
1787618175,1073746968,1379885056,1073741824,4262231,0,126741,143621,3568871,937603,937603,5551189,10,5,3,4.8,9.1,45.2,69.2,114.4,52.0,16.9,83.1,1.29,17887,117,83.85,13.05,0.0,0.0,0.08,0.23,1.49,40.0,0,5.5,0,0,0.0000,199998.4,3568876,3568876,656,3280,2631268,3568871,3568871,3567365,3567365,2629759,0,0
1787618176,1073744160,1386831872,1073741824,4373115,0,125406,143319,3585781,954521,954521,5694507,10,0,2,5.7,8.1,42.7,71.7,114.4,50.0,16.8,83.2,1.29,17363,108,81.57,12.05,0.0,0.0,0.08,0.23,1.45,49.0,0,5.5,0,0,0.0000,199999.9,3585781,3585781,656,0,2631260,3585781,3585781,3584282,3584282,2629759,0,0
1787618177,1073744328,1383968768,1073741824,4484104,0,126085,143302,3602761,971505,971505,5837808,10,0,2,6.3,8.0,51.0,63.0,114.0,51.0,16.6,83.4,1.29,17440,108,81.24,12.05,0.0,0.0,0.08,0.23,1.46,52.0,0,5.4,0,0,0.0000,199999.8,3602761,3602761,656,0,2631256,3602761,3602761,3601266,3601266,2629759,0,0
1787618179,1073744576,1386356736,1073741824,4595165,0,126123,143394,3619253,987995,987995,5981201,10,0,4,5.9,7.9,49.0,65.0,114.0,25.0,16.5,83.5,1.29,8456,54,39.46,6.02,0.0,0.0,0.08,0.23,0.70,25.0,0,5.5,0,0,0.0000,199999.9,3619253,3619253,656,0,2631258,3619253,3619253,3617758,3617758,2629759,0,0
1787618180,1073743928,1387929600,1073741824,4705964,0,125784,143059,3635959,1004709,1004709,6124259,10,0,3,5.1,9.7,40.0,74.0,114.0,50.0,16.4,83.6,1.29,17140,119,80.49,13.06,0.0,1.0,0.08,0.24,1.43,39.0,2,5.6,0,0,0.0000,199999.7,3635959,3635959,656,0,2631250,3635959,3635959,3634471,3634471,2629759,0,0
1787618181,1073744152,1390272512,1073741824,4816892,0,125760,143181,3652572,1021325,1021325,6267439,10,0,3,5.8,8.0,51.0,63.0,114.0,52.0,16.3,83.7,1.29,17052,108,79.80,12.05,0.0,0.0,0.08,0.23,1.42,46.0,3,5.5,0,0,0.0000,200000.0,3652572,3652572,656,0,2631247,3652572,3652572,3651087,3651087,2629759,0,0
1787618182,1073743720,1391841280,1073741824,4928685,0,126315,144307,3668925,1037682,1037682,6411745,10,0,2,6.7,7.1,52.0,62.0,114.0,52.0,16.2,83.8,1.30,16868,117,81.96,13.05,0.0,0.0,0.08,0.23,1.43,50.0,3,5.7,0,0,0.0000,200000.0,3668925,3668925,656,0,2631243,3668925,3668925,3667443,3667443,2629759,0,0
1787618183,1073745136,1393422336,1073741824,5040579,0,126768,144587,3685394,1054156,1054156,6556331,10,0,6,6.0,7.8,52.0,62.0,114.0,50.0,16.1,83.9,1.30,16876,108,79.26,12.05,0.0,0.0,0.08,0.24,1.40,50.0,0,5.5,0,0,0.0000,200000.0,3685394,3685394,656,0,2631238,3685394,3685394,3683921,3683921,2629759,0,0
1787618184,1073745872,1392656384,1073741824,5152652,0,127265,144835,3701749,1070518,1070518,6701165,10,0,5,7.0,7.2,50.0,64.0,114.0,51.0,16.0,84.0,1.30,16823,110,78.68,12.06,0.0,1.0,0.08,0.23,1.41,45.0,1,5.5,0,0,0.0000,199999.6,3701749,3701749,656,0,2631231,3701749,3701749,3700282,3700282,2629759,0,0
1787618185,1073743360,1395851264,1073741824,5265036,0,127216,145153,3718026,1086804,1086804,6846317,10,1,4,6.2,8.1,54.0,60.0,114.0,50.0,15.9,84.1,1.30,16716,99,78.25,11.04,0.0,0.0,0.08,0.23,1.39,53.0,4,5.4,0,0,0.0000,199999.5,3718027,3718027,656,656,2631222,3718026,3718026,3716567,3716567,2629759,0,0
1787618187,1073742384,1401749504,1073741824,5377649,0,127355,145493,3734312,1103098,1103098,6991809,10,0,5,6.6,7.2,49.0,65.0,114.0,25.5,15.8,84.2,1.31,8351,54,39.31,6.02,0.0,0.0,0.08,0.23,0.69,28.5,0,5.5,0,0,0.0000,200000.0,3734312,3734312,656,0,2631214,3734312,3734312,3732862,3732862,2629759,0,0
1787618188,1073745128,1400971264,1073741824,5489844,0,127325,144932,3750670,1119461,1119461,7136740,10,1,2,5.7,7.9,50.0,64.0,114.0,51.0,15.7,84.3,1.30,16790,99,78.31,11.04,0.0,0.0,0.08,0.23,1.39,44.0,2,5.4,0,0,0.0000,200000.0,3750671,3750671,656,656,2631209,3750670,3750670,3749222,3749222,2629759,0,0
1787618189,1073744568,1400893440,1073741824,5602318,0,127396,145291,3766890,1135679,1135679,7282030,10,0,5,5.2,7.7,45.0,69.0,114.0,50.0,15.6,84.4,1.30,16630,108,77.88,12.05,0.0,0.0,0.08,0.23,1.38,46.0,0,5.5,0,0,0.0000,200000.0,3766890,3766890,656,0,2631211,3766890,3766890,3765443,3765443,2629759,0,0
1787618190,1073743408,1406398464,1073741824,5714873,0,127476,145372,3782967,1151776,1151776,7427401,10,0,3,6.1,8.5,45.0,69.0,114.0,50.0,15.5,84.5,1.31,16469,110,77.94,12.06,0.0,1.0,0.08,0.24,1.37,50.0,23,5.6,0,0,0.0000,200000.0,3782967,3782967,656,0,2631191,3782967,3782967,3781538,3781538,2629759,0,0
1787618191,1073743024,1406607360,1073741824,5827838,0,127624,145811,3799010,1167813,1167813,7573211,10,0,1,5.5,8.1,44.1,70.1,114.2,49.0,15.4,84.6,1.31,16462,117,79.45,13.05,0.0,0.0,0.08,0.23,1.40,44.0,1,5.7,0,0,0.0000,200000.0,3799010,3799010,656,0,2631197,3799010,3799010,3797573,3797573,2629759,0,0
1787618192,1073743880,1411719168,1073741824,5940084,0,127276,144960,3814914,1183728,1183728,7718170,10,0,0,5.5,8.6,52.0,62.0,114.0,49.0,15.3,84.7,1.31,16325,99,76.52,11.04,0.0,0.0,0.08,0.23,1.35,41.0,0,5.5,0,0,0.0000,200000.0,3814914,3814914,656,0,2631186,3814914,3814914,3813487,3813487,2629759,0,0
1787618193,1073743904,1412395008,1073741824,6052261,0,126940,144807,3830485,1199304,1199304,7862976,10,0,1,6.0,7.6,52.1,62.1,114.2,49.0,15.3,84.7,1.32,15976,108,74.87,12.05,0.0,0.0,0.08,0.23,1.33,36.0,0,5.5,0,0,0.0000,200000.0,3830485,3830485,656,0,2631181,3830485,3830485,3829064,3829064,2629759,0,0
1787618195,1073744328,1413799936,1073741824,6163397,0,126101,143434,3846301,1215120,1215120,8006409,10,1,1,5.7,8.1,48.1,66.1,114.2,24.5,15.2,84.8,1.32,8088,50,37.89,5.53,0.0,0.5,0.08,0.24,0.67,25.0,1,5.5,0,0,0.0000,199997.1,3846302,3846302,656,656,2631181,3846301,3846301,3844880,3844880,2629759,0,0
1787618196,1073744296,1418649600,1073741824,6275561,0,126634,144768,3861804,1230640,1230640,8151176,10,0,2,5.4,8.1,51.0,63.0,114.0,49.0,15.1,84.9,1.32,15935,99,74.34,11.04,0.0,0.0,0.08,0.23,1.32,49.0,1,5.5,0,0,0.0000,200000.0,3861804,3861804,656,0,2631164,3861804,3861804,3860401,3860401,2629759,0,0
1787618197,1073745088,1420242944,1073741824,6387728,0,127260,144835,3877306,1246145,1246145,8296010,10,2,2,5.7,8.2,50.0,64.0,114.0,49.0,15.0,85.0,1.32,15883,99,74.50,11.04,0.0,0.0,0.08,0.23,1.32,52.0,2,5.5,0,0,0.0000,200000.0,3877308,3877308,656,1312,2631161,3877306,3877306,3875906,3875906,2629759,0,0
1787618198,1073743832,1421340672,1073741824,6499539,0,126857,144322,3892855,1261700,1261700,8440331,10,0,3,4.9,9.2,40.0,74.0,114.0,49.0,14.9,85.1,1.32,15953,108,74.98,12.05,0.0,0.0,0.08,0.23,1.33,43.0,3,5.5,0,0,0.0000,200000.0,3892855,3892855,656,0,2631155,3892855,3892855,3891462,3891462,2629759,0,0
1787618199,1073743880,1425666048,1073741824,6611167,0,126552,144175,3908489,1277340,1277340,8584505,10,0,2,5.9,7.8,48.1,66.1,114.2,48.0,14.9,85.1,1.33,16071,110,78.21,12.06,0.0,1.0,0.08,0.23,1.36,47.0,0,5.7,0,0,0.0000,199999.5,3908489,3908489,656,0,2631149,3908489,3908489,3907101,3907101,2629759,0,0
1787618200,1073743312,1424252928,1073741824,6722856,0,126525,144077,3923883,1292734,1292734,8728581,10,0,7,6.0,7.8,47.0,67.0,114.0,50.0,14.8,85.2,1.33,15789,99,73.85,11.04,0.0,0.0,0.08,0.23,1.31,41.0,1,5.5,0,0,0.0000,200000.0,3923883,3923883,656,0,2631149,3923883,3923883,3922500,3922500,2629759,0,0
1787618201,1073743568,1424691200,1073741824,6835321,0,127097,145095,3939314,1308171,1308171,8873675,10,0,5,5.4,7.9,40.5,73.5,114.0,47.0,14.7,85.3,1.33,15790,99,73.84,11.04,0.0,0.0,0.08,0.23,1.31,44.0,2,5.5,0,0,0.0000,200000.0,3939314,3939314,656,0,2631143,3939314,3939314,3937935,3937935,2629759,0,0
1787618203,1073744496,1423568896,1073741824,6947343,0,126995,144525,3954724,1323582,1323582,9018199,10,1,3,6.4,7.1,54.5,59.5,114.0,24.5,14.7,85.3,1.33,7901,49,37.17,5.52,0.0,0.0,0.08,0.23,0.66,23.5,1,5.5,0,0,0.0000,199999.5,3954725,3954725,656,656,2631142,3954724,3954724,3953344,3953344,2629759,0,0
1787618204,1073742000,1414606848,1073741824,7061347,0,127774,147118,3970504,1339370,1339370,9165316,10,0,4,5.4,8.9,37.7,76.7,114.4,51.0,14.6,85.4,1.32,16145,99,75.63,11.04,0.0,0.0,0.08,0.23,1.34,44.0,4,5.5,0,0,0.0000,200000.0,3970504,3970504,656,0,2631134,3970504,3970504,3969133,3969133,2629759,0,0
1787618205,1073743440,1401352192,1073741824,7175812,0,129254,147661,3986129,1355001,1355001,9312976,10,0,0,5.5,8.1,42.0,72.0,114.0,50.0,14.5,85.5,1.31,16029,101,75.29,11.05,0.0,1.0,0.08,0.24,1.33,38.0,0,5.5,0,0,0.0000,200000.0,3986129,3986129,656,0,2631128,3986129,3986129,3984760,3984760,2629759,0,0
1787618206,1073743752,1391960064,1073741824,7290511,0,129545,147951,4001708,1370582,1370582,9460926,10,0,0,5.3,8.4,42.0,72.0,114.0,49.0,14.5,85.5,1.30,15959,99,74.80,11.04,0.0,0.0,0.08,0.23,1.32,39.0,0,5.5,0,0,0.0000,199999.9,4001708,4001708,656,0,2631126,4001708,4001708,4000341,4000341,2629759,0,0
1787618207,1073743568,1379274752,1073741824,7404426,0,129288,147001,4017177,1386062,1386062,9607926,10,0,3,5.0,8.5,46.0,68.0,114.0,49.0,14.4,85.6,1.28,15902,117,77.37,13.05,0.0,0.0,0.08,0.23,1.35,46.0,0,5.8,0,0,0.0000,199999.6,4017177,4017177,656,0,2631115,4017177,4017177,4015824,4015824,2629759,0,0
1787618208,1073744752,1371291648,1073741824,7518979,0,128840,147620,4032620,1401505,1401505,9755545,10,1,4,6.7,8.2,51.1,63.1,114.2,51.0,14.4,85.6,1.28,15821,99,74.02,11.04,0.0,0.0,0.08,0.23,1.32,49.0,0,5.5,0,0,0.0000,200000.0,4032621,4032621,656,656,2631115,4032620,4032620,4031268,4031268,2629759,0,0
1787618209,1073744984,1365499904,1073741824,7634249,0,129827,148553,4048177,1417062,1417062,9904097,10,1,2,5.6,8.6,45.7,68.8,114.5,49.0,14.3,85.7,1.27,15912,101,74.48,11.05,0.0,1.0,0.08,0.23,1.32,50.0,0,5.5,0,0,0.0000,200000.0,4048178,4048178,656,656,2631115,4048177,4048177,4046823,4046823,2629759,0,0
1787618211,1073744264,1365893120,1073741824,7749911,0,130167,148985,4063570,1432464,1432464,10053081,10,1,1,6.1,8.0,48.3,66.3,114.6,24.5,14.2,85.8,1.27,7889,49,37.10,5.52,0.0,0.0,0.08,0.23,0.66,25.5,1,5.5,0,0,0.0000,199999.8,4063571,4063571,656,656,2631106,4063570,4063570,4062224,4062224,2629759,0,0
1787618212,1073741960,1363992576,1073741824,7865252,0,130281,148600,4078990,1447880,1447880,10201680,10,0,4,5.8,8.4,44.1,70.1,114.2,49.0,14.2,85.8,1.27,15745,99,73.69,11.04,0.0,0.0,0.08,0.23,1.31,43.0,3,5.5,0,0,0.0000,200000.0,4078990,4078990,656,0,2631110,4078990,4078990,4077643,4077643,2629759,0,0
1787618213,1073743496,1361530880,1073741824,7980227,0,130174,148163,4094381,1463282,1463282,10349842,10,0,2,4.3,9.1,35.6,78.6,114.2,49.0,14.1,85.9,1.27,15772,99,74.27,11.04,0.0,0.0,0.08,0.24,1.31,35.0,0,5.5,0,0,0.0000,199999.9,4094381,4094381,656,0,2631099,4094381,4094381,4093043,4093043,2629759,0,0
1787618214,1073743288,1364938752,1073741824,8095041,0,130182,148089,4109751,1478657,1478657,10497930,10,0,6,6.6,7.6,55.0,59.0,114.0,49.0,14.1,85.9,1.27,15720,99,73.89,11.04,0.0,0.0,0.08,0.23,1.31,51.0,0,5.5,0,0,0.0000,200000.0,4109751,4109751,656,0,2631094,4109751,4109751,4108422,4108422,2629759,0,0
1787618215,1073745392,1364004864,1073741824,8209238,0,129840,147317,4125091,1494009,1494009,10645246,10,1,3,5.3,8.2,49.0,65.0,114.0,50.0,14.0,86.0,1.27,15733,110,76.78,12.06,0.0,1.0,0.08,0.23,1.34,43.0,0,5.7,0,0,0.0000,200000.0,4125092,4125092,656,656,2631082,4125091,4125091,4123771,4123771,2629759,0,0
1787618216,1073743656,1367015424,1073741824,8323720,0,129376,147635,4140315,1509237,1509237,10792880,10,0,1,6.5,7.5,55.1,59.1,114.2,50.0,14.0,86.0,1.27,15616,99,73.39,11.04,0.0,0.0,0.08,0.23,1.31,50.0,4,5.5,0,0,0.0000,199999.8,4140315,4140315,656,0,2631078,4140315,4140315,4138997,4138997,2629759,0,0
1787618217,1073743664,1365651456,1073741824,8438287,0,129293,147681,4155512,1524433,1524433,10940560,10,0,1,6.2,7.8,58.0,56.0,114.0,49.0,13.9,86.1,1.27,15586,99,73.45,11.07,0.0,1.0,0.08,0.23,1.30,45.0,0,5.5,0,0,0.0000,200000.0,4155512,4155512,656,0,2631079,4155512,4155512,4154193,4154193,2629759,0,0
1787618219,1073744528,1362837504,1073741824,8552246,0,129537,146908,4170801,1539728,1539728,11087467,10,0,3,6.2,7.2,56.0,58.0,114.0,24.5,13.9,86.1,1.27,7819,49,36.91,5.52,0.0,0.0,0.08,0.23,0.65,29.5,3,5.5,0,0,0.0000,200000.0,4170801,4170801,656,0,2631073,4170801,4170801,4169490,4169490,2629759,0,0
1787618220,1073743752,1365852160,1073741824,8666762,0,128975,147534,4185940,1554866,1554866,11235000,10,0,1,5.8,7.9,47.0,67.0,114.0,48.0,13.8,86.2,1.27,15518,101,73.24,11.05,0.0,1.0,0.08,0.23,1.30,45.0,0,5.5,0,0,0.0000,200000.0,4185940,4185940,656,0,2631074,4185940,4185940,4184626,4184626,2629759,0,0
1787618221,1073743824,1363578880,1073741824,8781643,0,129606,148032,4201291,1570213,1570213,11383031,10,0,2,5.9,7.5,53.0,61.0,114.0,50.0,13.8,86.2,1.27,15697,99,73.81,11.04,0.0,0.0,0.08,0.23,1.31,37.0,0,5.5,0,0,0.0000,200000.0,4201291,4201291,656,0,2631078,4201291,4201291,4199974,4199974,2629759,0,0
1787618222,1073743448,1366855680,1073741824,8896668,0,129736,148244,4216443,1585378,1585378,11531274,10,0,2,5.8,8.6,44.2,70.2,114.4,48.0,13.7,86.3,1.27,15581,99,73.68,11.04,0.0,0.0,0.08,0.23,1.30,45.0,0,5.5,0,0,0.0000,199999.9,4216443,4216443,656,0,2631065,4216443,4216443,4215139,4215139,2629759,0,0
1787618223,1073744576,1364078592,1073741824,9012084,0,130365,148700,4231802,1600741,1600741,11679973,10,1,1,6.1,7.8,47.1,67.1,114.2,50.0,13.7,86.3,1.27,15734,108,77.71,12.05,0.0,0.0,0.08,0.23,1.35,42.0,1,5.8,0,0,0.0000,199999.5,4231803,4231803,656,656,2631061,4231802,4231802,4230501,4230501,2629759,0,0
1787618224,1073743976,1362100224,1073741824,9127567,0,130516,148820,4246984,1615926,1615926,11828792,11,0,3,5.5,8.0,46.0,68.0,114.0,49.0,13.7,86.3,1.27,15538,101,73.55,11.05,0.0,1.0,0.08,0.24,1.30,45.0,1,5.5,0,0,0.0000,199999.8,4246984,4246984,656,0,2631058,4246984,4246984,4245688,4245688,2629759,0,0
1787618225,1073743168,1365114880,1073741824,9243293,0,130519,149073,4262157,1631108,1631108,11977864,11,0,2,5.3,8.2,41.0,73.0,114.0,48.0,13.6,86.4,1.27,15504,99,73.71,11.04,0.0,0.0,0.08,0.23,1.30,39.0,1,5.6,0,0,0.0000,200000.0,4262157,4262157,656,0,2631049,4262157,4262157,4260869,4260869,2629759,0,0
1787618227,1073744560,1364865024,1073741824,9359278,0,130817,149406,4277393,1646340,1646340,12127269,11,0,4,6.4,8.3,51.1,63.1,114.2,24.5,13.6,86.4,1.27,15605,101,73.64,11.26,0.0,0.0,0.08,0.24,1.30,50.0,0,5.5,0,0,0.0000,199999.3,4277393,4277393,656,0,2631053,4277393,4277393,4276103,4276103,2629759,0,0
1787618228,1073743552,1367347200,1073741824,9474429,0,130391,148396,4292790,1661744,1661744,12275664,11,0,2,5.1,8.8,48.6,65.6,114.2,49.0,13.5,86.5,1.27,7880,49,37.33,5.52,0.0,0.0,0.08,0.22,0.66,26.0,1,5.5,0,0,0.0000,200000.0,4292790,4292790,656,0,2631046,4292790,4292790,4291505,4291505,2629759,0,0
1787618229,1073743800,1366200320,1073741824,9589289,0,129754,148004,4308215,1677178,1677178,12423667,11,1,0,6.9,6.8,65.1,49.1,114.2,49.0,13.5,86.5,1.27,15761,99,74.34,11.04,0.0,0.0,0.08,0.23,1.32,58.0,0,5.5,0,0,0.0000,200000.0,4308216,4308215,656,0,2631037,4308215,4308215,4306937,4306937,2629759,0,0
1787618230,1073743888,1364824064,1073741824,9703901,0,129770,147604,4323279,1692240,1692240,12571270,11,0,4,6.3,8.6,53.1,61.1,114.2,50.0,13.5,86.5,1.27,15418,92,72.73,10.05,0.0,1.0,0.08,0.24,1.28,53.0,0,5.5,0,0,0.0000,200000.0,4323279,4323279,656,0,2631039,4323279,4323279,4322003,4322003,2629759,0,0
1787618231,1073743560,1366003712,1073741824,9818517,0,129480,147708,4338364,1707339,1707339,12718977,12,0,3,5.7,7.7,49.0,65.0,114.0,48.0,13.4,86.6,1.27,15480,110,76.30,12.25,0.0,0.0,0.08,0.23,1.33,36.0,3,5.8,0,0,0.0000,200000.0,4338364,4338364,656,0,2631025,4338364,4338364,4337101,4337101,2629759,0,0
1787618232,1073743568,1373736960,1073741824,9932784,0,129284,147259,4353267,1722246,1722246,12866235,12,0,2,5.8,8.0,52.0,62.0,114.0,48.0,13.4,86.6,1.28,15251,99,72.19,11.04,0.0,0.0,0.08,0.23,1.28,44.0,0,5.6,0,0,0.0000,200000.0,4353267,4353267,656,0,2631021,4353267,4353267,4352007,4352007,2629759,0,0
1787618233,1073744440,1376358400,1073741824,10046262,0,129021,146533,4368458,1737432,1737432,13012767,12,0,3,5.9,8.0,51.0,63.0,114.0,50.0,13.4,86.6,1.28,15523,99,73.61,11.04,0.0,0.0,0.08,0.24,1.30,43.0,0,5.5,0,0,0.0000,200000.0,4368458,4368458,656,0,2631026,4368458,4368458,4367194,4367194,2629759,0,0
1787618235,1073743776,1368899584,1073741824,10160738,0,128765,147519,4383472,1752449,1752449,13160285,12,0,2,6.0,8.4,48.7,65.7,114.4,24.0,13.3,86.7,1.27,15369,101,72.80,11.05,0.0,1.0,0.08,0.23,1.29,49.0,3,5.6,0,0,0.0000,200000.0,4383472,4383472,656,0,2631023,4383472,4383472,4382210,4382210,2629759,0,0
1787618236,1073743568,1371258880,1073741824,10274902,0,128740,146971,4398425,1767409,1767409,13307255,12,0,2,5.3,8.5,47.3,67.3,114.6,49.0,13.3,86.7,1.28,7625,49,36.17,5.52,0.0,0.0,0.08,0.23,0.64,21.0,0,5.6,0,0,0.0000,200000.0,4398425,4398425,656,0,2631016,4398425,4398425,4397170,4397170,2629759,0,0
1787618237,1073744456,1373618176,1073741824,10389462,0,128998,147517,4413424,1782398,1782398,13454771,12,0,4,5.3,8.6,41.1,73.1,114.2,49.0,13.2,86.8,1.28,15334,99,72.76,11.04,0.0,0.0,0.08,0.23,1.28,42.0,5,5.6,0,0,0.0000,200000.0,4413424,4413424,656,0,2631026,4413424,4413424,4412161,4412161,2629759,0,0
1787618238,1073744920,1369649152,1073741824,10503798,0,128971,147248,4428498,1797481,1797481,13602018,12,1,3,5.8,7.9,55.0,59.0,114.0,48.0,13.2,86.8,1.28,15394,99,72.86,11.04,0.0,0.0,0.08,0.23,1.30,41.0,0,5.5,0,0,0.0000,200000.0,4428499,4428499,656,656,2631017,4428498,4428498,4427243,4427243,2629759,0,0
1787618239,1073742976,1372139520,1073741824,10618393,0,129215,147622,4443518,1812509,1812509,13749639,12,0,2,5.9,7.9,47.5,66.5,114.0,49.0,13.2,86.8,1.28,15409,110,76.84,12.06,0.0,1.0,0.08,0.24,1.33,48.0,0,5.9,0,0,0.0000,200000.0,4443518,4443518,656,0,2631009,4443518,4443518,4442270,4442270,2629759,0,0
1787618240,1073745280,1369325568,1073741824,10733119,0,129353,147719,4458273,1827269,1827269,13897357,12,0,4,6.9,6.4,57.0,57.0,114.0,47.0,13.1,86.9,1.28,15120,90,72.15,10.04,0.0,0.0,0.08,0.23,1.27,44.0,0,5.5,0,0,0.0000,200000.0,4458273,4458273,656,0,2631004,4458273,4458273,4457032,4457032,2629759,0,0
1787618241,1073743416,1367560192,1073741824,10847656,0,128942,147455,4473221,1842212,1842212,14044811,12,0,1,5.3,8.1,51.2,63.2,114.4,49.0,13.1,86.9,1.27,15281,99,72.81,11.04,0.0,0.0,0.08,0.23,1.28,48.0,3,5.6,0,0,0.0000,200000.0,4473221,4473221,656,0,2631009,4473221,4473221,4471972,4471972,2629759,0,0
1787618243,1073743784,1369714688,1073741824,10961995,0,128615,147266,4488101,1857092,1857092,14192076,12,0,6,5.8,9.0,46.2,68.2,114.4,24.0,13.1,86.9,1.28,15235,99,72.59,11.04,0.0,0.0,0.08,0.24,1.27,47.0,2,5.6,0,0,0.0000,200000.0,4488101,4488101,656,0,2631009,4488101,4488101,4486857,4486857,2629759,0,0
1787618244,1073745008,1368489984,1073741824,11076945,0,129476,148078,4503266,1872265,1872265,14340153,12,0,4,5.7,7.8,45.7,68.7,114.4,49.0,13.1,86.9,1.27,7732,49,36.81,5.52,0.0,0.0,0.08,0.23,0.64,19.5,0,5.6,0,0,0.0000,200000.0,4503266,4503266,656,0,2631001,4503266,4503266,4502028,4502028,2629759,0,0
1787618245,1073744880,1370718208,1073741824,11191477,0,129534,147493,4518300,1887302,1887302,14487645,12,2,1,5.6,7.5,50.1,64.1,114.2,48.0,13.0,87.0,1.28,15400,101,73.06,11.05,0.0,1.0,0.08,0.23,1.29,47.0,4,5.6,0,0,0.0000,199999.2,4518302,4518301,656,656,2630998,4518300,4518300,4517062,4517062,2629759,0,0
1787618246,1073742920,1368657920,1073741824,11306484,0,129630,148073,4533386,1902385,1902385,14635717,12,1,3,5.5,8.0,43.2,71.2,114.4,49.0,13.0,87.0,1.27,15404,99,72.82,11.04,0.0,0.0,0.08,0.23,1.28,46.0,0,5.5,0,0,0.0000,199997.2,4533387,4533387,656,656,2631001,4533386,4533386,4532147,4532147,2629759,0,0
1787618247,1073743752,1366552576,1073741824,11421108,0,129559,147542,4548181,1917179,1917179,14783258,12,0,1,5.7,8.0,55.6,58.6,114.2,47.0,13.0,87.0,1.27,15134,108,75.72,12.05,0.0,0.0,0.08,0.23,1.31,52.0,2,5.9,0,0,0.0000,200000.0,4548181,4548181,656,0,2631002,4548181,4548181,4546939,4546939,2629759,0,0
1787618248,1073743200,1367830528,1073741824,11535702,0,129920,147728,4562856,1931851,1931851,14930985,12,0,1,5.9,7.9,52.0,62.0,114.0,48.0,12.9,87.1,1.27,14982,90,71.60,10.04,0.0,0.0,0.08,0.23,1.26,44.0,0,5.5,0,0,0.0000,200000.0,4562856,4562856,656,0,2631005,4562856,4562856,4561611,4561611,2629759,0,0
1787618249,1073743584,1364459520,1073741824,11649675,0,129368,146995,4577841,1946844,1946844,15077979,12,0,2,5.5,8.5,48.0,66.0,114.0,49.0,12.9,87.1,1.27,15312,101,72.70,11.05,0.0,1.0,0.08,0.24,1.29,49.0,0,5.6,0,0,0.0000,200000.0,4577841,4577841,656,0,2630997,4577841,4577841,4576605,4576605,2629759,0,0
1787618251,1073744272,1357520896,1073741824,11763261,0,128588,146521,4592753,1961748,1961748,15224499,12,0,3,5.4,8.6,43.0,71.0,114.0,24.0,12.9,87.1,1.26,15234,99,72.90,11.04,1.0,0.0,0.08,0.23,1.28,44.0,1,5.6,0,0,0.0000,200000.0,4592753,4592753,656,0,2631005,4592753,4592753,4591510,4591510,2629759,0,0
1787618252,1073743912,1352486912,1073741824,11877236,0,128740,146993,4607655,1976658,1976658,15371491,12,0,4,6.3,7.6,53.2,61.2,114.4,49.0,12.9,87.1,1.26,7623,49,36.32,5.52,0.0,0.0,0.08,0.23,0.64,29.5,0,5.6,0,0,0.0000,200000.0,4607655,4607655,656,0,2630997,4607655,4607655,4606421,4606421,2629759,0,0
1787618253,1073744488,1348431872,1073741824,11993241,0,130678,149729,4622901,1991900,1991900,15521219,12,0,2,5.2,8.2,44.0,70.0,114.0,49.0,12.8,87.2,1.26,15614,99,74.19,11.04,0.0,0.0,0.08,0.23,1.30,45.0,2,5.6,0,0,0.0000,200000.0,4622901,4622901,656,0,2631001,4622901,4622901,4621661,4621661,2629759,0,0
1787618254,1073744768,1341825024,1073741824,12108764,0,130893,148983,4637861,2006869,2006869,15670201,12,2,2,6.0,8.2,50.1,64.1,114.2,49.0,12.8,87.2,1.25,15276,90,72.80,10.04,0.0,0.0,0.08,0.23,1.28,37.0,0,5.5,0,0,0.0000,199999.4,4637863,4637863,656,1312,2630992,4637861,4637861,4636630,4636630,2629759,0,0
1787618255,1073742448,1339252736,1073741824,12225381,0,131079,150412,4653030,2022035,2022035,15820612,12,0,7,5.8,9.3,50.0,64.0,114.0,49.0,12.8,87.2,1.25,15517,119,77.62,13.06,0.0,1.0,0.09,0.24,1.37,47.0,0,5.9,0,0,0.0000,200000.0,4653030,4653030,656,0,2630995,4653030,4653030,4651801,4651801,2629759,0,0
1787618256,1073741472,1335914496,1073741824,12342287,0,131835,150796,4668040,2037049,2037049,15971407,12,0,6,6.4,8.2,54.0,60.0,114.0,49.0,12.8,87.2,1.24,15311,99,72.73,11.04,0.0,0.0,0.08,0.23,1.28,47.0,0,5.6,0,0,0.0000,200000.0,4668040,4668040,656,0,2630991,4668040,4668040,4666814,4666814,2629759,0,0
1787618257,1073744320,1331871744,1073741824,12458361,0,131650,149695,4683091,2052107,2052107,16121101,12,0,2,5.8,8.4,42.9,70.9,113.8,48.0,12.7,87.3,1.24,15378,99,73.55,11.04,0.0,0.0,0.08,0.23,1.29,49.0,0,5.6,0,0,0.0000,200000.0,4683091,4683091,656,0,2630984,4683091,4683091,4681868,4681868,2629759,0,0
1787618259,1073744632,1328668672,1073741824,12577097,0,133694,153389,4698579,2067602,2067602,16274489,12,0,2,5.8,8.2,49.0,65.0,114.0,25.5,12.7,87.3,1.24,15870,99,75.62,11.04,0.0,0.0,0.08,0.23,1.33,47.0,0,5.6,0,0,0.0000,200000.0,4698579,4698579,656,0,2630977,4698579,4698579,4697363,4697363,2629759,0,0
1787618260,1073743728,1327521792,1073741824,12696395,0,134734,154025,4713960,2082985,2082985,16428513,12,0,2,5.4,8.5,48.7,65.7,114.4,49.0,12.7,87.3,1.24,7843,55,37.35,6.03,0.0,0.5,0.08,0.24,0.66,23.0,4,5.6,0,0,0.0000,200000.0,4713960,4713960,656,0,2630975,4713960,4713960,4712746,4712746,2629759,0,0
1787618261,1073744664,1319743488,1073741824,12815748,0,134838,154166,4729659,2098697,2098697,16582678,12,0,2,5.6,8.3,47.3,67.3,114.6,50.0,12.7,87.3,1.23,16059,99,76.47,11.04,0.0,0.0,0.08,0.22,1.35,47.0,4,5.5,0,0,0.0000,200000.0,4729659,4729659,656,0,2630962,4729659,4729659,4728458,4728458,2629759,0,0
1787618262,1073745240,1316929536,1073741824,12935422,0,135146,154647,4745119,2114154,2114154,16737324,12,1,5,6.2,8.2,46.7,67.7,114.4,51.0,12.6,87.4,1.23,15800,99,75.48,11.04,0.0,0.0,0.08,0.24,1.33,53.0,0,5.6,0,0,0.0000,200000.0,4745120,4745120,656,656,2630965,4745119,4745119,4743918,4743918,2629759,0,0
1787618263,1073744008,1322958848,1073741824,13054879,0,135542,154345,4760710,2129747,2129747,16891668,12,0,4,6.4,8.2,56.1,58.2,114.3,50.0,12.6,87.4,1.23,15969,108,80.07,12.05,0.0,0.0,0.08,0.23,1.38,46.0,0,5.9,0,0,0.0000,200000.0,4760710,4760710,656,0,2630963,4760710,4760710,4759510,4759510,2629759,0,0
1787618264,1073743336,1324650496,1073741824,13174696,0,135857,154905,4776289,2145321,2145321,17046572,12,0,3,6.7,7.7,51.1,63.1,114.2,51.0,12.6,87.4,1.23,15921,110,76.04,12.06,0.0,1.0,0.08,0.23,1.34,53.0,0,5.6,0,0,0.0000,200000.0,4776289,4776289,656,0,2630968,4776289,4776289,4775083,4775083,2629759,0,0
1787618265,1073743656,1320308736,1073741824,13296847,0,138555,158359,4792205,2161241,2161241,17204930,12,0,3,5.8,9.1,48.0,66.0,114.0,50.0,12.6,87.4,1.23,16259,99,77.66,11.04,0.0,0.0,0.08,0.23,1.37,44.0,2,5.6,0,0,0.0000,199999.8,4792205,4792205,656,0,2630964,4792205,4792205,4791003,4791003,2629759,0,0
1787618267,1073744536,1321750528,1073741824,13418966,0,139002,158230,4808108,2177146,2177146,17363159,12,0,3,5.4,9.0,36.1,78.1,114.2,25.0,12.5,87.5,1.23,16215,108,77.05,12.05,0.0,0.0,0.08,0.23,1.36,41.0,2,5.6,0,0,0.0000,200000.0,4808108,4808108,656,0,2630962,4808108,4808108,4806908,4806908,2629759,0,0
1787618268,1073743320,1323270144,1073741824,13540781,0,138486,157880,4823960,2193008,2193008,17521038,12,0,2,6.6,8.0,57.0,57.0,114.0,50.0,12.5,87.5,1.23,8114,49,38.94,5.52,0.0,0.0,0.08,0.23,0.68,28.5,1,5.6,0,0,0.0000,200000.0,4823960,4823960,656,0,2630952,4823960,4823960,4822769,4822769,2629759,0,0
1787618269,1073744200,1319211008,1073741824,13663177,0,139067,158783,4839997,2209038,2209038,17679820,12,0,1,6.1,7.8,51.6,62.6,114.2,51.0,12.5,87.5,1.23,16381,108,78.35,12.05,0.0,0.0,0.08,0.24,1.38,47.0,3,5.6,0,0,0.0000,200000.0,4839997,4839997,656,0,2630959,4839997,4839997,4838798,4838798,2629759,0,0
1787618270,1073744064,1316098048,1073741824,13785515,0,138924,158682,4856020,2225063,2225063,17838501,12,0,1,5.7,8.7,45.1,69.1,114.2,51.0,12.5,87.5,1.23,16335,110,78.18,12.06,0.0,1.0,0.08,0.22,1.39,34.0,4,5.6,0,0,0.0000,200000.0,4856020,4856020,656,0,2630957,4856020,4856020,4854823,4854823,2629759,0,0
1787618271,1073744520,1322258432,1073741824,13908274,0,138864,159098,4871887,2240923,2240923,17997598,12,1,3,5.5,9.0,44.1,70.1,114.2,50.0,12.5,87.5,1.23,16256,117,81.98,13.05,0.0,0.0,0.09,0.23,1.41,44.0,1,5.9,0,0,0.0000,200000.0,4871888,4871888,656,656,2630964,4871887,4871887,4870685,4870685,2629759,0,0
1787618272,1073741984,1317769216,1073741824,14030565,0,138795,158574,4888034,2257073,2257073,18156171,12,0,4,5.2,8.0,50.0,64.0,114.0,50.0,12.4,87.6,1.23,16473,99,78.61,11.04,0.0,0.0,0.08,0.23,1.38,40.0,2,5.5,0,0,0.0000,199998.2,4888034,4888034,656,0,2630961,4888034,4888034,4886836,4886836,2629759,0,0
1787618273,1073743280,1319342080,1073741824,14153167,0,138488,158903,4904174,2273213,2273213,18315073,12,0,1,5.8,8.8,52.8,61.8,114.6,51.0,12.4,87.6,1.23,16519,99,78.71,11.04,0.0,0.0,0.08,0.23,1.39,48.0,0,5.5,0,0,0.0000,200000.0,4904174,4904174,656,0,2630961,4904174,4904174,4902973,4902973,2629759,0,0
1787618275,1073744368,1321177088,1073741824,14276032,0,139476,159263,4920115,2289163,2289163,18474335,12,0,3,6.0,8.2,48.0,66.0,114.0,25.0,12.4,87.6,1.23,16279,110,77.59,12.06,0.0,1.0,0.08,0.23,1.37,46.0,3,5.6,0,0,0.0000,200000.0,4920115,4920115,656,0,2630952,4920115,4920115,4918925,4918925,2629759,0,0
1787618276,1073743464,1322602496,1073741824,14398743,0,139526,159101,4936023,2305068,2305068,18633435,12,0,0,6.1,8.9,44.0,70.1,114.1,51.0,12.4,87.6,1.23,8111,54,38.91,6.02,0.0,0.0,0.08,0.23,0.68,29.0,0,5.6,0,0,0.0000,200000.0,4936023,4936023,656,0,2630955,4936023,4936023,4934827,4934827,2629759,0,0
1787618277,1073742816,1318023168,1073741824,14521033,0,139071,158690,4952026,2321071,2321071,18792124,12,0,4,5.5,8.1,47.1,67.1,114.2,50.0,12.4,87.6,1.23,16344,99,78.40,11.04,0.0,0.0,0.08,0.23,1.38,52.0,2,5.6,0,0,0.0000,200000.0,4952026,4952026,656,0,2630955,4952026,4952026,4950834,4950834,2629759,0,0
1787618278,1073742768,1314541568,1073741824,14642647,0,138412,157758,4967818,2336870,2336870,18949881,12,0,4,6.2,8.2,54.7,59.6,114.3,50.0,12.3,87.7,1.22,16138,108,77.24,12.05,0.0,0.0,0.08,0.24,1.37,52.0,0,5.6,0,0,0.0000,199998.2,4967818,4967818,656,0,2630948,4967818,4967818,4966633,4966633,2629759,0,0
1787618279,1073744632,1320701952,1073741824,14765532,0,139235,159464,4983897,2352942,2352942,19109344,12,1,3,5.7,8.6,45.2,69.2,114.4,51.0,12.3,87.7,1.23,16444,119,82.92,13.06,0.0,1.0,0.09,0.23,1.46,53.0,3,5.9,0,0,0.0000,200000.0,4983898,4983898,656,656,2630955,4983897,4983897,4982704,4982704,2629759,0,0
1787618280,1073745264,1316544512,1073741824,14887425,0,139079,158154,4999655,2368709,2368709,19267497,12,2,2,6.2,8.3,54.1,60.1,114.2,50.0,12.3,87.7,1.23,16096,108,77.08,12.05,0.0,0.0,0.08,0.23,1.37,47.0,0,5.6,0,0,0.0000,199999.8,4999657,4999657,656,1312,2630946,4999655,4999655,4998470,4998470,2629759,0,0
1787618281,1073742216,1318117376,1073741824,15009715,0,138983,158654,5015683,2384739,2384739,19426150,12,0,3,6.6,8.7,56.1,58.1,114.2,50.0,12.3,87.7,1.23,16358,108,78.14,12.05,0.0,0.0,0.08,0.23,1.39,53.0,0,5.6,0,0,0.0000,200000.0,5015683,5015683,656,0,2630944,5015683,5015683,5014501,5014501,2629759,0,0
1787618283,1073742880,1319227392,1073741824,15132186,0,139274,158736,5031526,2400587,2400587,19584885,12,0,2,6.1,7.8,53.0,61.0,114.0,51.0,12.3,87.7,1.23,16227,99,77.48,11.04,0.0,0.0,0.08,0.23,1.36,53.0,4,5.6,0,0,0.0000,200000.0,5031526,5031526,656,0,2630939,5031526,5031526,5030348,5030348,2629759,0,0
1787618284,1073743944,1315934208,1073741824,15254615,0,139219,158568,5047593,2416653,2416653,19743452,12,0,1,5.9,7.7,47.6,66.5,114.1,25.0,12.2,87.8,1.23,8180,49,39.26,5.52,0.0,0.0,0.08,0.23,0.69,21.5,0,5.6,0,0,0.0000,200000.0,5047593,5047593,656,0,2630940,5047593,5047593,5046413,5046413,2629759,0,0
1787618285,1073744616,1317376000,1073741824,15377101,0,139202,158573,5063538,2432593,2432593,19902024,12,1,4,5.8,8.6,44.0,70.0,114.0,51.0,12.2,87.8,1.23,16243,110,77.75,12.06,0.0,1.0,0.08,0.24,1.38,40.0,0,5.6,0,0,0.0000,200000.0,5063539,5063539,656,656,2630945,5063538,5063538,5062356,5062356,2629759,0,0
1787618286,1073743904,1318686720,1073741824,15499683,0,139077,158647,5079510,2448571,2448571,20060670,12,0,2,6.2,7.4,53.0,61.0,114.0,49.0,12.2,87.8,1.23,16278,99,78.00,11.04,0.0,0.0,0.08,0.22,1.38,42.0,0,5.6,0,0,0.0000,200000.0,5079510,5079510,656,0,2630939,5079510,5079510,5078332,5078332,2629759,0,0
1787618287,1073743336,1319997440,1073741824,15622361,0,138662,158810,5095421,2464478,2464478,20219479,12,0,1,5.9,9.0,51.2,63.2,114.4,52.0,12.2,87.8,1.23,16303,126,82.82,14.05,0.0,0.0,0.09,0.24,1.44,50.0,0,6.0,0,0,0.0000,200000.0,5095421,5095421,656,0,2630943,5095421,5095421,5094238,5094238,2629759,0,0
1787618288,1073745744,1316864000,1073741824,15744577,0,138610,158298,5111297,2480351,2480351,20377776,12,3,2,6.1,7.7,48.1,66.1,114.2,49.0,12.2,87.8,1.23,16205,99,77.66,11.04,0.0,0.0,0.08,0.22,1.37,44.0,0,5.6,0,0,0.0000,199998.5,5111300,5111300,656,1968,2630946,5111297,5111297,5110112,5110112,2629759,0,0
1787618289,1073744888,1317912576,1073741824,15867762,0,139213,159537,5127147,2496201,2496201,20537312,12,1,3,6.2,9.1,52.8,61.8,114.6,51.0,12.2,87.8,1.23,16243,110,78.09,12.06,0.0,1.0,0.08,0.24,1.38,49.0,0,5.6,0,0,0.0000,199999.4,5127148,5127148,656,656,2630946,5127147,5127147,5125963,5125963,2629759,0,0
1787618291,1073745952,1313992704,1073741824,15990258,0,139162,158640,5143106,2512164,2512164,20695951,12,3,2,5.6,8.6,40.1,74.2,114.3,50.0,12.1,87.9,1.22,16284,108,78.20,12.05,0.0,0.0,0.08,0.23,1.39,46.0,2,5.6,0,0,0.0000,200000.0,5143109,5143106,656,0,2630942,5143106,5143106,5141925,5141925,2629759,0,0
1787618292,1073744584,1315684352,1073741824,16113418,0,138917,159606,5159231,2528297,2528297,20855556,12,1,2,5.7,8.8,49.7,64.7,114.4,25.0,12.1,87.9,1.23,8236,54,39.42,6.02,0.0,0.0,0.08,0.23,0.69,27.0,1,5.6,0,0,0.0000,200000.0,5159232,5159232,656,656,2630934,5159231,5159231,5158058,5158058,2629759,0,0
1787618293,1073744704,1316864000,1073741824,16235789,0,139244,158610,5175429,2544488,2544488,21014165,12,1,2,6.3,8.0,51.2,63.2,114.4,51.0,12.1,87.9,1.23,16513,90,78.88,10.04,0.0,0.0,0.08,0.23,1.40,53.0,1,5.5,0,0,0.0000,200000.0,5175430,5175430,656,656,2630941,5175429,5175429,5174249,5174249,2629759,0,0
1787618294,1073745232,1315471360,1073741824,16358468,0,138914,158912,5191563,2560618,2560618,21173076,12,1,4,5.3,9.5,40.2,74.3,114.5,51.0,12.1,87.9,1.23,16475,108,79.01,12.05,0.0,0.0,0.08,0.23,1.40,42.0,6,5.6,0,0,0.0000,200000.0,5191564,5191564,656,656,2630945,5191563,5191563,5190381,5190381,2629759,0,0
1787618295,1073743832,1316651008,1073741824,16481454,0,139219,159359,5207495,2576554,2576554,21332434,12,0,2,5.0,8.7,46.8,67.7,114.5,50.0,12.1,87.9,1.23,16276,128,83.14,14.07,0.0,1.0,0.09,0.23,1.44,40.0,4,6.1,0,0,0.0000,200000.0,5207495,5207495,656,0,2630941,5207495,5207495,5206315,5206315,2629759,0,0
1787618296,1073744248,1315262464,1073741824,16603122,0,138381,157628,5223299,2592355,2592355,21490061,12,1,1,6.1,7.9,50.1,64.2,114.3,52.0,12.1,87.9,1.22,16098,99,77.29,11.04,0.0,0.0,0.08,0.23,1.36,51.0,0,5.6,0,0,0.0000,199999.7,5223300,5223300,656,656,2630944,5223299,5223299,5222115,5222115,2629759,0,0
1787618297,1073743976,1316573184,1073741824,16725198,0,138224,158268,5239345,2608399,2608399,21648328,12,0,2,5.0,9.3,35.8,78.8,114.6,50.0,12.0,88.0,1.23,16375,108,79.08,12.05,0.0,0.0,0.08,0.23,1.39,38.0,0,5.7,0,0,0.0000,200000.0,5239345,5239345,656,0,2630946,5239345,5239345,5238160,5238160,2629759,0,0
1787618299,1073743032,1317752832,1073741824,16846890,0,138384,157649,5255260,2624306,2624306,21805976,12,0,6,5.9,7.6,44.2,70.2,114.4,25.0,12.0,88.0,1.23,16200,108,77.81,12.05,0.0,0.0,0.08,0.23,1.38,37.0,0,5.6,0,0,0.0000,200000.0,5255260,5255260,656,0,2630954,5255260,5255260,5254071,5254071,2629759,0,0
1787618300,1073744328,1316122624,1073741824,16968217,0,138143,157195,5270908,2639958,2639958,21963170,12,1,0,5.4,9.1,45.1,69.1,114.2,50.0,12.0,88.0,1.23,7970,55,38.44,6.03,0.0,0.5,0.08,0.23,0.67,24.0,3,5.7,0,0,0.0000,199999.8,5270909,5270908,656,0,2630950,5270908,5270908,5269717,5269717,2629759,0,0
1787618301,1073743488,1317040128,1073741824,17090286,0,138329,158237,5286775,2655823,2655823,22121406,12,0,5,6.1,8.0,50.7,63.7,114.4,50.0,12.0,88.0,1.23,16178,99,77.93,11.04,0.0,0.0,0.08,0.24,1.38,45.0,3,5.6,0,0,0.0000,200000.0,5286775,5286775,656,0,2630952,5286775,5286775,5285587,5285587,2629759,0,0
1787618302,1073744488,1318219776,1073741824,17212161,0,138520,157834,5302788,2671842,2671842,22279239,12,0,1,6.3,7.8,50.1,64.1,114.2,51.0,12.0,88.0,1.23,16332,99,78.64,11.04,0.0,0.0,0.08,0.23,1.39,40.0,0,5.6,0,0,0.0000,200000.0,5302788,5302788,656,0,2630946,5302788,5302788,5301602,5301602,2629759,0,0
1787618303,1073744384,1324511232,1073741824,17333385,0,137024,156666,5318538,2687589,2687589,22435904,12,0,2,5.9,7.9,46.1,68.1,114.2,50.0,12.0,88.0,1.23,16130,117,82.66,13.05,0.0,0.0,0.09,0.23,1.47,44.0,0,6.0,0,0,0.0000,200000.0,5318538,5318538,656,0,2630949,5318538,5318538,5317350,5317350,2629759,0,0
1787618304,1073744456,1321537536,1073741824,17454179,0,136980,156386,5334303,2703356,2703356,22592289,12,0,2,6.6,8.2,44.0,70.0,114.0,50.0,12.0,88.0,1.23,16047,110,77.46,12.06,0.0,1.0,0.08,0.23,1.37,51.0,0,5.7,0,0,0.0000,200000.0,5334303,5334303,656,0,2630947,5334303,5334303,5333117,5333117,2629759,0,0
1787618305,1073744408,1322586112,1073741824,17574620,0,136727,156011,5349873,2718926,2718926,22748299,12,1,4,5.2,9.3,43.0,71.0,114.0,50.0,12.0,88.0,1.23,15916,108,76.50,12.05,0.0,0.0,0.08,0.23,1.36,45.0,0,5.7,0,0,0.0000,199999.6,5349874,5349874,656,656,2630947,5349873,5349873,5348689,5348689,2629759,0,0
1787618307,1073743816,1323503616,1073741824,17695983,0,137232,157160,5365361,2734414,2734414,22905458,12,0,1,4.9,9.6,41.1,73.1,114.2,50.0,11.9,88.1,1.23,15792,99,76.38,11.04,0.0,0.0,0.08,0.23,1.34,39.0,0,5.6,0,0,0.0000,200000.0,5365361,5365361,656,0,2630947,5365361,5365361,5364174,5364174,2629759,0,0
1787618308,1073743808,1324683264,1073741824,17816298,0,136248,155520,5380933,2749987,2749987,23060977,12,0,3,6.5,8.2,51.7,62.7,114.4,25.5,11.9,88.1,1.23,7943,54,38.32,6.02,0.0,0.0,0.08,0.23,0.68,25.0,0,5.7,0,0,0.0000,199999.7,5380933,5380933,656,0,2630946,5380933,5380933,5379749,5379749,2629759,0,0
1787618309,1073743888,1320206336,1073741824,17937539,0,137587,156839,5396641,2765686,2765686,23217815,12,0,3,6.9,7.0,55.0,59.0,114.0,48.0,11.9,88.1,1.23,16013,99,77.32,11.04,0.0,0.0,0.08,0.23,1.36,45.0,0,5.6,0,0,0.0000,200000.0,5396641,5396641,656,0,2630955,5396641,5396641,5395448,5395448,2629759,0,0
1787618310,1073743592,1321254912,1073741824,18058620,0,137308,156577,5412371,2781425,2781425,23374391,12,0,3,5.6,8.5,48.2,66.2,114.4,52.0,11.9,88.1,1.23,16053,101,77.67,11.05,0.0,1.0,0.08,0.23,1.38,46.0,0,5.6,0,0,0.0000,199999.8,5412371,5412371,656,0,2630946,5412371,5412371,5411187,5411187,2629759,0,0
1787618311,1073743232,1322041344,1073741824,18179265,0,137010,156091,5428152,2797207,2797207,23530481,12,0,2,6.3,7.8,49.1,65.2,114.3,49.0,11.9,88.1,1.23,16133,117,83.06,13.05,0.0,0.0,0.09,0.23,1.44,46.0,3,6.1,0,0,0.0000,199999.9,5428152,5428152,656,0,2630945,5428152,5428152,5426968,5426968,2629759,0,0
1787618312,1073743496,1323089920,1073741824,18300254,0,136902,156450,5443939,2812991,2812991,23686930,12,0,2,5.9,7.8,47.6,66.5,114.1,51.0,11.9,88.1,1.23,16117,108,77.44,12.05,0.0,0.0,0.08,0.23,1.38,47.0,0,5.6,0,0,0.0000,199999.7,5443939,5443939,656,0,2630948,5443939,5443939,5442752,5442752,2629759,0,0
1787618313,1073743952,1324007424,1073741824,18420563,0,137076,155663,5459497,2828555,2828555,23842592,12,0,2,5.7,8.8,50.0,64.1,114.1,49.0,11.9,88.1,1.23,15902,108,77.11,12.05,0.0,0.0,0.08,0.24,1.36,51.0,2,5.7,0,0,0.0000,200000.0,5459497,5459497,656,0,2630942,5459497,5459497,5458316,5458316,2629759,0,0
1787618315,1073744344,1317330944,1073741824,18542202,0,137367,156991,5475241,2844302,2844302,23999582,12,0,2,4.9,8.9,47.1,67.1,114.2,50.0,11.9,88.1,1.23,16088,101,77.73,11.05,0.0,1.0,0.08,0.23,1.39,40.0,0,5.6,0,0,0.0000,200000.0,5475241,5475241,656,0,2630939,5475240,5475240,5474062,5474062,2629759,0,0
1787618316,1073743744,1318379520,1073741824,18662788,0,136897,155788,5490774,2859827,2859827,24155369,12,0,2,6.6,7.9,52.2,62.3,114.5,25.0,11.8,88.2,1.23,7911,54,38.33,6.02,0.0,0.0,0.08,0.23,0.68,23.5,0,5.7,0,0,0.0000,200000.0,5490774,5490774,656,0,2630947,5490773,5490773,5489587,5489587,2629759,0,0
1787618317,1073746040,1319297024,1073741824,18782340,0,135735,154419,5506181,2875229,2875229,24309787,12,1,5,6.9,7.8,55.8,58.7,114.5,50.0,11.8,88.2,1.23,15709,108,76.03,12.05,0.0,0.0,0.08,0.24,1.36,53.0,0,5.7,0,0,0.0000,200000.0,5506182,5506182,656,656,2630952,5506180,5506180,5504992,5504992,2629759,0,0
1787618318,1073744456,1320214528,1073741824,18902768,0,135833,155567,5521875,2890932,2890932,24465353,12,1,1,6.7,7.4,58.2,56.2,114.4,50.0,11.8,88.2,1.23,16020,99,77.45,11.04,0.0,0.0,0.08,0.23,1.38,44.0,2,5.6,0,0,0.0000,199999.6,5521876,5521875,656,0,2630943,5521874,5521874,5520691,5520691,2629759,0,0
1787618319,1073743920,1321132032,1073741824,19023324,0,136566,155712,5537522,2906576,2906576,24621064,12,0,2,5.2,8.9,44.0,70.0,114.0,50.0,11.8,88.2,1.23,15982,108,82.34,12.05,0.0,0.0,0.09,0.23,1.44,47.0,0,6.0,0,0,0.0000,200000.0,5537522,5537522,656,0,2630946,5537521,5537521,5536336,5536336,2629759,0,0
1787618320,1073744984,1322180608,1073741824,19143439,0,136084,155127,5553081,2922143,2922143,24776190,12,0,3,6.3,7.7,54.7,59.6,114.3,50.0,11.8,88.2,1.23,15880,110,76.66,12.06,0.0,1.0,0.08,0.24,1.36,43.0,0,5.7,0,0,0.0000,199999.9,5553081,5553081,656,0,2630938,5553080,5553080,5551904,5551904,2629759,0,0
1787618321,1073743896,1322967040,1073741824,19265004,0,136339,156897,5568475,2937536,2937536,24933086,12,0,2,5.4,8.1,49.2,65.2,114.4,49.0,11.8,88.2,1.23,15725,99,76.18,11.04,0.0,0.0,0.08,0.23,1.34,43.0,0,5.6,0,0,0.0000,200000.0,5568475,5568475,656,0,2630939,5568474,5568474,5567296,5567296,2629759,0,0
1787618323,1073746304,1323483136,1073741824,19385724,0,136988,155990,5584311,2953375,2953375,25089075,12,4,2,6.0,8.3,50.0,64.1,114.1,52.0,11.8,88.2,1.23,16145,108,77.78,12.05,0.0,0.0,0.08,0.23,1.40,49.0,0,5.7,0,0,0.0000,199998.1,5584315,5584315,656,2624,2630936,5584310,5584310,5583135,5583135,2629759,0,0
1787618324,1073742600,1324400640,1073741824,19506516,0,136557,155920,5599967,2969027,2969027,25244994,12,0,3,5.7,8.4,38.0,76.0,114.0,24.5,11.8,88.2,1.23,7969,54,38.65,6.02,0.0,0.0,0.08,0.23,0.68,22.5,0,5.7,0,0,0.0000,200000.0,5599967,5599967,656,0,2630940,5599966,5599966,5598788,5598788,2629759,0,0
1787618325,1073743200,1320755200,1073741824,19627478,0,136505,156513,5615794,2984852,2984852,25401506,12,0,5,5.7,8.6,47.8,66.8,114.6,51.0,11.8,88.2,1.23,16138,105,78.21,11.66,0.0,1.0,0.08,0.24,1.39,47.0,1,5.7,0,0,0.0000,200000.0,5615794,5615794,656,0,2630942,5615793,5615793,5614615,5614615,2629759,0,0
1787618326,1073746168,1315520512,1073741824,19748145,0,136676,156015,5631400,3000458,3000458,25557520,12,4,2,5.1,8.8,46.1,68.1,114.2,49.0,11.7,88.3,1.23,15869,108,77.14,12.05,0.0,0.0,0.08,0.23,1.36,44.0,0,5.7,0,0,0.0000,199999.1,5631404,5631404,656,2624,2630942,5631399,5631399,5630218,5630218,2629759,0,0
1787618327,1073743496,1321943040,1073741824,19868362,0,136304,155572,5647102,3016169,3016169,25713091,12,0,1,6.3,8.6,58.1,56.2,114.3,52.0,11.7,88.3,1.23,16057,108,83.11,12.05,0.0,0.0,0.09,0.23,1.43,46.0,2,6.0,0,0,0.0000,200000.0,5647102,5647102,656,0,2630933,5647101,5647101,5645928,5645928,2629759,0,0
1787618328,1073743032,1322729472,1073741824,19989569,0,136445,156760,5662714,3031782,3031782,25869850,12,0,2,6.0,8.2,53.8,60.7,114.5,49.0,11.7,88.3,1.23,15923,108,77.30,12.05,0.0,0.0,0.08,0.23,1.38,51.0,2,5.7,0,0,0.0000,200000.0,5662714,5662714,656,0,2630932,5662713,5662713,5661542,5661542,2629759,0,0
1787618329,1073744168,1318400000,1073741824,20112105,0,138121,158192,5678474,3047535,3047535,26028041,12,0,3,6.5,7.9,52.2,62.3,114.5,50.0,11.7,88.3,1.23,16128,110,78.16,12.06,0.0,1.0,0.08,0.24,1.39,49.0,0,5.7,0,0,0.0000,200000.0,5678474,5678474,656,0,2630939,5678473,5678473,5677296,5677296,2629759,0,0
1787618331,1073747728,1316806656,1073741824,20233316,0,137616,156746,5694099,3063168,3063168,26184786,12,6,4,6.3,8.7,48.2,66.2,114.4,51.0,11.7,88.3,1.23,15938,99,77.39,11.04,0.0,0.0,0.08,0.23,1.37,51.0,2,5.6,0,0,0.0000,199998.5,5694105,5694105,656,3936,2630931,5694098,5694098,5692930,5692930,2629759,0,0
1787618332,1073743464,1317462016,1073741824,20353677,0,136946,155756,5709865,3078927,3078927,26340541,12,0,3,5.4,8.6,44.6,69.5,114.1,25.0,11.7,88.3,1.23,8036,54,38.93,6.02,0.0,0.0,0.08,0.23,0.69,21.0,0,5.7,0,0,0.0000,200000.0,5709865,5709865,656,0,2630938,5709864,5709864,5708688,5708688,2629759,0,0
1787618333,1073743624,1318248448,1073741824,20474832,0,137189,156736,5725538,3094606,3094606,26497276,12,0,2,6.7,7.9,57.1,57.1,114.2,50.0,11.7,88.3,1.23,15987,108,77.55,12.05,0.0,0.0,0.08,0.23,1.38,57.0,2,5.7,0,0,0.0000,200000.0,5725538,5725538,656,0,2630932,5725537,5725537,5724366,5724366,2629759,0,0
1787618334,1073743920,1312919552,1073741824,20595844,0,137504,156532,5741028,3110089,3110089,26653807,12,0,3,6.2,7.9,51.1,63.1,114.2,49.0,11.7,88.3,1.22,15797,108,76.75,12.05,0.0,0.0,0.09,0.23,1.37,52.0,1,5.7,0,0,0.0000,199999.9,5741028,5741028,656,0,2630939,5741027,5741027,5739850,5739850,2629759,0,0
1787618335,1073743760,1319342080,1073741824,20716865,0,137233,156508,5756502,3125563,3125563,26810314,12,0,2,6.2,8.3,60.1,54.1,114.2,50.0,11.7,88.3,1.23,15856,110,82.31,12.06,0.0,1.0,0.09,0.23,1.44,50.0,0,6.1,0,0,0.0000,199998.8,5756502,5756502,656,0,2630939,5756501,5756501,5755323,5755323,2629759,0,0
1787618336,1073743704,1320415232,1073741824,20838110,0,137295,156826,5772113,3141178,3141178,26967139,12,0,3,4.8,9.2,43.2,71.2,114.4,52.0,11.6,88.4,1.23,15901,99,77.18,11.04,0.0,0.0,0.09,0.23,1.42,45.0,0,5.6,0,0,0.0000,200000.0,5772113,5772113,656,0,2630935,5772112,5772112,5770939,5770939,2629759,0,0
1787618337,1073744128,1313615872,1073741824,20959001,0,137074,156346,5787713,3156780,3156780,27123484,12,0,3,6.6,8.1,47.6,66.5,114.1,48.0,11.6,88.4,1.22,15899,108,77.25,12.05,0.0,0.0,0.08,0.23,1.38,48.0,0,5.7,0,0,0.0000,200000.0,5787713,5787713,656,0,2630933,5787712,5787712,5786541,5786541,2629759,0,0
1787618339,1073743816,1314271232,1073741824,21079907,0,136829,156315,5803214,3172282,3172282,27279798,12,0,3,5.6,8.8,48.0,66.0,114.0,53.0,11.6,88.4,1.22,15755,108,76.88,12.05,0.0,0.0,0.09,0.24,1.36,41.0,5,5.7,0,0,0.0000,200000.0,5803214,5803214,656,0,2630932,5803213,5803213,5802043,5802043,2629759,0,0
1787618340,1073742616,1314795520,1073741824,21200545,0,136786,156028,5818996,3188062,3188062,27435825,12,0,5,6.0,8.6,47.0,67.0,114.0,24.5,11.6,88.4,1.22,8050,55,39.10,6.03,0.0,0.5,0.08,0.23,0.70,23.5,0,5.7,0,0,0.0000,199997.3,5818996,5818996,656,0,2630934,5818995,5818995,5817825,5817825,2629759,0,0
1787618341,1073743728,1311846400,1073741824,21321103,0,136585,155940,5834682,3203755,3203755,27591764,12,0,2,7.0,7.8,59.0,55.0,114.0,51.0,11.6,88.4,1.22,16000,108,77.68,12.05,0.0,0.0,0.08,0.23,1.38,54.0,0,5.7,0,0,0.0000,200000.0,5834682,5834682,656,0,2630927,5834681,5834681,5833515,5833515,2629759,0,0
1787618342,1073743576,1306230784,1073741824,21441522,0,136624,155751,5850179,3219254,3219254,27747514,13,0,1,5.9,7.9,46.1,68.1,114.2,49.0,11.6,88.4,1.22,15810,99,76.81,11.04,0.0,0.0,0.08,0.23,1.36,45.0,0,5.7,0,0,0.0000,200000.0,5850179,5850179,656,0,2630925,5850178,5850178,5849013,5849013,2629759,0,0
1787618343,1073743848,1312784384,1073741824,21562120,0,136204,155991,5865753,3234825,3234825,27903504,13,0,2,6.1,8.2,47.2,67.2,114.4,51.0,11.6,88.4,1.22,15932,108,83.35,12.05,0.0,0.0,0.09,0.24,1.46,47.0,0,6.1,0,0,0.0000,200000.0,5865753,5865753,656,0,2630928,5865752,5865752,5864585,5864585,2629759,0,0
1787618344,1073743360,1309495296,1073741824,21682295,0,135622,155421,5881285,3250360,3250360,28058924,13,0,2,5.4,8.9,42.9,71.9,114.8,50.0,11.6,88.4,1.22,15846,108,77.09,12.05,0.0,0.0,0.08,0.23,1.36,49.0,2,5.7,0,0,0.0000,199999.5,5881285,5881285,656,0,2630925,5881284,5881284,5880120,5880120,2629759,0,0
1787618345,1073743144,1310150656,1073741824,21803738,0,136650,157034,5896858,3265934,3265934,28215957,13,0,1,5.7,8.5,46.8,67.8,114.6,50.0,11.6,88.4,1.22,15878,110,77.09,12.06,0.0,1.0,0.09,0.23,1.37,50.0,0,5.7,0,0,0.0000,200000.0,5896858,5896858,656,0,2630924,5896857,5896857,5895693,5895693,2629759,0,0
1787618347,1073744168,1310806016,1073741824,21924417,0,136767,156057,5912617,3281690,3281690,28372013,13,0,2,6.2,7.6,54.2,60.2,114.4,49.0,11.6,88.4,1.22,16088,108,78.28,12.05,0.0,0.0,0.08,0.23,1.39,48.0,0,5.7,0,0,0.0000,200000.0,5912617,5912617,656,0,2630927,5912616,5912616,5911450,5911450,2629759,0,0
1787618348,1073743496,1311461376,1073741824,22045547,0,136984,156664,5928212,3297291,3297291,28528676,13,0,3,6.2,7.7,53.1,61.1,114.2,25.5,11.6,88.4,1.22,7944,54,38.66,6.02,0.0,0.0,0.08,0.23,0.68,23.0,4,5.7,0,0,0.0000,200000.0,5928212,5928212,656,0,2630921,5928211,5928211,5927052,5927052,2629759,0,0
1787618349,1073743520,1307475968,1073741824,22166766,0,137583,156745,5943660,3312739,3312739,28685420,13,0,1,5.7,8.5,43.0,71.0,114.0,50.0,11.5,88.5,1.22,15794,108,76.95,12.05,0.0,0.0,0.08,0.23,1.36,51.0,2,5.7,0,0,0.0000,200000.0,5943660,5943660,656,0,2630921,5943659,5943659,5942498,5942498,2629759,0,0
1787618350,1073743736,1301913600,1073741824,22287753,0,137544,156414,5959214,3328292,3328292,28841833,13,0,1,6.1,8.5,49.6,64.6,114.2,49.0,11.5,88.5,1.21,15875,101,77.33,11.05,0.0,1.0,0.08,0.24,1.37,48.0,0,5.7,0,0,0.0000,199999.7,5959214,5959214,656,0,2630922,5959213,5959213,5958051,5958051,2629759,0,0
1787618351,1073744224,1308598272,1073741824,22408319,0,136833,155898,5974741,3343824,3343824,28997730,13,0,1,6.4,8.4,57.1,57.2,114.3,50.0,11.5,88.5,1.22,15893,108,83.13,12.05,0.0,0.0,0.09,0.23,1.47,52.0,0,6.1,0,0,0.0000,200000.0,5974741,5974741,656,0,2630917,5974740,5974740,5973583,5973583,2629759,0,0
1787618352,1073743368,1304236032,1073741824,22529115,0,137383,156240,5990263,3359340,3359340,29153969,13,0,4,5.8,8.1,51.0,63.0,114.0,51.0,11.5,88.5,1.21,15845,108,77.32,12.05,0.0,0.0,0.08,0.23,1.37,47.0,0,5.7,0,0,0.0000,200000.0,5990263,5990263,656,0,2630923,5990262,5990262,5989102,5989102,2629759,0,0
1787618353,1073746832,1304838144,1073741824,22650216,0,137244,156548,6005729,3374815,3374815,29310516,13,5,3,6.0,8.1,42.0,72.0,114.0,49.0,11.5,88.5,1.22,15802,108,77.05,12.05,0.0,0.0,0.08,0.23,1.36,41.0,2,5.7,0,0,0.0000,199998.0,6005734,6005734,656,3280,2630914,6005728,6005728,6004576,6004576,2629759,0,0
1787618354,1073743712,1305362432,1073741824,22770887,0,136727,156004,6021259,3390344,3390344,29466519,14,0,0,6.1,8.7,47.0,67.0,114.0,49.0,11.5,88.5,1.22,15817,108,77.23,12.05,0.0,0.0,0.09,0.24,1.38,47.0,0,5.7,0,0,0.0000,200000.0,6021259,6021259,656,0,2630915,6021258,6021258,6020102,6020102,2629759,0,0
1787618356,1073743168,1300996096,1073741824,22891890,0,136932,156327,6036660,3405741,3405741,29622845,14,0,3,5.6,8.9,48.0,66.1,114.1,25.0,11.5,88.5,1.21,7841,55,38.29,6.03,0.0,0.5,0.09,0.23,0.68,25.5,0,5.7,0,0,0.0000,200000.0,6036660,6036660,656,0,2630919,6036659,6036659,6035502,6035502,2629759,0,0
1787618357,1073743904,1294991360,1073741824,23012755,0,136879,156026,6052298,3421377,3421377,29778870,14,0,2,5.7,8.6,44.1,70.1,114.2,50.0,11.5,88.5,1.21,15925,99,77.73,11.04,0.0,0.0,0.09,0.23,1.38,46.0,4,5.7,0,0,0.0000,200000.0,6052298,6052298,656,0,2630921,6052297,6052297,6051137,6051137,2629759,0,0
1787618358,1073743384,1302069248,1073741824,23134033,0,136518,156621,6068137,3437225,3437225,29935490,14,0,0,6.0,8.5,49.8,64.8,114.6,51.0,11.5,88.5,1.21,16143,108,78.79,12.05,0.0,0.0,0.08,0.23,1.38,51.0,0,5.7,0,0,0.0000,200000.0,6068137,6068137,656,0,2630912,6068136,6068136,6066983,6066983,2629759,0,0
1787618359,1073744312,1296281600,1073741824,23254794,0,137007,156241,6083829,3452909,3452909,30091730,14,0,7,5.3,9.2,46.1,68.1,114.2,50.0,11.5,88.5,1.21,16035,117,83.70,13.05,1.0,0.0,0.09,0.23,1.46,49.0,0,6.1,0,0,0.0000,200000.0,6083829,6083829,656,0,2630920,6083828,6083828,6082674,6082674,2629759,0,0
1787618360,1073745872,1298055168,1073741824,23376145,0,137006,156934,6099633,3468717,3468717,30248663,14,0,5,6.3,7.9,49.1,65.1,114.2,52.0,11.5,88.5,1.21,16152,110,78.59,12.06,0.0,1.0,0.09,0.23,1.41,43.0,1,5.7,0,0,0.0000,200000.0,6099633,6099633,656,0,2630916,6099632,6099632,6098480,6098480,2629759,0,0
1787618361,1073742760,1298198528,1073741824,23498436,0,137711,157986,6115592,3484677,3484677,30406648,14,0,2,5.7,8.1,43.9,70.9,114.8,51.0,11.5,88.5,1.21,16277,108,79.73,12.05,0.0,0.0,0.09,0.23,1.45,40.0,4,5.7,0,0,0.0000,199998.5,6115592,6115592,656,0,2630915,6115591,6115591,6114437,6114437,2629759,0,0
1787618363,1073743392,1298853888,1073741824,23620783,0,137726,157946,6131269,3500366,3500366,30564593,14,0,1,6.6,7.6,51.9,62.9,114.8,50.0,11.5,88.5,1.21,16007,108,78.10,12.05,0.0,0.0,0.08,0.23,1.39,56.0,0,5.7,0,0,0.0000,200000.0,6131269,6131269,656,0,2630903,6131268,6131268,6130125,6130125,2629759,0,0
1787618364,1073743416,1293692928,1073741824,23741656,0,137356,156505,6146858,3515954,3515954,30721097,14,0,1,5.7,8.6,47.2,67.2,114.4,25.0,11.4,88.6,1.20,7925,54,38.74,6.02,0.0,0.0,0.08,0.24,0.68,24.5,0,5.7,0,0,0.0000,200000.0,6146858,6146858,656,0,2630904,6146857,6146857,6145713,6145713,2629759,0,0
1787618365,1073743216,1294077952,1073741824,23862371,0,136944,156386,6162611,3531700,3531700,30877482,14,0,3,6.0,9.3,47.7,66.6,114.3,51.0,11.4,88.6,1.21,16065,110,78.80,12.06,0.0,1.0,0.09,0.23,1.41,53.0,0,5.8,0,0,0.0000,200000.0,6162611,6162611,656,0,2630911,6162610,6162610,6161461,6161461,2629759,0,0
1787618366,1073743312,1294733312,1073741824,23984075,0,137756,157311,6178229,3547322,3547322,31034792,14,0,2,5.2,8.3,41.1,73.1,114.2,50.0,11.4,88.6,1.21,15908,90,77.61,10.04,0.0,0.0,0.08,0.23,1.37,45.0,2,5.6,0,0,0.0000,199998.6,6178229,6178229,656,0,2630907,6178228,6178228,6177082,6177082,2629759,0,0
1787618367,1073744632,1289797632,1073741824,24105262,0,137549,156761,6193850,3562941,3562941,31191552,14,0,6,6.0,8.3,46.3,68.3,114.6,51.0,11.4,88.6,1.20,15973,126,83.95,14.05,0.0,0.0,0.09,0.23,1.48,53.0,5,6.2,0,0,0.0000,200000.0,6193850,6193850,656,0,2630909,6193849,6193849,6192705,6192705,2629759,0,0
1787618368,1073742280,1290321920,1073741824,24225658,0,137140,155718,6209418,3578517,3578517,31347269,14,0,5,5.2,8.6,41.6,72.5,114.1,49.0,11.4,88.6,1.20,15899,108,77.48,12.05,0.0,0.0,0.09,0.24,1.38,45.0,0,5.7,0,0,0.0000,200000.0,6209418,6209418,656,0,2630901,6209417,6209417,6208280,6208280,2629759,0,0
1787618369,1073743888,1290846208,1073741824,24346519,0,136848,156383,6225196,3594302,3594302,31503651,14,0,1,5.9,8.2,56.1,58.2,114.3,50.0,11.4,88.6,1.20,16102,108,78.66,12.05,0.0,0.0,0.09,0.23,1.41,47.0,0,5.7,0,0,0.0000,200000.0,6225196,6225196,656,0,2630894,6225195,6225195,6224061,6224061,2629759,0,0
1787618371,1073744448,1291370496,1073741824,24467298,0,136817,156248,6240941,3610046,3610046,31659898,14,0,3,5.5,9.4,47.1,67.1,114.2,49.0,11.4,88.6,1.20,16044,110,78.59,12.06,0.0,1.0,0.09,0.23,1.40,48.0,0,5.7,0,0,0.0000,200000.0,6240941,6240941,656,0,2630895,6240940,6240940,6239807,6239807,2629759,0,0
1787618372,1073743784,1286041600,1073741824,24587921,0,136647,156012,6256639,3625747,3625747,31815909,14,0,1,5.8,8.4,48.1,66.2,114.3,25.5,11.4,88.6,1.20,8005,54,39.20,6.02,0.0,0.0,0.09,0.23,0.69,22.0,0,5.7,0,0,0.0000,200000.0,6256639,6256639,656,0,2630892,6256638,6256638,6255506,6255506,2629759,0,0
1787618373,1073743584,1286299648,1073741824,24709176,0,136893,156707,6272216,3641318,3641318,31972615,14,0,4,5.2,7.9,47.6,66.6,114.2,49.0,11.4,88.6,1.20,15898,99,77.73,11.04,0.0,0.0,0.08,0.23,1.37,42.0,0,5.7,0,0,0.0000,200000.0,6272216,6272216,656,0,2630898,6272215,6272215,6271080,6271080,2629759,0,0
1787618374,1073743712,1286955008,1073741824,24829363,0,136166,155203,6287687,3656797,3656797,32127817,14,0,1,5.1,9.2,45.1,69.1,114.2,50.0,11.4,88.6,1.20,15778,99,77.20,11.04,0.0,0.0,0.08,0.23,1.36,44.0,0,5.7,0,0,0.0000,200000.0,6287687,6287687,656,0,2630890,6287686,6287686,6286556,6286556,2629759,0,0
1787618375,1073743320,1281912832,1073741824,24950221,0,136296,156189,6303266,3672372,3672372,32284005,14,0,1,6.1,8.7,48.1,66.1,114.2,51.0,11.4,88.6,1.19,15931,128,83.85,14.07,0.0,1.0,0.09,0.23,1.50,52.0,0,6.2,0,0,0.0000,199999.8,6303266,6303266,656,0,2630894,6303265,6303265,6302131,6302131,2629759,0,0
1787618376,1073743760,1282568192,1073741824,25071683,0,137241,156934,6318855,3687958,3687958,32440938,14,0,1,6.1,8.5,47.1,67.1,114.2,49.0,11.4,88.6,1.19,15854,108,77.89,12.05,0.0,0.0,0.09,0.23,1.40,43.0,5,5.8,0,0,0.0000,200000.0,6318855,6318855,656,0,2630897,6318854,6318854,6317717,6317717,2629759,0,0
1787618377,1073742216,1282838528,1073741824,25193144,0,137653,157237,6334542,3703630,3703630,32598174,14,0,4,6.1,8.6,48.1,66.1,114.2,50.0,11.4,88.6,1.19,16023,108,78.29,12.05,0.0,0.0,0.09,0.23,1.40,49.0,3,5.7,0,0,0.0000,199999.9,6334542,6334542,656,0,2630912,6334541,6334541,6333392,6333392,2629759,0,0
1787618379,1073741944,1278652416,1073741824,25314382,0,137211,156881,6350143,3719238,3719238,32755054,14,0,6,6.2,8.3,50.7,63.7,114.4,50.0,11.4,88.6,1.19,15958,108,78.39,12.05,0.0,0.0,0.09,0.23,1.40,55.0,2,5.8,0,0,0.0000,200000.0,6350143,6350143,656,0,2630905,6350142,6350142,6349002,6349002,2629759,0,0
1787618380,1073745776,1279045632,1073741824,25435146,0,137218,156268,6365797,3734890,3734890,32911321,14,3,1,5.1,9.1,39.1,75.1,114.2,25.5,11.3,88.7,1.19,7955,49,39.07,5.52,0.0,0.0,0.09,0.24,0.70,23.0,4,5.7,0,0,0.0000,199999.3,6365800,6365797,656,0,2630907,6365796,6365796,6364649,6364649,2629759,0,0
1787618381,1073743656,1279700992,1073741824,25556285,0,137063,156920,6381384,3750479,3750479,33068240,14,0,2,6.0,8.5,47.2,67.3,114.5,50.0,11.3,88.7,1.19,15914,101,78.20,11.05,0.0,1.0,0.09,0.23,1.39,44.0,0,5.7,0,0,0.0000,200000.0,6381384,6381384,656,0,2630905,6381383,6381383,6380239,6380239,2629759,0,0
1787618382,1073743992,1280094208,1073741824,25677764,0,137347,157423,6396957,3766051,3766051,33225662,14,0,4,5.8,8.6,41.8,72.7,114.5,50.0,11.3,88.7,1.19,15903,108,77.75,12.05,0.0,0.0,0.09,0.23,1.40,36.0,2,5.7,0,0,0.0000,199999.0,6396957,6396957,656,0,2630906,6396956,6396956,6395813,6395813,2629759,0,0
1787618383,1073743744,1276059648,1073741824,25798980,0,137429,157089,6412518,3781605,3781605,33382750,14,0,3,5.7,7.6,44.1,70.2,114.3,50.0,11.3,88.7,1.19,15923,126,84.21,14.05,0.0,0.0,0.09,0.23,1.50,38.0,0,6.3,0,0,0.0000,199999.8,6412518,6412518,656,0,2630913,6412517,6412517,6411366,6411366,2629759,0,0
1787618384,1073742200,1276317696,1073741824,25918905,0,136855,155433,6428097,3797195,3797195,33538182,15,0,1,6.1,8.6,47.1,67.1,114.2,50.0,11.3,88.7,1.19,15912,108,78.23,12.05,0.0,0.0,0.09,0.23,1.39,46.0,1,5.8,0,0,0.0000,200000.0,6428097,6428097,656,0,2630902,6428096,6428096,6426954,6426954,2629759,0,0
1787618385,1073743320,1276710912,1073741824,26039416,0,136525,155973,6443717,3812808,3812808,33694154,15,0,4,6.0,8.5,48.7,65.6,114.3,50.0,11.3,88.7,1.19,15909,110,77.95,12.06,0.0,1.0,0.09,0.23,1.40,42.0,3,5.8,0,0,0.0000,200000.0,6443717,6443717,656,0,2630909,6443716,6443716,6442570,6442570,2629759,0,0
1787618387,1073743272,1273118720,1073741824,26160695,0,137181,156990,6459394,3828490,3828490,33851143,15,0,2,5.4,8.9,46.1,68.1,114.2,50.0,11.3,88.7,1.19,15980,108,78.44,12.05,0.0,0.0,0.08,0.24,1.38,56.0,1,5.8,0,0,0.0000,200000.0,6459394,6459394,656,0,2630904,6459393,6459393,6458250,6458250,2629759,0,0
1787618388,1073746240,1273511936,1073741824,26281304,0,137077,155930,6474780,3843875,3843875,34007072,15,4,2,6.4,7.9,47.1,67.1,114.2,25.0,11.3,88.7,1.19,7835,45,38.62,5.02,0.0,0.0,0.09,0.23,0.68,21.5,0,5.7,0,0,0.0000,199998.0,6474784,6474784,656,2624,2630905,6474779,6474779,6473635,6473635,2629759,0,0
1787618389,1073745224,1273786368,1073741824,26402646,0,137179,156799,6490538,3859630,3859630,34163870,15,3,3,6.1,8.2,52.1,62.1,114.2,49.0,11.3,88.7,1.19,16068,108,78.86,12.05,0.0,0.0,0.08,0.23,1.38,51.0,0,5.8,0,0,0.0000,199997.8,6490541,6490541,656,1968,2630908,6490537,6490537,6489391,6489391,2629759,0,0
1787618390,1073743624,1270435840,1073741824,26523951,0,137259,156764,6506207,3875298,3875298,34320633,15,0,2,7.0,7.4,46.6,67.6,114.2,52.0,11.3,88.7,1.18,15949,108,78.23,12.05,0.0,0.0,0.09,0.23,1.40,42.0,1,5.8,0,0,0.0000,200000.0,6506207,6506207,656,0,2630909,6506206,6506206,6505058,6505058,2629759,0,0
1787618391,1073743552,1270743040,1073741824,26644815,0,136136,156183,6521898,3890977,3890977,34476815,15,0,4,5.7,8.7,45.3,69.4,114.7,50.0,11.3,88.7,1.18,16053,137,85.06,15.07,0.0,1.0,0.09,0.23,1.54,47.0,0,6.3,0,0,0.0000,199997.8,6521898,6521898,656,0,2630921,6521897,6521897,6520739,6520739,2629759,0,0
1787618392,1073742976,1271136256,1073741824,26766434,0,137047,157182,6537702,3906791,3906791,34633996,15,0,2,6.2,9.0,49.1,65.1,114.2,50.0,11.3,88.7,1.18,16116,108,79.22,12.05,0.0,0.0,0.09,0.23,1.41,53.0,0,5.8,0,0,0.0000,200000.0,6537702,6537702,656,0,2630911,6537701,6537701,6536551,6536551,2629759,0,0
1787618393,1073743560,1271701504,1073741824,26887358,0,137048,156260,6553257,3922345,3922345,34790255,15,0,0,5.6,7.9,44.6,69.6,114.2,50.0,11.3,88.7,1.18,15868,108,77.80,12.05,0.0,0.0,0.08,0.23,1.37,42.0,2,5.8,0,0,0.0000,200000.0,6553257,6553257,656,0,2630912,6553256,6553256,6552103,6552103,2629759,0,0
1787618395,1073744384,1265139712,1073741824,27009255,0,137516,157464,6569080,3938158,3938158,34947718,15,1,1,6.5,7.7,51.2,63.3,114.5,51.0,11.3,88.7,1.18,16148,90,79.42,10.04,0.0,0.0,0.09,0.23,1.41,50.0,1,5.6,0,0,0.0000,200000.0,6569081,6569080,656,0,2630922,6569079,6569079,6567917,6567917,2629759,0,0
1787618396,1073743832,1272348672,1073741824,27130853,0,137205,156952,6584945,3954032,3954032,35104669,15,0,1,6.8,7.7,54.8,59.8,114.6,25.0,11.3,88.7,1.18,8089,55,39.60,6.03,0.0,0.5,0.09,0.23,0.72,24.5,5,5.7,0,0,0.0000,200000.0,6584945,6584945,656,0,2630913,6584944,6584944,6583791,6583791,2629759,0,0
1787618397,1073743632,1265868800,1073741824,27252866,0,137191,157466,6600736,3969813,3969813,35262134,15,0,2,5.3,9.0,47.3,67.3,114.6,51.0,11.3,88.7,1.18,16149,117,79.22,13.05,0.0,0.0,0.09,0.24,1.42,40.0,0,5.8,0,0,0.0000,200000.0,6600736,6600736,656,0,2630923,6600735,6600735,6599573,6599573,2629759,0,0
1787618398,1073744360,1266196480,1073741824,27375397,0,137799,158241,6616409,3985498,3985498,35420374,15,1,1,5.4,8.3,45.8,68.8,114.6,50.0,11.3,88.7,1.18,15978,108,78.79,12.05,0.0,0.0,0.09,0.23,1.39,43.0,0,5.8,0,0,0.0000,199999.7,6616410,6616410,656,656,2630911,6616408,6616408,6615257,6615257,2629759,0,0
1787618399,1073744680,1266626560,1073741824,27497124,0,137807,157218,6632178,4001268,4001268,35577591,15,1,2,6.7,7.7,53.2,61.3,114.5,51.0,11.2,88.8,1.18,16115,126,85.38,14.05,0.0,0.0,0.09,0.23,1.50,51.0,0,6.3,0,0,0.0000,199999.2,6632179,6632179,656,656,2630910,6632177,6632177,6631028,6631028,2629759,0,0
1787618400,1073744632,1267019776,1073741824,27618445,0,137237,156565,6647638,4016731,4016731,35734155,15,0,4,5.9,7.9,49.7,64.7,114.4,50.0,11.2,88.8,1.18,15784,110,77.83,12.06,0.0,1.0,0.09,0.24,1.39,47.0,0,5.8,0,0,0.0000,200000.0,6647638,6647638,656,0,2630907,6647637,6647637,6646493,6646493,2629759,0,0
1787618401,1073744720,1267412992,1073741824,27739920,0,137565,156766,6663272,4032375,4032375,35890920,15,1,2,6.4,8.3,51.0,63.0,114.0,49.0,11.2,88.8,1.18,15940,90,78.44,10.04,0.0,0.0,0.09,0.23,1.39,60.0,0,5.7,0,0,0.0000,200000.0,6663273,6663273,656,656,2630897,6663271,6663271,6662135,6662135,2629759,0,0
1787618403,1073742936,1267806208,1073741824,27862057,0,137917,157730,6678889,4047985,4047985,36048649,15,0,2,6.3,7.8,55.1,59.2,114.3,25.0,11.2,88.8,1.18,15943,117,78.24,13.05,0.0,0.0,0.09,0.23,1.40,51.0,0,5.8,0,0,0.0000,200000.0,6678889,6678889,656,0,2630904,6678888,6678888,6677745,6677745,2629759,0,0
1787618404,1073743344,1268199424,1073741824,27984086,0,138083,157549,6694692,4063782,4063782,36206197,15,0,1,5.6,8.4,52.1,62.1,114.2,50.0,11.2,88.8,1.18,8014,54,39.37,6.02,0.0,0.0,0.09,0.23,0.71,23.0,0,5.8,0,0,0.0000,200000.0,6694692,6694692,656,0,2630910,6694691,6694691,6693541,6693541,2629759,0,0
1787618405,1073743056,1261342720,1073741824,28106166,0,138220,157504,6710272,4079363,4079363,36363700,15,0,7,6.0,7.9,51.6,62.5,114.1,50.0,11.2,88.8,1.17,15944,108,78.79,12.05,0.0,0.0,0.09,0.23,1.41,48.0,0,5.8,0,0,0.0000,200000.0,6710272,6710272,656,0,2630909,6710271,6710271,6709128,6709128,2629759,0,0
1787618406,1073742824,1262260224,1073741824,28227937,0,138009,157213,6726068,4095153,4095153,36520912,15,0,6,5.8,8.0,55.1,59.1,114.2,51.0,11.2,88.8,1.18,16054,110,78.95,12.06,0.0,1.0,0.09,0.23,1.45,50.0,1,5.8,0,0,0.0000,200000.0,6726068,6726068,656,0,2630915,6726067,6726067,6724917,6724917,2629759,0,0
1787618407,1073744152,1255538688,1073741824,28350191,0,138002,157850,6741827,4110926,4110926,36678761,15,0,2,5.6,9.1,43.2,71.2,114.4,51.0,11.2,88.8,1.17,16142,126,86.00,14.05,0.0,0.0,0.09,0.23,1.50,47.0,2,6.3,0,0,0.0000,200000.0,6741827,6741827,656,0,2630901,6741826,6741826,6740686,6740686,2629759,0,0
1787618408,1073743632,1262878720,1073741824,28471500,0,137488,156593,6757659,4126757,4126757,36835353,15,0,1,5.9,7.8,49.0,65.0,114.0,50.0,11.2,88.8,1.18,16107,99,79.32,11.04,0.0,0.0,0.09,0.23,1.42,43.0,0,5.7,0,0,0.0000,200000.0,6757659,6757659,656,0,2630902,6757658,6757658,6756516,6756516,2629759,0,0
1787618409,1073743480,1263194112,1073741824,28593009,0,137426,156897,6773450,4142547,4142547,36992249,15,0,2,5.7,8.4,48.1,66.1,114.2,50.0,11.2,88.8,1.18,16154,108,79.57,12.05,0.0,0.0,0.09,0.24,1.47,50.0,0,5.8,0,0,0.0000,200000.0,6773450,6773450,656,0,2630903,6773449,6773449,6772307,6772307,2629759,0,0
1787618411,1073743424,1263587328,1073741824,28714042,0,136959,156260,6789252,4158359,4158359,37148508,15,0,1,5.9,8.2,51.6,62.6,114.2,25.0,11.2,88.8,1.18,16105,119,79.19,13.06,0.0,1.0,0.09,0.23,1.42,47.0,0,5.8,0,0,0.0000,199999.7,6789252,6789252,656,0,2630893,6789251,6789251,6788118,6788118,2629759,0,0
1787618412,1073743992,1263980544,1073741824,28836136,0,137419,157616,6804823,4173928,4173928,37306123,15,0,1,5.3,8.7,40.1,74.1,114.2,49.0,11.2,88.8,1.18,7943,54,39.22,6.02,0.0,0.0,0.09,0.23,0.70,22.5,0,5.8,0,0,0.0000,200000.0,6804823,6804823,656,0,2630895,6804822,6804822,6803687,6803687,2629759,0,0
1787618413,1073743304,1257353216,1073741824,28958112,0,137716,157407,6820478,4189586,4189586,37463529,16,0,2,5.9,8.4,50.2,64.2,114.4,51.0,11.2,88.8,1.17,15979,108,78.74,12.05,0.0,0.0,0.09,0.23,1.41,50.0,0,5.8,0,0,0.0000,200000.0,6820478,6820478,656,0,2630892,6820477,6820477,6819346,6819346,2629759,0,0
1787618414,1073743896,1257877504,1073741824,29080155,0,137983,157483,6836083,4205191,4205191,37621011,16,0,1,5.9,8.3,45.0,69.1,114.1,50.0,11.2,88.8,1.17,15871,108,78.20,12.05,0.0,0.0,0.09,0.23,1.39,51.0,4,5.8,0,0,0.0000,200000.0,6836083,6836083,656,0,2630892,6836082,6836082,6834950,6834950,2629759,0,0
1787618415,1073742816,1258139648,1073741824,29202352,0,138151,157681,6851599,4220698,4220698,37778691,16,0,2,5.9,8.1,53.6,60.6,114.2,52.0,11.2,88.8,1.17,15874,110,85.24,12.06,0.0,1.0,0.09,0.23,1.51,47.0,2,6.2,0,0,0.0000,199999.4,6851599,6851599,656,0,2630901,6851598,6851598,6850458,6850458,2629759,0,0
1787618416,1073743528,1258532864,1073741824,29324215,0,137580,157256,6867248,4236353,4236353,37935946,16,0,2,5.6,8.6,47.3,67.4,114.7,49.0,11.2,88.8,1.17,15979,108,78.60,12.05,0.0,0.0,0.09,0.23,1.40,46.0,0,5.8,0,0,0.0000,200000.0,6867248,6867248,656,0,2630895,6867247,6867247,6866113,6866113,2629759,0,0
1787618417,1073743832,1258795008,1073741824,29446160,0,137495,157378,6882966,4252067,4252067,38093323,16,0,0,5.6,8.8,45.9,68.9,114.8,49.0,11.2,88.8,1.17,16027,117,79.27,13.05,0.0,0.0,0.09,0.23,1.42,47.0,0,5.9,0,0,0.0000,200000.0,6882966,6882966,656,0,2630899,6882965,6882965,6881825,6881825,2629759,0,0
1787618419,1073745320,1251631104,1073741824,29569118,0,138600,158711,6898570,4267673,4267673,38252033,16,3,1,6.2,8.3,51.8,62.7,114.5,25.0,11.2,88.8,1.17,15901,108,78.19,12.05,0.0,0.0,0.09,0.23,1.41,55.0,0,5.8,0,0,0.0000,199998.7,6898573,6898573,656,1968,2630897,6898569,6898569,6897432,6897432,2629759,0,0
1787618420,1073742256,1259233280,1073741824,29691456,0,138343,157933,6914195,4283293,4283293,38409965,16,0,5,6.0,7.9,47.2,67.2,114.4,50.0,11.2,88.8,1.17,7984,54,39.46,6.02,0.0,0.0,0.09,0.23,0.69,20.5,0,5.8,0,0,0.0000,200000.0,6914195,6914195,656,0,2630902,6914194,6914194,6913056,6913056,2629759,0,0
1787618421,1073743528,1259495424,1073741824,29813271,0,138093,157315,6930105,4299198,4299198,38567279,16,0,3,6.2,7.6,55.1,59.2,114.3,50.0,11.1,88.9,1.17,16198,119,79.81,13.06,0.0,1.0,0.09,0.24,1.43,48.0,0,5.8,0,0,0.0000,200000.0,6930105,6930105,656,0,2630907,6930104,6930104,6928959,6928959,2629759,0,0
1787618422,1073743608,1259757568,1073741824,29934535,0,137571,156504,6945773,4314872,4314872,38723782,17,0,2,6.4,7.5,47.6,66.6,114.2,50.0,11.1,88.9,1.17,15985,99,78.38,11.04,0.0,0.0,0.09,0.23,1.41,44.0,0,5.7,0,0,0.0000,199999.9,6945773,6945773,656,0,2630901,6945772,6945772,6944632,6944632,2629759,0,0
1787618423,1073743824,1252868096,1073741824,30054556,0,135933,155174,6961297,4330387,4330387,38878955,17,0,5,5.2,8.8,38.2,76.3,114.5,51.0,11.1,88.9,1.17,15878,117,85.23,13.05,0.0,0.0,0.09,0.23,1.51,49.0,0,6.3,0,0,0.0000,200000.0,6961297,6961297,656,0,2630910,6961296,6961296,6960150,6960150,2629759,0,0
1787618424,1073748120,1253199872,1073741824,30174461,0,136091,155008,6976715,4345800,4345800,39033962,17,5,3,6.3,7.5,57.1,57.1,114.2,50.0,11.1,88.9,1.17,15683,108,77.24,12.05,0.0,0.0,0.09,0.23,1.41,42.0,0,5.8,0,0,0.0000,199998.1,6976720,6976720,656,3280,2630915,6976714,6976714,6975561,6975561,2629759,0,0
1787618425,1073743592,1253552128,1073741824,30293958,0,135735,154411,6992114,4361197,4361197,39188372,17,0,4,5.9,9.4,40.1,74.1,114.2,50.0,11.1,88.9,1.17,15694,110,77.67,12.06,0.0,1.0,0.09,0.23,1.37,49.0,2,5.8,0,0,0.0000,199999.6,6992114,6992114,656,0,2630917,6992113,6992113,6990959,6990959,2629759,0,0
1787618427,1073743288,1246502912,1073741824,30413970,0,135847,155147,7007704,4376787,4376787,39343518,17,0,3,5.6,8.0,44.6,69.5,114.1,25.0,11.1,88.9,1.16,15930,117,78.70,13.05,0.0,0.0,0.09,0.23,1.44,44.0,0,5.9,0,0,0.0000,199999.8,7007704,7007704,656,0,2630917,7007703,7007703,7006548,7006548,2629759,0,0
1787618428,1073742656,1246863360,1073741824,30534343,0,136135,155354,7022943,4392029,4392029,39498871,17,0,5,6.2,7.7,54.1,60.1,114.2,48.0,11.1,88.9,1.16,7768,54,38.46,6.02,0.5,0.0,0.09,0.24,0.68,23.0,2,5.8,0,0,0.0000,200000.0,7022943,7022943,656,0,2630914,7022942,7022942,7021792,7021792,2629759,0,0
1787618429,1073743128,1247084544,1073741824,30655129,0,136628,156034,7038261,4407348,4407348,39654904,17,0,4,6.5,7.6,53.1,61.1,114.2,50.0,11.1,88.9,1.16,15641,90,77.64,10.04,0.0,0.0,0.09,0.23,1.36,52.0,0,5.7,0,0,0.0000,200000.0,7038261,7038261,656,0,2630913,7038260,7038260,7037110,7037110,2629759,0,0
1787618430,1073743520,1247506432,1073741824,30774157,0,135574,154119,7053771,4422864,4422864,39809022,17,0,0,5.5,9.1,47.1,67.1,114.2,51.0,11.1,88.9,1.16,15821,108,78.45,12.05,0.0,0.0,0.09,0.23,1.42,51.0,0,5.8,0,0,0.0000,200000.0,7053771,7053771,656,0,2630907,7053770,7053770,7052622,7052622,2629759,0,0
1787618431,1073743416,1248006144,1073741824,30893240,0,135019,154225,7069400,4438490,4438490,39963246,18,0,2,6.5,8.2,49.1,65.1,114.2,51.0,11.1,88.9,1.16,16026,128,86.05,14.07,0.0,1.0,0.09,0.23,1.48,50.0,0,6.3,0,0,0.0000,200000.0,7069400,7069400,656,0,2630910,7069399,7069399,7068250,7068250,2629759,0,0
1787618432,1073744208,1248256000,1073741824,31013178,0,135630,155214,7084809,4453903,4453903,40118459,18,0,3,5.6,8.3,42.7,71.6,114.3,50.0,11.1,88.9,1.16,15688,117,77.98,13.05,0.0,0.0,0.09,0.23,1.45,40.0,3,5.9,0,0,0.0000,200000.0,7084809,7084809,656,0,2630906,7084808,7084808,7083664,7083664,2629759,0,0
1787618433,1073743552,1241935872,1073741824,31132409,0,135188,154235,7100542,4469623,4469623,40272693,18,0,1,6.2,7.6,54.2,60.3,114.5,49.0,11.1,88.9,1.16,16059,108,79.63,12.05,0.0,0.0,0.09,0.23,1.41,57.0,0,5.8,0,0,0.0000,199999.9,7100542,7100542,656,0,2630919,7100541,7100541,7099382,7099382,2629759,0,0
1787618435,1073745080,1242189824,1073741824,31252160,0,135278,154804,7115947,4485031,4485031,40427496,18,0,2,6.2,7.8,46.8,67.7,114.5,24.5,11.1,88.9,1.16,15689,108,77.61,12.05,0.0,0.0,0.09,0.23,1.41,42.0,0,5.8,0,0,0.0000,200000.0,7115947,7115947,656,0,2630916,7115946,7115946,7114791,7114791,2629759,0,0
1787618436,1073743536,1242451968,1073741824,31372085,0,135517,155095,7131529,4500612,4500612,40582590,18,0,2,6.0,8.1,50.2,64.3,114.5,51.0,11.1,88.9,1.16,7947,46,39.41,5.03,0.0,0.5,0.09,0.24,0.71,26.5,0,5.7,0,0,0.0000,200000.0,7131529,7131529,656,0,2630917,7131528,7131528,7130372,7130372,2629759,0,0
1787618437,1073742808,1242710016,1073741824,31492215,0,136013,155423,7147088,4516179,4516179,40738012,19,0,0,5.7,8.6,49.8,64.7,114.5,49.0,11.1,88.9,1.16,15864,108,78.32,12.05,0.0,0.0,0.09,0.23,1.39,50.0,2,5.8,0,0,0.0000,200000.0,7147088,7147088,656,0,2630909,7147087,7147087,7145937,7145937,2629759,0,0
1787618438,1073744960,1242923008,1073741824,31611090,0,135418,153693,7162542,4531634,4531634,40891704,19,0,4,6.1,7.8,50.0,64.0,114.0,50.0,11.1,88.9,1.16,15753,117,78.27,13.05,0.0,0.0,0.09,0.23,1.38,44.0,0,5.9,0,0,0.0000,200000.0,7162542,7162542,656,0,2630908,7162541,7162541,7161396,7161396,2629759,0,0
1787618439,1073743208,1243095040,1073741824,31731011,0,135533,155058,7178108,4547205,4547205,41046761,19,0,3,6.3,8.3,48.1,66.2,114.3,50.0,11.1,88.9,1.16,15988,126,85.94,14.05,0.0,0.0,0.09,0.23,1.49,48.0,0,6.4,0,0,0.0000,199999.7,7178108,7178108,656,0,2630903,7178107,7178107,7176966,7176966,2629759,0,0
1787618440,1073741680,1243365376,1073741824,31850150,0,135379,153997,7193592,4562687,4562687,41200757,19,0,4,5.8,8.3,44.1,70.1,114.2,49.0,11.1,88.9,1.16,15758,119,77.79,13.06,0.0,1.0,0.09,0.24,1.38,46.0,0,5.9,0,0,0.0000,200000.0,7193592,7193592,656,0,2630905,7193591,7193591,7192449,7192449,2629759,0,0
1787618441,1073743504,1243512832,1073741824,31968937,0,134383,153634,7209247,4578345,4578345,41354390,19,0,4,6.0,8.1,55.9,58.8,114.7,50.0,11.1,88.9,1.16,15982,99,79.10,11.04,0.0,0.0,0.09,0.23,1.39,48.0,2,5.7,0,0,0.0000,199999.8,7209247,7209247,656,0,2630902,7209246,7209246,7208107,7208107,2629759,0,0
1787618443,1073743144,1236606976,1073741824,32088320,0,134860,154411,7224957,4594050,4594050,41508800,19,0,6,5.3,9.4,39.8,74.7,114.5,25.5,11.1,88.9,1.15,16034,99,79.45,11.04,0.0,0.0,0.09,0.23,1.43,43.0,0,5.7,0,0,0.0000,200000.0,7224957,7224957,656,0,2630907,7224956,7224956,7223814,7223814,2629759,0,0
1787618444,1073744376,1236934656,1073741824,32208329,0,135743,155194,7240441,4609534,4609534,41663993,19,0,1,4.9,8.9,41.1,73.1,114.2,51.0,11.1,88.9,1.15,7884,54,38.99,6.02,0.0,0.0,0.09,0.23,0.69,24.0,2,5.8,0,0,0.0000,200000.0,7240441,7240441,656,0,2630907,7240440,7240440,7239293,7239293,2629759,0,0
1787618445,1073743336,1237045248,1073741824,32329643,0,137373,157001,7255945,4625036,4625036,41820993,20,0,1,5.5,9.9,46.1,68.1,114.2,48.0,11.1,88.9,1.15,15812,108,78.24,12.05,0.0,0.0,0.09,0.23,1.39,55.0,0,5.8,0,0,0.0000,200000.0,7255945,7255945,656,0,2630909,7255944,7255944,7254795,7254795,2629759,0,0
1787618446,1073743728,1242652672,1073741824,32450860,0,137258,156915,7271658,4640745,4640745,41977907,20,0,1,5.4,9.4,49.1,65.2,114.3,50.0,11.1,88.9,1.16,16044,113,79.37,12.55,0.0,1.0,0.09,0.28,1.41,49.0,0,5.8,0,0,0.0000,200000.0,7271658,7271658,656,0,2630913,7271657,7271657,7270504,7270504,2629759,0,0
1787618447,1073744712,1242624000,1073741824,32571642,0,136926,156346,7287273,4656371,4656371,42134252,20,1,3,5.6,8.5,45.7,68.6,114.3,51.0,11.1,88.9,1.16,16001,135,86.35,15.06,0.0,0.0,0.10,0.23,1.58,49.0,0,6.4,0,0,0.0000,200000.0,7287274,7287274,656,656,2630902,7287272,7287272,7286132,7286132,2629759,0,0
1787618448,1073744520,1242656768,1073741824,32692432,0,136597,156361,7303035,4672132,4672132,42290612,20,1,1,5.5,8.6,45.1,69.2,114.3,50.0,11.0,89.0,1.16,16083,99,79.53,11.04,0.0,0.0,0.09,0.23,1.44,54.0,9,5.7,0,0,0.0000,200000.0,7303036,7303035,656,0,2630903,7303034,7303034,7301891,7301891,2629759,0,0
1787618449,1073744688,1242664960,1073741824,32813543,0,137128,156788,7318687,4687793,4687793,42447399,20,2,1,6.0,9.0,52.1,62.2,114.3,50.0,11.0,89.0,1.16,15974,108,79.38,12.05,0.0,0.0,0.09,0.24,1.42,52.0,5,5.8,0,0,0.0000,200000.0,7318689,7318689,656,1312,2630894,7318686,7318686,7317552,7317552,2629759,0,0
1787618451,1073745160,1242755072,1073741824,32934322,0,137057,156277,7334311,4703416,4703416,42603675,20,2,1,5.4,8.7,48.0,66.0,114.0,25.0,11.0,89.0,1.16,15934,110,79.20,12.06,0.0,1.0,0.09,0.23,1.46,42.0,1,5.8,0,0,0.0000,199999.0,7334313,7334313,656,1312,2630895,7334310,7334310,7333175,7333175,2629759,0,0
1787618452,1073743704,1242755072,1073741824,33056212,0,137845,157802,7350096,4719198,4719198,42761476,20,0,3,6.5,8.0,55.7,58.7,114.4,51.0,11.0,89.0,1.16,8085,54,40.10,6.02,0.0,0.0,0.09,0.23,0.73,22.0,4,5.8,0,0,0.0000,200000.0,7350096,7350096,656,0,2630898,7350095,7350095,7348959,7348959,2629759,0,0
1787618453,1073744200,1235812352,1073741824,33177855,0,137642,157526,7365967,4735067,4735067,42919001,21,1,2,6.0,8.0,42.3,72.4,114.7,51.0,11.0,89.0,1.15,16190,117,80.24,13.05,0.0,0.0,0.09,0.23,1.53,54.0,0,5.9,0,0,0.0000,199999.8,7365968,7365968,656,656,2630900,7365966,7365966,7364827,7364827,2629759,0,0
1787618454,1073744240,1234784256,1073741824,33299558,0,137925,157552,7381494,4750594,4750594,43076552,21,0,2,6.1,8.1,49.7,64.7,114.4,49.0,11.0,89.0,1.15,15818,108,78.93,12.05,0.0,0.0,0.09,0.23,1.45,54.0,0,5.8,0,0,0.0000,200000.0,7381494,7381494,656,0,2630900,7381493,7381493,7380354,7380354,2629759,0,0
1787618455,1073743552,1235173376,1073741824,33420981,0,137519,156987,7397211,4766312,4766312,43233538,21,0,5,6.5,8.5,46.1,68.1,114.2,51.0,11.0,89.0,1.15,16075,119,86.98,13.06,0.0,1.0,0.09,0.24,1.50,50.0,2,6.3,0,0,0.0000,200000.0,7397211,7397211,656,0,2630899,7397210,7397210,7396075,7396075,2629759,0,0
1787618456,1073746840,1235419136,1073741824,33541791,0,136961,156084,7412840,4781949,4781949,43389621,21,5,3,6.2,8.1,52.2,62.2,114.4,50.0,11.0,89.0,1.15,15968,108,78.96,12.05,0.0,0.0,0.09,0.23,1.40,46.0,2,5.8,0,0,0.0000,199997.4,7412845,7412845,656,3280,2630891,7412839,7412839,7411710,7411710,2629759,0,0
1787618457,1073742216,1235472384,1073741824,33663126,0,137193,156797,7428556,4797660,4797660,43546417,21,0,4,6.1,7.8,49.6,64.5,114.1,50.0,11.0,89.0,1.15,16021,117,79.04,13.05,0.0,0.0,0.09,0.23,1.41,46.0,0,5.8,0,0,0.0000,199998.8,7428556,7428556,656,0,2630896,7428555,7428555,7427422,7427422,2629759,0,0
1787618459,1073743744,1235517440,1073741824,33783920,0,137015,156004,7443945,4813042,4813042,43702420,21,0,3,5.2,8.4,41.1,73.1,114.2,25.0,11.0,89.0,1.15,15695,108,78.24,12.05,0.0,0.0,0.09,0.23,1.38,48.0,2,5.9,0,0,0.0000,200000.0,7443945,7443945,656,0,2630903,7443944,7443944,7442803,7442803,2629759,0,0
1787618460,1073744176,1235685376,1073741824,33905076,0,137332,156616,7459525,4828628,4828628,43859035,21,0,4,6.1,7.7,62.0,52.0,114.0,49.0,11.0,89.0,1.15,7946,54,39.48,6.02,0.0,0.0,0.09,0.24,0.70,21.0,0,5.8,0,0,0.0000,199999.9,7459525,7459525,656,0,2630897,7459524,7459524,7458390,7458390,2629759,0,0
1787618461,1073744448,1235791872,1073741824,34026368,0,137162,156804,7475161,4844262,4844262,44015838,21,0,3,5.6,8.8,40.1,74.1,114.2,50.0,11.0,89.0,1.15,15948,119,79.46,13.06,0.0,1.0,0.09,0.23,1.40,32.0,4,5.9,0,0,0.0000,200000.0,7475161,7475161,656,0,2630899,7475160,7475160,7474023,7474023,2629759,0,0
1787618462,1073757880,1235972096,1073741824,34172008,0,136991,156171,7490639,4859868,4859868,44172008,21,7,0,5.8,9.2,41.5,71.4,112.9,60.0,11.0,89.0,1.15,15950,90,79.28,10.04,0.0,0.0,0.09,0.23,1.38,54.0,2,5.7,0,0,0.0001,199983.6,7490646,7490646,656,4592,2630771,7490638,7490638,7489626,7489626,2629759,0,0
1787618463,1073755976,1228668928,1073741824,34327627,0,136702,155620,7506165,4875394,4875394,44327627,21,6,0,5.4,9.5,45.2,67.2,112.4,64.0,11.0,89.0,1.14,15823,126,86.11,14.05,0.0,0.0,0.09,0.23,1.47,56.0,5,6.4,0,0,0.0001,199984.7,7506171,7506170,656,3280,2630771,7506164,7506164,7505152,7505152,2629759,0,0
1787618464,1073742992,1228668928,1073741824,34479627,0,134375,152001,7521275,4890493,4890493,44479627,21,0,1,6.2,8.8,48.0,63.8,111.8,63.0,11.0,89.0,1.14,15398,117,76.91,13.05,0.0,0.0,0.08,0.24,1.33,59.0,1,5.9,0,0,0.0000,200000.0,7521275,7521275,656,0,2630782,7521274,7521274,7520252,7520252,2629759,0,0
1787618465,1073753560,1228668928,1073741824,34631599,0,133391,151973,7536455,4905686,4905686,44631599,21,1,0,5.8,8.5,41.9,69.8,111.7,62.0,11.0,89.0,1.14,15472,110,77.28,12.06,0.0,1.0,0.08,0.23,1.34,58.0,3,5.9,0,0,0.0001,199983.3,7536456,7536455,656,0,2630769,7536454,7536454,7535444,7535444,2629759,0,0
1787618467,1073755432,1228668928,1073741824,34784164,0,133718,152566,7551600,4920837,4920837,44784164,21,4,0,6.7,8.1,51.5,60.4,111.9,31.5,11.0,89.0,1.14,15495,108,77.30,12.05,0.0,0.0,0.08,0.23,1.34,57.0,1,5.9,0,0,0.0001,199989.8,7551604,7551600,656,0,2630763,7551599,7551599,7550595,7550595,2629759,0,0
1787618468,1073742600,1228734464,1073741824,34936701,0,133625,152538,7566912,4936130,4936130,44936701,21,0,2,6.5,8.8,55.1,57.1,112.2,62.0,11.0,89.0,1.14,7799,45,38.63,5.02,0.0,0.0,0.08,0.23,0.67,33.0,1,5.7,0,0,0.0000,200000.0,7566912,7566912,656,0,2630782,7566911,7566911,7565890,7565890,2629759,0,0
1787618469,1073754792,1228734464,1073741824,35089144,0,133622,152444,7582249,4951483,4951483,45089144,21,8,1,6.3,8.7,47.5,64.6,112.1,63.0,11.0,89.0,1.14,15630,108,77.77,12.05,0.0,0.0,0.09,0.23,1.36,64.0,2,5.8,0,0,0.0000,199991.1,7582257,7582257,656,5248,2630766,7582248,7582248,7581242,7581242,2629759,0,0
1787618470,1073759752,1228734464,1073741824,35240952,0,133531,151809,7597391,4966630,4966630,45240952,21,6,1,6.0,8.5,44.7,67.0,111.7,62.0,11.0,89.0,1.14,15453,108,77.11,12.05,0.0,0.0,0.09,0.24,1.34,54.0,0,5.9,0,0,0.0001,199985.1,7597397,7597397,656,3936,2630761,7597390,7597390,7596389,7596389,2629759,0,0
1787618471,1073749176,1228734464,1073741824,35392727,0,133201,151776,7612416,4981647,4981647,45392727,21,1,2,5.7,8.7,44.4,67.5,111.9,63.0,11.0,89.0,1.14,15395,119,84.39,13.06,0.0,1.0,0.09,0.23,1.45,44.0,0,6.4,0,0,0.0001,199985.9,7612417,7612417,656,656,2630769,7612415,7612415,7611407,7611407,2629759,0,0
1787618472,1073756096,1228734464,1073741824,35545200,0,133601,152474,7627587,4996827,4996827,45545200,21,6,0,6.4,8.5,44.7,66.9,111.6,63.0,11.0,89.0,1.14,15472,117,77.14,13.05,0.0,0.0,0.09,0.23,1.41,65.0,2,5.9,0,0,0.0001,199989.1,7627593,7627589,656,1312,2630760,7627586,7627586,7626585,7626585,2629759,0,0
1787618473,1073751240,1221292032,1073741824,35697715,0,133931,152516,7642796,5012033,5012033,45697715,21,1,2,6.4,8.0,54.4,57.2,111.6,62.0,11.0,89.0,1.14,15512,108,77.21,12.05,0.0,0.0,0.09,0.23,1.34,53.0,1,5.9,0,0,0.0001,199982.7,7642797,7642797,656,656,2630763,7642795,7642795,7641793,7641793,2629759,0,0
1787618474,1073756072,1221292032,1073741824,35852209,0,135359,154495,7658143,5027383,5027383,45852209,21,5,1,5.3,9.2,43.5,68.4,111.9,63.0,11.0,89.0,1.14,15659,99,77.98,11.04,0.0,0.0,0.09,0.23,1.41,51.0,0,5.8,0,0,0.0001,199981.8,7658148,7658148,656,3280,2630760,7658142,7658142,7657142,7657142,2629759,0,0
1787618476,1073752144,1221292032,1073741824,36001415,0,132507,149207,7672928,5042163,5042163,46001415,21,4,0,5.5,8.1,42.6,68.6,111.2,31.0,11.0,89.0,1.14,7529,55,37.63,6.03,0.0,0.5,0.09,0.23,0.68,26.5,0,5.9,0,0,0.0001,199984.1,7672932,7672928,656,0,2630765,7672927,7672927,7671921,7671921,2629759,0,0
1787618477,1073754984,1221292032,1073741824,36150116,0,130814,148702,7687870,5057109,5057109,46150116,21,4,0,5.1,9.5,43.4,67.5,110.9,61.0,11.0,89.0,1.14,15222,108,76.09,12.05,0.0,0.0,0.09,0.24,1.33,59.0,0,5.9,0,0,0.0000,199990.3,7687874,7687870,656,0,2630761,7687869,7687869,7686867,7686867,2629759,0,0
1787618478,1073743912,1221292032,1073741824,36299359,0,130958,149244,7702664,5071888,5071888,46299359,21,0,3,5.7,8.6,38.7,72.6,111.3,62.0,11.0,89.0,1.14,15090,90,75.07,10.04,0.0,0.0,0.09,0.22,1.36,64.0,0,5.7,0,0,0.0000,200000.0,7702664,7702664,656,0,2630776,7702663,7702663,7701649,7701649,2629759,0,0
1787618479,1073754784,1221292032,1073741824,36448755,0,130960,149397,7717531,5086771,5086771,46448755,21,1,1,6.0,8.7,51.4,59.6,111.0,63.0,11.0,89.0,1.14,15218,126,83.46,14.05,0.0,0.0,0.10,0.24,1.49,52.0,0,6.5,0,0,0.0001,199985.9,7717532,7717532,656,656,2630760,7717530,7717530,7716530,7716530,2629759,0,0
1787618480,1073754568,1221423104,1073741824,36598175,0,131142,149421,7732426,5101671,5101671,46598175,21,2,0,7.0,8.4,54.5,56.4,110.9,62.0,10.9,89.1,1.14,15182,110,76.17,12.06,0.0,1.0,0.09,0.23,1.32,69.0,5,5.9,0,0,0.0001,199984.8,7732428,7732426,656,0,2630755,7732425,7732425,7731429,7731429,2629759,0,0
1787618481,1073741272,1221558272,1073741824,36747278,0,130905,149104,7747278,5116498,5116498,46747278,21,0,2,6.0,8.3,50.3,60.7,111.0,63.0,10.9,89.1,1.14,15130,108,75.58,12.05,0.0,0.0,0.09,0.23,1.39,61.0,0,5.9,0,0,0.0000,200000.0,7747278,7747278,656,0,2630780,7747277,7747277,7746258,7746258,2629759,0,0
1787618482,1073755768,1215340544,1073741824,36899102,0,132319,151825,7762419,5131654,5131654,46899102,21,1,2,6.3,7.9,45.5,66.3,111.8,63.0,10.9,89.1,1.13,15492,108,77.23,12.05,0.0,0.0,0.09,0.24,1.35,59.0,3,5.9,0,0,0.0000,200000.0,7762420,7762420,656,656,2630765,7762418,7762418,7761414,7761414,2629759,0,0
1787618484,1073759056,1215479808,1073741824,37054225,0,135624,155124,7777854,5147098,5147098,47054225,21,8,0,6.4,9.1,48.1,64.4,112.5,31.5,10.9,89.1,1.13,7852,49,39.17,5.52,0.0,0.0,0.09,0.23,0.71,30.5,0,5.8,0,0,0.0001,199986.8,7777862,7777862,656,5248,2630756,7777853,7777853,7776856,7776856,2629759,0,0
1787618485,1073754632,1215582208,1073741824,37209173,0,135530,154949,7793058,5162301,5162301,47209173,21,2,0,6.3,9.4,41.6,70.9,112.5,63.0,10.9,89.1,1.13,15521,108,77.42,12.05,0.0,0.0,0.09,0.23,1.34,68.0,2,5.9,0,0,0.0001,199982.5,7793060,7793058,656,0,2630757,7793057,7793057,7792059,7792059,2629759,0,0
1787618486,1073760952,1215709184,1073741824,37363460,0,135232,154288,7808413,5177667,5177667,47363460,21,7,0,5.5,8.5,33.1,79.1,112.2,64.0,10.9,89.1,1.13,15644,119,78.10,13.06,0.0,1.0,0.09,0.23,1.36,64.0,4,5.9,0,0,0.0001,199984.9,7808420,7808420,656,4592,2630746,7808412,7808412,7807425,7807425,2629759,0,0
1787618487,1073757952,1215565824,1073741824,37517515,0,135100,154056,7823751,5193000,5193000,47517515,21,5,0,6.0,8.3,38.4,73.3,111.7,65.0,10.9,89.1,1.13,15656,99,81.18,11.04,0.0,0.0,0.09,0.24,1.37,59.0,25,6.0,0,0,0.0001,199987.4,7823756,7823751,656,0,2630751,7823750,7823750,7822758,7822758,2629759,0,0
1787618488,1073747248,1215799296,1073741824,37671498,0,135238,153984,7838878,5208111,5208111,47671498,21,2,0,5.9,8.9,43.4,68.3,111.7,64.0,10.9,89.1,1.13,15472,126,81.97,14.05,0.0,0.0,0.09,0.22,1.44,55.0,1,6.3,0,0,0.0000,199991.6,7838880,7838878,656,0,2630767,7838877,7838877,7837869,7837869,2629759,0,0
1787618489,1073753200,1215954944,1073741824,37825769,0,135344,154272,7854282,5223526,5223526,47825769,21,1,0,5.4,8.7,42.5,69.4,111.9,65.0,10.9,89.1,1.13,15693,108,78.38,12.05,0.0,0.0,0.09,0.23,1.37,53.0,3,5.9,0,0,0.0001,199984.3,7854283,7854282,656,0,2630756,7854281,7854281,7853284,7853284,2629759,0,0
1787618490,1073751728,1214844928,1073741824,37979769,0,135423,154001,7869380,5238627,5238627,47979769,21,1,0,5.2,9.3,36.3,75.4,111.7,65.0,10.9,89.1,1.13,15371,110,76.99,12.06,0.0,1.0,0.09,0.23,1.34,62.0,2,5.9,0,0,0.0001,199985.1,7869381,7869380,656,0,2630753,7869379,7869379,7868385,7868385,2629759,0,0
1787618492,1073752720,1214992384,1073741824,38133805,0,135479,154037,7884592,5253838,5253838,48133805,21,1,1,6.6,9.3,56.0,56.0,112.0,32.0,10.9,89.1,1.13,7759,54,38.80,6.02,0.0,0.0,0.09,0.23,0.67,37.5,2,5.9,0,0,0.0001,199982.4,7884593,7884593,656,656,2630754,7884591,7884591,7883597,7883597,2629759,0,0
1787618493,1073748392,1209708544,1073741824,38287951,0,135404,154147,7899962,5269204,5269204,48287951,21,1,1,5.2,9.3,35.6,76.5,112.1,64.0,10.9,89.1,1.13,15719,108,78.30,12.05,0.0,0.0,0.08,0.23,1.36,63.0,0,5.8,0,0,0.0000,199991.9,7899963,7899963,656,656,2630758,7899961,7899961,7898963,7898963,2629759,0,0
1787618494,1073751424,1210032128,1073741824,38438081,0,133106,150131,7914980,5284231,5284231,48438081,21,1,1,6.2,9.3,50.1,61.1,111.2,65.0,10.9,89.1,1.13,15306,108,76.71,12.05,0.0,0.0,0.09,0.23,1.33,64.0,2,5.9,0,0,0.0001,199983.8,7914981,7914981,656,656,2630749,7914979,7914979,7913990,7913990,2629759,0,0
1787618495,1073758272,1210191872,1073741824,38588112,0,131608,150032,7929918,5299174,5299174,48588112,21,5,1,5.9,9.1,47.1,64.1,111.2,65.0,10.9,89.1,1.13,15255,108,76.59,12.05,0.0,0.0,0.09,0.23,1.38,63.0,0,5.9,0,0,0.0001,199987.4,7929923,7929920,656,1312,2630744,7929917,7929917,7928933,7928933,2629759,0,0
1787618496,1073755144,1210454016,1073741824,38738884,0,132139,150773,7944931,5314181,5314181,48738884,21,3,1,5.6,8.4,44.8,66.5,111.3,63.0,10.9,89.1,1.13,15388,128,84.48,14.07,0.0,1.0,0.10,0.23,1.50,52.0,1,6.5,0,0,0.0001,199986.5,7944934,7944931,656,0,2630750,7944930,7944930,7943940,7943940,2629759,0,0
1787618497,1073753888,1210560512,1073741824,38889537,0,132274,150654,7960104,5329358,5329358,48889537,21,2,0,6.2,8.3,43.7,67.7,111.4,65.0,10.9,89.1,1.13,15503,108,77.77,12.05,0.0,0.0,0.09,0.24,1.35,62.0,2,5.9,0,0,0.0000,200000.0,7960106,7960104,656,0,2630746,7960103,7960103,7959116,7959116,2629759,0,0
1787618498,1073748544,1210683392,1073741824,39040208,0,132283,150672,7974912,5344163,5344163,49040208,22,4,1,6.1,8.1,44.7,66.6,111.3,63.0,10.9,89.1,1.13,15086,99,75.61,11.04,0.0,0.0,0.09,0.23,1.36,55.0,0,5.8,0,0,0.0000,199996.4,7974916,7974912,656,0,2630749,7974911,7974911,7973922,7973922,2629759,0,0
1787618500,1073761144,1208479744,1073741824,39190468,0,132150,150261,7989669,5358942,5358942,49190468,22,7,0,6.0,8.6,50.9,60.1,111.0,31.5,10.9,89.1,1.13,7533,54,37.92,6.02,0.0,0.0,0.09,0.23,0.66,31.0,1,5.9,0,0,0.0001,199985.1,7989676,7989676,656,4592,2630727,7989668,7989668,7988700,7988700,2629759,0,0
1787618501,1073760448,1210683392,1073741824,39341277,0,132547,150810,8004770,5374041,5374041,49341277,22,6,0,5.9,8.8,41.2,70.2,111.4,64.0,10.9,89.1,1.13,15421,110,77.11,12.06,0.0,1.0,0.09,0.23,1.42,65.0,5,5.9,0,0,0.0000,199998.3,8004776,8004776,656,3936,2630729,8004769,8004769,8003799,8003799,2629759,0,0
1787618502,1073753152,1210859520,1073741824,39492214,0,132625,150938,8019724,5388992,5388992,49492214,22,1,1,6.2,9.0,41.1,70.2,111.3,64.0,10.9,89.1,1.13,15228,108,76.41,12.05,0.0,0.0,0.09,0.24,1.33,61.0,2,5.9,0,0,0.0001,199982.7,8019725,8019725,656,656,2630732,8019723,8019723,8018751,8018751,2629759,0,0
1787618503,1073753216,1208819712,1073741824,39643224,0,132403,151011,8034604,5403866,5403866,49643224,22,1,1,5.6,9.1,42.1,69.2,111.3,64.0,10.9,89.1,1.13,15189,99,76.31,11.04,0.0,0.0,0.09,0.22,1.38,60.0,1,5.9,0,0,0.0001,199983.4,8034605,8034605,656,656,2630738,8034603,8034603,8033625,8033625,2629759,0,0
1787618504,1073752848,1217318912,1073741824,39794255,0,132445,151032,8049500,5418764,5418764,49794255,22,3,0,6.2,8.2,44.8,66.7,111.5,65.0,10.9,89.1,1.13,15253,135,83.91,15.06,0.0,0.0,0.10,0.24,1.50,61.0,2,6.6,0,0,0.0000,200000.0,8049503,8049500,656,0,2630736,8049499,8049499,8048522,8048522,2629759,0,0
1787618505,1073751528,1209176064,1073741824,39946634,0,133356,152380,8064576,5433839,5433839,49946634,22,1,1,6.1,8.4,51.8,60.0,111.8,63.0,10.9,89.1,1.13,15378,110,76.85,12.06,0.0,1.0,0.09,0.23,1.34,58.0,0,5.9,0,0,0.0001,199984.5,8064577,8064577,656,656,2630737,8064575,8064575,8063598,8063598,2629759,0,0
